anime_id,genre
52991,Adventure
52991,Drama
52991,Fantasy
5114,Action
5114,Adventure
5114,Drama
5114,Fantasy
9253,Drama
9253,Sci-Fi
9253,Suspense
38524,Action
38524,Drama
38524,Suspense
28977,Action
28977,Comedy
28977,Sci-Fi
60022,Action
60022,Adventure
60022,Fantasy
39486,Action
39486,Comedy
39486,Drama
39486,Sci-Fi
11061,Action
11061,Adventure
11061,Fantasy
9969,Action
9969,Comedy
9969,Sci-Fi
15417,Action
15417,Comedy
15417,Sci-Fi
820,Drama
820,Sci-Fi
41467,Action
41467,Adventure
41467,Supernatural
34096,Action
34096,Comedy
34096,Sci-Fi
43608,Comedy
43608,Romance
42938,Drama
42938,Romance
42938,Supernatural
4181,Drama
4181,Romance
918,Action
918,Comedy
918,Sci-Fi
28851,Award Winning
28851,Drama
2904,Action
2904,Award Winning
2904,Drama
2904,Sci-Fi
35180,Drama
15335,Action
15335,Comedy
15335,Sci-Fi
19,Drama
19,Mystery
19,Suspense
58514,Drama
58514,Mystery
37491,Action
37491,Comedy
37491,Sci-Fi
54492,Drama
54492,Mystery
51535,Action
51535,Drama
51535,Suspense
35247,Comedy
35247,Mystery
35247,Supernatural
37987,Award Winning
37987,Drama
40682,Action
32281,Award Winning
32281,Drama
59571,Action
59571,Drama
59571,Suspense
49387,Action
49387,Adventure
49387,Drama
36838,Action
36838,Comedy
36838,Sci-Fi
55255,Drama
55255,Sci-Fi
55255,Suspense
37510,Action
37510,Comedy
37510,Supernatural
31758,Action
31758,Mystery
31758,Supernatural
40028,Action
40028,Drama
40028,Suspense
263,Sports
32935,Sports
37521,Action
37521,Adventure
37521,Drama
199,Adventure
199,Award Winning
199,Fantasy
17074,Comedy
17074,Mystery
17074,Romance
17074,Supernatural
48583,Action
48583,Drama
48583,Suspense
2921,Drama
2921,Sports
47917,Comedy
51009,Action
51009,Supernatural
1,Action
1,Award Winning
1,Sci-Fi
55690,Comedy
55690,Romance
52198,Comedy
52198,Drama
52198,Romance
50160,Action
21,Action
21,Adventure
21,Fantasy
58567,Action
58567,Adventure
58567,Fantasy
53223,Action
24701,Adventure
24701,Mystery
24701,Slice of Life
24701,Supernatural
45649,Award Winning
45649,Sports
44074,Drama
44074,Mystery
44074,Suspense
48569,Action
48569,Drama
48569,Sci-Fi
47778,Action
47778,Supernatural
52215,Drama
39894,Drama
50172,Action
50172,Comedy
50172,Supernatural
53998,Action
53998,Adventure
53998,Supernatural
33095,Drama
1575,Action
1575,Award Winning
1575,Drama
1575,Sci-Fi
44,Action
44,Drama
44,Romance
21939,Adventure
21939,Mystery
21939,Slice of Life
21939,Supernatural
33352,Drama
245,Comedy
40434,Action
40434,Adventure
40434,Drama
40434,Fantasy
40434,Mystery
57864,Comedy
57864,Mystery
57864,Supernatural
56784,Action
56784,Adventure
56784,Supernatural
5258,Sports
431,Adventure
431,Award Winning
431,Drama
431,Fantasy
431,Romance
164,Action
164,Adventure
164,Award Winning
164,Fantasy
33050,Action
33050,Fantasy
49413,Drama
49413,Mystery
49413,Suspense
457,Adventure
457,Mystery
457,Slice of Life
457,Supernatural
50399,Action
50399,Adventure
50399,Drama
50399,Fantasy
58125,Drama
2001,Action
2001,Adventure
2001,Award Winning
2001,Sci-Fi
46102,Award Winning
46102,Drama
46102,Mystery
46102,Suspense
23273,Drama
23273,Romance
34599,Adventure
34599,Drama
34599,Fantasy
34599,Mystery
34599,Sci-Fi
11665,Slice of Life
11665,Supernatural
45576,Adventure
45576,Drama
45576,Fantasy
45576,Ecchi
35760,Action
35760,Drama
35760,Suspense
54898,Action
54898,Mystery
40591,Comedy
40591,Romance
22135,Award Winning
22135,Drama
22135,Sports
1535,Supernatural
1535,Suspense
28891,Sports
52742,Sports
34591,Slice of Life
34591,Supernatural
42310,Action
42310,Sci-Fi
19647,Sports
36862,Adventure
36862,Drama
36862,Fantasy
36862,Mystery
36862,Sci-Fi
41084,Adventure
41084,Drama
41084,Fantasy
41084,Mystery
41084,Sci-Fi
52701,Adventure
52701,Comedy
52701,Fantasy
52701,Gourmet
33,Action
33,Adventure
33,Drama
33,Fantasy
33,Horror
4565,Action
4565,Sci-Fi
38329,Drama
38329,Romance
38329,Supernatural
7311,Award Winning
7311,Mystery
7311,Sci-Fi
7311,Supernatural
3786,Action
3786,Award Winning
3786,Drama
3786,Sci-Fi
3786,Suspense
37991,Action
37991,Adventure
28957,Adventure
28957,Mystery
28957,Slice of Life
28957,Supernatural
55823,Slice of Life
55823,Supernatural
55791,Drama
52034,Award Winning
52034,Drama
49701,Action
49701,Fantasy
32983,Slice of Life
32983,Supernatural
31757,Action
31757,Mystery
31757,Supernatural
12355,Award Winning
12355,Slice of Life
12355,Supernatural
10379,Slice of Life
10379,Supernatural
16498,Action
16498,Award Winning
16498,Drama
16498,Suspense
877,Drama
877,Romance
32,Action
32,Avant Garde
32,Drama
32,Sci-Fi
32,Suspense
40456,Action
40456,Supernatural
28735,Drama
36098,Drama
36098,Romance
7785,Award Winning
7785,Comedy
7785,Mystery
7785,Romance
7785,Suspense
437,Avant Garde
437,Award Winning
437,Drama
437,Horror
437,Suspense
170,Sports
40776,Sports
40748,Action
40748,Award Winning
40748,Supernatural
53447,Action
30484,Drama
30484,Sci-Fi
30484,Suspense
11741,Action
11741,Fantasy
25777,Action
25777,Drama
25777,Suspense
5300,Slice of Life
5300,Supernatural
578,Drama
40417,Drama
40417,Romance
40417,Supernatural
53273,Action
53273,Adventure
21329,Adventure
21329,Mystery
21329,Slice of Life
21329,Supernatural
35843,Action
35843,Comedy
35843,Sci-Fi
7472,Action
7472,Comedy
7472,Sci-Fi
12365,Comedy
12365,Drama
12365,Romance
205,Action
205,Adventure
205,Comedy
57647,Sports
35839,Adventure
35839,Comedy
35839,Drama
4282,Action
4282,Drama
4282,Fantasy
4282,Mystery
4282,Romance
4282,Suspense
801,Action
801,Mystery
801,Sci-Fi
57334,Action
57334,Comedy
57334,Supernatural
38474,Slice of Life
31933,Action
31933,Adventure
40664,Drama
11981,Award Winning
11981,Drama
11981,Suspense
32182,Action
32182,Comedy
32182,Supernatural
30276,Action
30276,Comedy
44070,Action
44070,Adventure
44070,Drama
44070,Fantasy
40834,Adventure
40834,Fantasy
37779,Mystery
37779,Suspense
12431,Comedy
56538,Drama
56538,Romance
33049,Action
33049,Fantasy
30654,Action
30654,Comedy
3297,Sci-Fi
3297,Slice of Life
47194,Mystery
47194,Supernatural
47194,Suspense
10165,Comedy
60544,Action
60544,Comedy
60544,Drama
60544,Fantasy
54857,Drama
54857,Fantasy
54857,Suspense
38450,Action
38450,Adventure
38450,Drama
38450,Fantasy
38450,Mystery
37208,Action
37208,Adventure
37208,Drama
37208,Fantasy
37208,Mystery
6114,Drama
6114,Suspense
44087,Action
44087,Comedy
392,Action
392,Supernatural
50265,Action
50265,Award Winning
50265,Comedy
37379,Drama
37379,Sports
35737,Action
35737,Mystery
35737,Sci-Fi
35737,Suspense
31181,Comedy
31181,Mystery
31181,Supernatural
11577,Drama
11577,Sci-Fi
36649,Action
36649,Adventure
36649,Drama
36649,Suspense
44511,Action
44511,Fantasy
51039,Action
51039,Adventure
51039,Fantasy
60988,Action
60988,Adventure
60988,Drama
60988,Fantasy
26055,Action
26055,Adventure
37105,Comedy
20583,Sports
36999,Comedy
36999,Mystery
36999,Supernatural
49722,Romance
50330,Action
50330,Mystery
136,Action
136,Adventure
136,Fantasy
38000,Action
38000,Award Winning
38000,Supernatural
40059,Action
40059,Adventure
55888,Adventure
55888,Drama
55888,Fantasy
55888,Ecchi
24687,Adventure
24687,Mystery
24687,Slice of Life
24687,Supernatural
36538,Slice of Life
36538,Supernatural
42203,Drama
42203,Fantasy
42203,Suspense
38889,Drama
21899,Action
21899,Comedy
21899,Sci-Fi
467,Action
467,Award Winning
467,Mystery
467,Sci-Fi
39741,Drama
45556,Action
45556,Adventure
45556,Comedy
45556,Drama
45556,Mystery
58222,Boys Love
58222,Drama
33255,Comedy
34612,Comedy
25781,Action
40730,Action
40730,Adventure
40730,Drama
40730,Fantasy
2246,Horror
2246,Mystery
2246,Supernatural
2246,Suspense
36885,Comedy
36885,Romance
38040,Adventure
38040,Comedy
38040,Fantasy
53236,Action
53236,Fantasy
36275,Slice of Life
36275,Supernatural
48561,Action
48561,Supernatural
30709,Comedy
30709,Romance
30709,Supernatural
37999,Comedy
37999,Romance
35851,Drama
35851,Fantasy
4921,Adventure
35557,Action
35557,Drama
35557,Fantasy
35557,Mystery
5028,Sports
56523,Action
56523,Adventure
56523,Fantasy
56523,Sci-Fi
56524,Action
56524,Adventure
56524,Fantasy
56524,Sci-Fi
55318,Drama
55318,Sports
55102,Drama
37515,Adventure
37515,Drama
37515,Fantasy
37515,Mystery
37515,Sci-Fi
37965,Drama
37965,Sports
46095,Action
46095,Sci-Fi
46095,Suspense
40787,Drama
40787,Romance
9756,Award Winning
9756,Drama
9756,Suspense
49721,Comedy
49721,Romance
32366,Comedy
5,Action
5,Sci-Fi
38475,Slice of Life
53672,Drama
5205,Action
5205,Fantasy
5205,Mystery
5205,Romance
5205,Suspense
5941,Drama
5941,Romance
5941,Sports
31646,Drama
11979,Drama
11979,Suspense
49310,Drama
49310,Romance
38883,Sports
14397,Drama
14397,Sports
22789,Slice of Life
9260,Action
9260,Mystery
9260,Supernatural
6945,Action
6945,Comedy
6945,Sci-Fi
39808,Slice of Life
30,Action
30,Avant Garde
30,Award Winning
30,Drama
30,Sci-Fi
30,Suspense
59636,Drama
59636,Sports
55809,Action
55809,Adventure
55809,Fantasy
53540,Action
53540,Mystery
9617,Award Winning
9617,Comedy
39547,Comedy
39547,Romance
49458,Adventure
49458,Comedy
49458,Fantasy
572,Adventure
572,Award Winning
572,Drama
572,Fantasy
2251,Action
2251,Mystery
2251,Supernatural
338,Drama
338,Romance
185,Action
185,Drama
39535,Adventure
39535,Drama
39535,Fantasy
39535,Ecchi
37095,Drama
49926,Action
49926,Supernatural
39551,Action
39551,Comedy
39551,Fantasy
37822,Action
37822,Adventure
37822,Fantasy
37822,Supernatural
41025,Adventure
41025,Drama
41025,Supernatural
46654,Drama
50407,Action
50407,Fantasy
50407,Supernatural
777,Action
777,Horror
777,Supernatural
54870,Drama
54870,Romance
54870,Supernatural
39587,Drama
39587,Fantasy
39587,Suspense
2402,Drama
2402,Sports
31988,Drama
41457,Action
41457,Drama
41457,Sci-Fi
13601,Action
13601,Mystery
13601,Sci-Fi
13601,Suspense
10030,Comedy
10030,Drama
10030,Romance
20651,Slice of Life
20651,Supernatural
55644,Adventure
55644,Comedy
55644,Sci-Fi
10937,Action
10937,Sci-Fi
28701,Action
28701,Fantasy
5040,Sports
5040,Suspense
5081,Mystery
5081,Romance
5081,Supernatural
22535,Action
22535,Horror
22535,Sci-Fi
22535,Suspense
10162,Slice of Life
42886,Drama
42886,Sci-Fi
56752,Drama
55357,Comedy
51805,Drama
51805,Sci-Fi
34534,Slice of Life
34534,Supernatural
12029,Action
12029,Drama
12029,Sci-Fi
7655,Sports
2559,Adventure
2559,Drama
42984,Fantasy
34240,Sci-Fi
49571,Action
49571,Adventure
49571,Fantasy
49571,Sci-Fi
137,Action
137,Adventure
137,Fantasy
1210,Comedy
1210,Drama
1210,Romance
1210,Suspense
51440,Boys Love
17389,Action
5341,Adventure
5341,Drama
5341,Romance
5341,Supernatural
40211,Adventure
40211,Drama
40211,Fantasy
4081,Slice of Life
4081,Supernatural
30230,Sports
3784,Action
3784,Drama
3784,Sci-Fi
3784,Suspense
6594,Action
6594,Adventure
6594,Romance
31043,Mystery
31043,Suspense
39533,Boys Love
39533,Drama
10534,Adventure
10534,Comedy
10534,Fantasy
41487,Action
41487,Comedy
41487,Fantasy
54595,Action
54595,Comedy
54595,Fantasy
10863,Comedy
10863,Sci-Fi
6675,Action
6675,Sci-Fi
5420,Drama
5420,Fantasy
24415,Sports
22507,Action
22507,Drama
12531,Drama
12531,Romance
1365,Adventure
1365,Mystery
57,Drama
9989,Drama
9989,Supernatural
58572,Action
58572,Adventure
58572,Fantasy
52588,Action
52588,Fantasy
52588,Sci-Fi
11917,Sports
36371,Drama
36371,Sci-Fi
759,Award Winning
759,Comedy
759,Drama
486,Adventure
486,Drama
486,Fantasy
9735,Action
9735,Comedy
9735,Sci-Fi
45,Action
45,Comedy
45,Romance
1735,Action
1735,Adventure
1735,Fantasy
43325,Mystery
43325,Suspense
38731,Sports
19363,Comedy
34798,Slice of Life
30346,Boys Love
25835,Award Winning
25835,Comedy
25835,Drama
10087,Action
10087,Fantasy
2150,Adventure
2150,Fantasy
2150,Slice of Life
43,Action
43,Award Winning
43,Mystery
43,Sci-Fi
43,Suspense
10408,Award Winning
10408,Drama
10408,Romance
10408,Supernatural
38826,Award Winning
38826,Drama
38826,Romance
38826,Supernatural
59228,Action
59228,Mystery
59228,Supernatural
52299,Action
52299,Adventure
52299,Fantasy
32188,Sci-Fi
32188,Suspense
23327,Comedy
23327,Sci-Fi
44412,Action
44412,Adventure
44412,Fantasy
44412,Romance
44412,Supernatural
3002,Suspense
2685,Action
2685,Adventure
2685,Drama
2685,Fantasy
2685,Romance
513,Adventure
513,Award Winning
513,Fantasy
38691,Adventure
38691,Comedy
38691,Sci-Fi
50594,Adventure
50594,Supernatural
57067,Action
57067,Adventure
57067,Fantasy
53111,Action
53111,Adventure
53111,Fantasy
35111,Sports
37520,Action
37520,Adventure
37520,Fantasy
13125,Drama
13125,Fantasy
13125,Horror
13125,Mystery
13125,Sci-Fi
13125,Suspense
2418,Action
2418,Adventure
44940,Action
44940,Sci-Fi
1698,Comedy
1698,Romance
32937,Adventure
32937,Comedy
32937,Fantasy
48316,Action
48316,Comedy
48316,Fantasy
523,Adventure
523,Award Winning
523,Supernatural
329,Award Winning
329,Drama
329,Romance
329,Sci-Fi
264,Sports
139,Action
139,Adventure
139,Fantasy
57592,Adventure
57592,Comedy
57592,Sci-Fi
54959,Drama
37989,Action
37989,Adventure
10271,Suspense
36990,Slice of Life
1033,Action
1033,Adventure
1033,Award Winning
1033,Drama
1033,Fantasy
1033,Romance
31812,Action
31812,Mystery
31812,Supernatural
265,Sports
34036,Adventure
34036,Comedy
34036,Mystery
31240,Drama
31240,Fantasy
31240,Suspense
54029,Action
54029,Adventure
54029,Comedy
54029,Drama
54029,Mystery
52578,Comedy
52578,Romance
37055,Action
37055,Fantasy
25681,Comedy
25681,Romance
25681,Supernatural
28805,Fantasy
33051,Action
33051,Drama
33051,Sci-Fi
11843,Comedy
37450,Drama
37450,Romance
37450,Supernatural
47794,Suspense
512,Adventure
512,Award Winning
512,Comedy
512,Drama
512,Fantasy
49918,Action
45577,Drama
35838,Adventure
35838,Mystery
35838,Sci-Fi
35838,Slice of Life
51179,Adventure
51179,Drama
51179,Fantasy
51179,Ecchi
35677,Award Winning
35677,Drama
15227,Award Winning
15227,Drama
5690,Comedy
5690,Romance
40784,Action
40784,Comedy
40784,Drama
40784,Mystery
11977,Drama
11977,Suspense
585,Drama
585,Romance
440,Award Winning
440,Drama
440,Fantasy
440,Mystery
440,Suspense
50602,Action
50602,Comedy
39247,Slice of Life
39247,Supernatural
6,Action
6,Adventure
6,Sci-Fi
57181,Romance
57181,Sports
55866,Romance
53393,Adventure
53393,Mystery
53393,Sci-Fi
52684,Action
52684,Adventure
52684,Fantasy
12115,Action
12115,Adventure
12115,Drama
12115,Fantasy
12115,Horror
2966,Adventure
2966,Drama
2966,Romance
2966,Supernatural
35466,Drama
35466,Romance
38680,Drama
38680,Romance
38680,Supernatural
1842,Sports
16664,Award Winning
16664,Fantasy
372,Award Winning
372,Comedy
372,Drama
372,Romance
37078,Action
38003,Action
38003,Mystery
5460,Action
5460,Mystery
38249,Comedy
23847,Comedy
23847,Romance
6811,Action
6811,Adventure
6811,Fantasy
6811,Romance
16894,Sports
3091,Comedy
3091,Drama
3091,Mystery
3091,Supernatural
627,Sports
40052,Action
40052,Adventure
40052,Mystery
813,Action
813,Adventure
813,Comedy
813,Fantasy
9863,Comedy
18115,Action
18115,Adventure
18115,Fantasy
44055,Boys Love
59150,Action
59150,Adventure
59150,Comedy
59150,Drama
59150,Mystery
59150,Sci-Fi
59150,Supernatural
59833,Adventure
59833,Comedy
59833,Fantasy
53127,Action
53127,Fantasy
35110,Sports
18617,Action
18617,Award Winning
37171,Comedy
40435,Comedy
40435,Fantasy
40853,Comedy
40853,Sci-Fi
1453,Comedy
1453,Drama
1453,Romance
19123,Action
19123,Adventure
19123,Fantasy
32843,Action
32843,Sci-Fi
36946,Action
36946,Adventure
36946,Fantasy
38234,Action
38234,Adventure
38234,Fantasy
42897,Romance
49114,Action
49114,Fantasy
49114,Mystery
36370,Drama
36370,Sci-Fi
10800,Drama
10800,Sports
7791,Award Winning
7791,Comedy
22297,Action
22297,Fantasy
37514,Adventure
37514,Drama
37514,Fantasy
37514,Mystery
37514,Sci-Fi
32005,Action
32005,Mystery
40729,Sci-Fi
40729,Sports
3226,Sports
6864,Drama
6864,Mystery
6864,Supernatural
1142,Drama
1142,Romance
49574,Action
49574,Adventure
49574,Fantasy
49596,Sports
558,Sports
49590,Comedy
49590,Mystery
49590,Romance
49590,Suspense
186,Action
186,Drama
138,Action
138,Adventure
138,Fantasy
23623,Slice of Life
51019,Action
51019,Supernatural
235,Adventure
235,Comedy
235,Mystery
34636,Sports
232,Adventure
232,Comedy
232,Drama
232,Romance
55655,Action
55655,Adventure
55655,Fantasy
34537,Comedy
34537,Romance
32867,Action
32867,Mystery
33674,Drama
33674,Fantasy
33674,Romance
33323,Comedy
33323,Romance
33323,Supernatural
4107,Action
4107,Sci-Fi
18195,Comedy
18195,Drama
18195,Romance
7674,Comedy
7674,Drama
7674,Romance
38088,Action
38088,Adventure
38088,Comedy
38088,Drama
1519,Action
40911,Mystery
40911,Suspense
42894,Slice of Life
42894,Supernatural
18,Action
18,Drama
59841,Action
59841,Adventure
59841,Fantasy
50250,Comedy
962,Sci-Fi
962,Slice of Life
853,Comedy
853,Romance
1889,Horror
1889,Mystery
1889,Suspense
49052,Sports
49909,Slice of Life
47,Action
47,Horror
47,Sci-Fi
54856,Romance
44042,Comedy
1430,Action
1430,Adventure
1430,Award Winning
1430,Comedy
1430,Mystery
25537,Action
25537,Fantasy
48549,Adventure
48549,Comedy
48549,Sci-Fi
49521,Slice of Life
40852,Adventure
40852,Comedy
40852,Sci-Fi
50709,Action
48736,Romance
38481,Action
38481,Fantasy
38481,Sci-Fi
28675,Action
28675,Romance
28675,Supernatural
3371,Action
3371,Drama
3371,Sci-Fi
3701,Adventure
3701,Avant Garde
3701,Award Winning
3701,Mystery
3701,Romance
3701,Sci-Fi
30503,Action
30503,Supernatural
721,Drama
721,Mystery
721,Romance
50612,Adventure
50612,Comedy
50612,Sci-Fi
34572,Action
34572,Fantasy
37430,Action
37430,Comedy
37430,Fantasy
56738,Comedy
56738,Fantasy
56738,Romance
51335,Action
51335,Adventure
51335,Fantasy
9890,Sports
31715,Comedy
31715,Romance
37962,Drama
39592,Action
39592,Sci-Fi
39792,Adventure
39792,Award Winning
39792,Comedy
4477,Comedy
4477,Romance
16662,Award Winning
16662,Drama
16662,Romance
41361,Comedy
41361,Drama
731,Adventure
731,Drama
731,Sci-Fi
28223,Drama
28223,Fantasy
28223,Suspense
11597,Comedy
11597,Mystery
11597,Supernatural
11597,Ecchi
50325,Comedy
49053,Boys Love
49053,Drama
57524,Comedy
57524,Romance
55911,Comedy
55911,Suspense
53888,Action
53888,Comedy
25313,Action
25313,Comedy
25313,Sci-Fi
36296,Comedy
35857,Action
35857,Adventure
35857,Comedy
35857,Mystery
14713,Comedy
14713,Romance
14713,Supernatural
40421,Boys Love
40421,Drama
1827,Action
1827,Adventure
1827,Fantasy
1604,Action
1604,Comedy
50416,Drama
50528,Action
50528,Adventure
28171,Gourmet
28171,Ecchi
60048,Action
60048,Supernatural
53411,Action
53411,Comedy
29831,Slice of Life
15323,Action
15323,Adventure
15323,Fantasy
10153,Action
10153,Comedy
10153,Drama
10153,Sci-Fi
20899,Action
20899,Adventure
6467,Action
6467,Mystery
40542,Comedy
8129,Comedy
21469,Comedy
21469,Sci-Fi
18689,Sports
15059,Action
15059,Drama
12859,Action
12859,Adventure
12859,Fantasy
50380,Comedy
239,Award Winning
239,Drama
239,Mystery
239,Sci-Fi
239,Supernatural
239,Suspense
121,Action
121,Adventure
121,Award Winning
121,Drama
121,Fantasy
1364,Adventure
1364,Comedy
1364,Mystery
51122,Adventure
51122,Drama
51122,Romance
51122,Supernatural
52826,Sports
52347,Action
52347,Adventure
52347,Fantasy
32122,Action
32122,Comedy
9130,Action
9130,Adventure
9130,Fantasy
30370,Adventure
30370,Fantasy
1566,Action
1566,Award Winning
1566,Mystery
1566,Sci-Fi
2581,Action
2581,Drama
2581,Sci-Fi
35608,Comedy
35608,Drama
35608,Romance
59306,Action
59306,Fantasy
59306,Suspense
58689,Action
58689,Drama
58689,Fantasy
55701,Action
55701,Supernatural
30364,Sports
6746,Action
6746,Mystery
6746,Supernatural
16918,Comedy
31051,Sports
6336,Action
6336,Drama
6336,Sci-Fi
1382,Adventure
1382,Drama
1382,Sci-Fi
3702,Comedy
32902,Drama
32902,Fantasy
46569,Action
46569,Adventure
46569,Supernatural
49709,Adventure
49709,Drama
49709,Supernatural
339,Avant Garde
339,Award Winning
339,Drama
339,Mystery
339,Sci-Fi
339,Supernatural
339,Suspense
302,Adventure
302,Drama
302,Sci-Fi
30831,Adventure
30831,Comedy
30831,Fantasy
2236,Award Winning
2236,Drama
2236,Romance
2236,Sci-Fi
60557,Action
60557,Adventure
60557,Fantasy
56653,Drama
54650,Action
17739,Slice of Life
29755,Sports
40815,Fantasy
3016,Action
3016,Drama
3016,Sci-Fi
42941,Sports
23283,Mystery
23283,Suspense
4938,Action
4938,Adventure
4938,Drama
4938,Fantasy
4938,Romance
3901,Action
3901,Mystery
3901,Supernatural
2951,Action
2951,Comedy
2951,Sci-Fi
50796,Romance
12069,Sports
48661,Action
48661,Adventure
51096,Drama
51096,Suspense
28025,Comedy
28025,Mystery
28025,Supernatural
28025,Ecchi
54789,Action
18661,Comedy
18661,Romance
18661,Supernatural
36369,Drama
36369,Sci-Fi
31658,Sports
40080,Action
4722,Comedy
4722,Drama
4722,Romance
3927,Action
3927,Drama
3927,Sci-Fi
42429,Fantasy
39198,Adventure
39198,Award Winning
39198,Mystery
39198,Sci-Fi
39198,Suspense
48895,Action
48895,Adventure
48895,Fantasy
10643,Action
10643,Comedy
34076,Drama
34076,Supernatural
1471,Action
1471,Comedy
1471,Mystery
135,Comedy
135,Drama
135,Supernatural
24833,Action
24833,Comedy
53887,Action
53887,Comedy
31251,Action
31251,Drama
31251,Sci-Fi
33486,Action
3665,Action
3665,Drama
3665,Sci-Fi
66,Comedy
22145,Action
22145,Mystery
22145,Supernatural
2449,Action
2449,Mystery
2449,Sci-Fi
2449,Suspense
50587,Action
50587,Sci-Fi
32282,Gourmet
32282,Ecchi
56980,Drama
56980,Fantasy
51367,Action
51367,Adventure
13759,Drama
13759,Romance
31149,Action
31149,Supernatural
21419,Action
21419,Mystery
6547,Drama
6547,Fantasy
35062,Drama
35062,Fantasy
35062,Romance
11771,Sports
27833,Action
27833,Mystery
27833,Supernatural
4155,Action
4155,Adventure
4155,Fantasy
12189,Mystery
12189,Slice of Life
4224,Drama
4224,Romance
24277,Sports
44218,Action
44218,Adventure
44218,Fantasy
44218,Sci-Fi
1486,Comedy
1486,Drama
1486,Romance
1367,Adventure
1367,Comedy
1367,Mystery
1257,Action
1257,Adventure
1257,Fantasy
1257,Sci-Fi
851,Action
851,Comedy
19815,Comedy
19815,Fantasy
19815,Ecchi
49320,Action
49320,Mystery
237,Action
237,Adventure
237,Drama
237,Romance
237,Sci-Fi
38668,Action
38668,Comedy
38668,Fantasy
38668,Horror
56063,Action
56063,Fantasy
56063,Sci-Fi
21557,Drama
21557,Mystery
21557,Suspense
23317,Action
23317,Mystery
23317,Supernatural
8425,Drama
8425,Mystery
8425,Romance
1943,Avant Garde
1943,Award Winning
1943,Mystery
1943,Sci-Fi
1943,Suspense
40907,Action
40907,Sci-Fi
1559,Action
1559,Comedy
268,Adventure
268,Comedy
268,Ecchi
227,Action
227,Avant Garde
227,Comedy
227,Sci-Fi
227,Suspense
2025,Action
2025,Mystery
59953,Action
59953,Adventure
59953,Fantasy
51836,Action
51836,Adventure
51836,Fantasy
25013,Adventure
25013,Fantasy
25013,Romance
27821,Action
27821,Fantasy
2034,Comedy
2034,Romance
1974,Drama
1974,Romance
1506,Adventure
1506,Comedy
1506,Mystery
4918,Comedy
4918,Drama
4918,Mystery
4918,Supernatural
18679,Action
18679,Comedy
18679,Fantasy
18679,Ecchi
889,Action
781,Adventure
781,Comedy
781,Mystery
34822,Romance
59145,Action
59145,Comedy
59145,Romance
59145,Ecchi
54791,Boys Love
54791,Drama
53410,Slice of Life
52107,Horror
52107,Mystery
52107,Supernatural
52107,Suspense
27989,Drama
72,Action
72,Comedy
38993,Comedy
38993,Romance
33161,Comedy
33161,Romance
4901,Action
9204,Action
9204,Adventure
9204,Fantasy
42640,Comedy
42640,Fantasy
2164,Adventure
2164,Award Winning
2164,Drama
2164,Mystery
2164,Sci-Fi
44931,Comedy
44931,Romance
1363,Adventure
1363,Comedy
1363,Mystery
49430,Boys Love
49430,Drama
589,Action
589,Adventure
589,Drama
41402,Comedy
41402,Fantasy
6045,Drama
6045,Romance
3783,Action
3783,Drama
3783,Fantasy
3783,Mystery
3783,Suspense
44235,Comedy
5681,Award Winning
5681,Comedy
5681,Sci-Fi
39783,Comedy
39783,Romance
1096,Action
1096,Award Winning
1096,Drama
1096,Mystery
1096,Sci-Fi
14513,Action
14513,Adventure
14513,Fantasy
49587,Comedy
49587,Fantasy
535,Action
535,Adventure
535,Comedy
535,Fantasy
49782,Fantasy
49782,Mystery
34626,Adventure
34626,Comedy
34626,Fantasy
153,Action
153,Adventure
153,Fantasy
20,Action
20,Adventure
20,Fantasy
59226,Action
59226,Supernatural
9963,Adventure
9963,Comedy
9963,Mystery
81,Action
81,Adventure
81,Drama
81,Romance
81,Sci-Fi
27663,Sports
6421,Action
6421,Adventure
6421,Drama
6421,Fantasy
6211,Award Winning
6211,Drama
2759,Action
2759,Award Winning
2759,Drama
2759,Sci-Fi
2759,Suspense
1914,Adventure
1914,Fantasy
1914,Romance
5365,Award Winning
5365,Drama
42923,Sports
1482,Action
1482,Adventure
1482,Fantasy
16049,Action
16049,Fantasy
16049,Sci-Fi
50631,Comedy
14813,Comedy
14813,Romance
82,Action
82,Drama
82,Sci-Fi
6171,Action
6171,Adventure
6171,Fantasy
36456,Action
40174,Comedy
40174,Supernatural
2167,Drama
2167,Romance
48585,Action
48585,Comedy
48585,Fantasy
7054,Comedy
7054,Romance
35382,Sports
16706,Comedy
16706,Romance
16706,Supernatural
14807,Drama
14807,Mystery
14807,Supernatural
42250,Comedy
2004,Comedy
2004,Drama
2004,Supernatural
4789,Drama
4789,Mystery
4789,Romance
4789,Supernatural
1065,Drama
1065,Romance
1065,Sports
1023,Action
1023,Adventure
1023,Drama
1023,Fantasy
3167,Sci-Fi
3167,Slice of Life
2563,Sci-Fi
2563,Slice of Life
387,Drama
387,Fantasy
387,Mystery
223,Action
223,Adventure
223,Comedy
223,Fantasy
9656,Drama
9656,Romance
35788,Gourmet
35788,Ecchi
16,Comedy
16,Drama
16,Romance
59077,Action
59077,Fantasy
59077,Sci-Fi
57616,Comedy
57616,Romance
34440,Action
34440,Sci-Fi
39468,Fantasy
23199,Action
23199,Mystery
23199,Supernatural
41611,Comedy
41611,Fantasy
40716,Comedy
31173,Drama
31173,Romance
36963,Drama
861,Comedy
861,Drama
861,Mystery
861,Supernatural
846,Comedy
846,Romance
2448,Action
2448,Sci-Fi
269,Action
269,Adventure
269,Supernatural
59497,Sports
58143,Romance
42166,Drama
34376,Drama
27831,Action
27831,Mystery
27831,Supernatural
30015,Drama
30015,Romance
32615,Action
32615,Fantasy
4672,Action
4672,Mystery
4672,Sci-Fi
4672,Suspense
967,Action
967,Drama
967,Sci-Fi
543,Action
543,Drama
543,Fantasy
543,Horror
543,Romance
543,Sci-Fi
416,Action
416,Adventure
416,Award Winning
416,Comedy
416,Drama
416,Romance
401,Drama
401,Romance
23777,Action
23777,Drama
23777,Suspense
54915,Comedy
54915,Romance
51318,Sports
51180,Drama
51180,Suspense
7720,Sports
25879,Comedy
25879,Romance
77,Action
77,Comedy
77,Drama
40397,Comedy
40397,Fantasy
38422,Comedy
38422,Romance
2890,Adventure
2890,Award Winning
2890,Fantasy
42916,Action
42916,Adventure
42916,Fantasy
7465,Sci-Fi
7465,Slice of Life
48411,Sci-Fi
48411,Slice of Life
996,Adventure
996,Comedy
996,Drama
996,Romance
50346,Romance
50346,Supernatural
61595,Romance
61595,Sci-Fi
52865,Comedy
52865,Romance
52865,Supernatural
7222,Action
7222,Award Winning
7222,Romance
7222,Sci-Fi
38349,Romance
16067,Drama
16067,Fantasy
16067,Romance
5678,Drama
5678,Romance
5678,Supernatural
5029,Sports
33221,Action
33221,Drama
33221,Sci-Fi
31973,Action
31973,Drama
31973,Sci-Fi
39570,Comedy
39570,Romance
41923,Action
41923,Comedy
41923,Fantasy
17549,Slice of Life
1530,Drama
1530,Romance
1530,Supernatural
4772,Slice of Life
4053,Sports
20507,Action
20507,Supernatural
2154,Action
2154,Adventure
2154,Award Winning
2154,Supernatural
2154,Suspense
2076,Mystery
38084,Action
38084,Fantasy
50593,Drama
50593,Mystery
50593,Romance
50593,Supernatural
37150,Action
37150,Adventure
37150,Fantasy
37150,Romance
60108,Action
60108,Adventure
60108,Fantasy
59939,Action
59939,Adventure
59939,Fantasy
59939,Sci-Fi
58883,Drama
58883,Sci-Fi
11239,Slice of Life
12477,Adventure
12477,Award Winning
12477,Sci-Fi
36702,Action
36702,Drama
36702,Suspense
2618,Adventure
2618,Drama
2618,Mystery
38080,Drama
46422,Fantasy
46422,Romance
1089,Action
1089,Romance
1089,Sci-Fi
793,Comedy
793,Drama
793,Mystery
793,Supernatural
122,Comedy
122,Drama
122,Romance
122,Supernatural
39565,Action
36949,Gourmet
36949,Ecchi
58509,Action
58509,Adventure
58509,Fantasy
56785,Mystery
56609,Action
56609,Mystery
56609,Supernatural
55310,Slice of Life
31174,Comedy
8740,Adventure
8740,Fantasy
5682,Action
5682,Drama
5682,Suspense
4059,Drama
4059,Romance
10049,Action
10049,Supernatural
35790,Action
35790,Adventure
35790,Drama
35790,Fantasy
10721,Avant Garde
10721,Drama
10721,Mystery
10721,Supernatural
10721,Suspense
33206,Slice of Life
33206,Supernatural
34100,Action
34100,Fantasy
38337,Slice of Life
41169,Slice of Life
18179,Sports
658,Suspense
11113,Slice of Life
50207,Action
50207,Adventure
50207,Fantasy
15689,Mystery
15689,Romance
15689,Supernatural
15689,Ecchi
35968,Comedy
35968,Romance
24997,Award Winning
24997,Slice of Life
11739,Slice of Life
21855,Comedy
21855,Mystery
21855,Supernatural
37675,Action
37675,Adventure
37675,Fantasy
34944,Action
34944,Mystery
27775,Drama
27775,Romance
27775,Sci-Fi
30279,Comedy
30279,Girls Love
2761,Drama
2761,Sci-Fi
21647,Award Winning
21647,Romance
48171,Drama
48171,Supernatural
16001,Drama
16001,Romance
16001,Supernatural
2450,Comedy
2450,Sci-Fi
73,Action
187,Action
187,Drama
1470,Action
1470,Comedy
1470,Mystery
38409,Action
38409,Comedy
38409,Drama
38409,Mystery
38409,Romance
28,Comedy
28,Gourmet
15,Sports
37932,Action
57066,Action
57066,Adventure
57066,Fantasy
55742,Drama
55742,Fantasy
55742,Romance
53199,Action
53199,Sci-Fi
52976,Action
52976,Adventure
52976,Drama
52976,Fantasy
52976,Horror
51818,Action
51818,Fantasy
51818,Sci-Fi
16395,Comedy
7062,Slice of Life
34437,Action
34437,Drama
34437,Sci-Fi
35222,Slice of Life
17265,Action
17265,Adventure
17265,Fantasy
6774,Avant Garde
6774,Drama
427,Comedy
427,Drama
427,Supernatural
2829,Adventure
2829,Drama
7711,Award Winning
7711,Supernatural
6438,Adventure
6438,Comedy
6438,Mystery
22961,Romance
1695,Drama
4106,Action
4106,Adventure
4106,Sci-Fi
790,Mystery
790,Sci-Fi
790,Suspense
7338,Action
7338,Mystery
532,Romance
32995,Award Winning
32995,Sports
48580,Action
48580,Fantasy
48580,Mystery
29803,Action
29803,Adventure
29803,Fantasy
59828,Mystery
56215,Action
56215,Adventure
56215,Fantasy
53924,Supernatural
9289,Drama
85,Action
85,Drama
85,Romance
85,Sci-Fi
3907,Adventure
3907,Romance
3907,Sci-Fi
20057,Comedy
20057,Sci-Fi
3228,Comedy
27947,Action
27947,Adventure
27947,Comedy
27947,Mystery
18397,Action
18397,Drama
18397,Suspense
35848,Action
35848,Sci-Fi
28297,Comedy
28297,Romance
2952,Action
2952,Fantasy
12815,Slice of Life
14075,Action
14075,Drama
14075,Fantasy
14075,Mystery
14075,Suspense
58930,Drama
58930,Fantasy
53287,Slice of Life
34438,Action
34438,Sci-Fi
13331,Action
13331,Adventure
37786,Drama
37786,Girls Love
36028,Action
36028,Adventure
38436,Action
38436,Adventure
38436,Fantasy
38436,Romance
38436,Supernatural
3572,Action
3572,Award Winning
3572,Romance
3572,Sci-Fi
31098,Action
31098,Adventure
31098,Supernatural
29893,Sci-Fi
29893,Slice of Life
36563,Sci-Fi
36563,Sports
2828,Adventure
2828,Drama
38201,Comedy
1088,Action
1088,Romance
1088,Sci-Fi
780,Adventure
780,Comedy
780,Mystery
114,Comedy
24,Comedy
24,Romance
12031,Action
31339,Action
31339,Adventure
31339,Comedy
31339,Fantasy
58059,Action
58059,Fantasy
55153,Slice of Life
52168,Action
52168,Sci-Fi
10012,Comedy
10012,Supernatural
26213,Comedy
31490,Action
31490,Adventure
31490,Fantasy
12113,Action
12113,Adventure
12113,Drama
12113,Fantasy
12113,Horror
32547,Slice of Life
35075,Comedy
35075,Fantasy
2159,Sports
11813,Action
11813,Comedy
1594,Horror
1594,Mystery
1594,Supernatural
1594,Suspense
957,Adventure
957,Fantasy
957,Romance
934,Horror
934,Mystery
934,Suspense
2752,Sports
14353,Drama
14353,Fantasy
14353,Suspense
2471,Adventure
2471,Comedy
2471,Fantasy
2471,Sci-Fi
14719,Action
14719,Adventure
14719,Supernatural
322,Drama
322,Romance
249,Action
249,Adventure
249,Fantasy
249,Romance
995,Sports
59001,Comedy
59001,Romance
57183,Action
57183,Adventure
57183,Fantasy
55855,Action
55855,Mystery
55855,Supernatural
54790,Fantasy
54790,Mystery
51680,Slice of Life
25517,Adventure
25517,Comedy
25517,Romance
38770,Action
38770,Comedy
38770,Drama
38770,Mystery
16782,Award Winning
16782,Drama
16782,Romance
6007,Adventure
6007,Romance
6007,Supernatural
33926,Action
5680,Comedy
4985,Action
4985,Comedy
4985,Drama
4985,Sci-Fi
10080,Comedy
10080,Romance
10080,Supernatural
34021,Action
34021,Adventure
34021,Drama
7645,Action
7645,Comedy
6377,Comedy
37936,Action
37936,Fantasy
47405,Action
47405,Adventure
47405,Fantasy
3014,Action
3014,Sci-Fi
795,Drama
795,Girls Love
779,Adventure
779,Comedy
779,Mystery
49469,Drama
49469,Suspense
49570,Action
49570,Adventure
49570,Fantasy
42249,Action
42249,Drama
38408,Action
2924,Drama
2924,Mystery
2924,Romance
54764,Drama
54846,Drama
54846,Romance
54829,Comedy
54829,Romance
54829,Sci-Fi
37029,Comedy
37029,Fantasy
36215,Action
36215,Adventure
36215,Fantasy
35798,Action
35798,Award Winning
35798,Drama
35798,Mystery
30415,Drama
30415,Sports
9734,Comedy
18429,Action
18429,Comedy
18429,Mystery
6862,Comedy
35082,Drama
2605,Comedy
2158,Action
2158,Drama
2158,Sci-Fi
23225,Comedy
23225,Girls Love
41389,Comedy
41389,Romance
49828,Action
49828,Sci-Fi
949,Action
949,Award Winning
949,Comedy
949,Drama
949,Sci-Fi
3588,Action
3588,Comedy
3588,Fantasy
50403,Comedy
50403,Romance
42745,Comedy
22,Sports
60541,Action
60541,Adventure
60541,Fantasy
56704,Action
54968,Comedy
54968,Romance
52505,Horror
52505,Supernatural
30885,Comedy
30885,Supernatural
26123,Comedy
8408,Action
8408,Comedy
8408,Supernatural
37435,Drama
37435,Sci-Fi
8063,Boys Love
24471,Comedy
24471,Fantasy
6586,Gourmet
569,Comedy
569,Sci-Fi
49889,Action
49889,Adventure
49889,Comedy
49889,Fantasy
9513,Action
9513,Comedy
9513,Supernatural
429,Comedy
429,Drama
31964,Action
1921,Action
1921,Adventure
1921,Comedy
1921,Drama
1921,Romance
1921,Sci-Fi
283,Drama
35507,Drama
35507,Suspense
50739,Romance
23775,Action
23775,Drama
23775,Suspense
25161,Adventure
25161,Fantasy
55993,Action
55993,Adventure
55993,Fantasy
52093,Action
52093,Adventure
52093,Sci-Fi
36593,Action
14175,Drama
36796,Comedy
36796,Mystery
36796,Supernatural
32871,Comedy
32871,Sports
36106,Action
36106,Drama
40956,Action
40956,Fantasy
40956,Sci-Fi
3604,Slice of Life
6582,Comedy
6505,Comedy
6505,Romance
32380,Comedy
32380,Fantasy
20371,Boys Love
20371,Comedy
20371,Drama
1376,Comedy
31741,Action
31741,Adventure
31741,Fantasy
4087,Action
4087,Adventure
48849,Award Winning
48849,Mystery
890,Action
890,Adventure
890,Sci-Fi
15039,Drama
15039,Supernatural
400,Action
400,Adventure
400,Comedy
400,Sci-Fi
40262,Sports
9941,Action
9941,Comedy
9941,Mystery
9941,Sci-Fi
60420,Action
60420,Adventure
60420,Fantasy
54918,Action
54918,Drama
53859,Comedy
53859,Fantasy
53013,Action
53013,Sci-Fi
51716,Romance
34504,Comedy
23289,Comedy
23289,Romance
40046,Mystery
40046,Sci-Fi
40046,Suspense
1485,Comedy
1485,Drama
39534,Supernatural
17909,Award Winning
17909,Drama
17909,Supernatural
40615,Boys Love
849,Award Winning
849,Comedy
849,Mystery
849,Sci-Fi
49363,Slice of Life
48830,Sports
48548,Comedy
48548,Romance
49784,Comedy
49784,Fantasy
12893,Comedy
37765,Action
37765,Drama
37765,Sci-Fi
388,Sports
32998,Action
32998,Drama
32998,Suspense
48926,Comedy
50410,Action
50410,Adventure
50410,Award Winning
50410,Comedy
50410,Drama
50410,Fantasy
60572,Action
60572,Fantasy
60334,Drama
56175,Comedy
56175,Girls Love
55745,Action
55745,Adventure
55745,Fantasy
12403,Comedy
12403,Girls Love
10521,Comedy
10521,Romance
31478,Action
31478,Mystery
4872,Comedy
40372,Sports
4280,Action
4280,Fantasy
4280,Mystery
4280,Suspense
29093,Drama
44196,Action
44196,Fantasy
32093,Slice of Life
11123,Boys Love
39575,Adventure
39575,Drama
39575,Fantasy
33489,Adventure
33489,Comedy
33489,Fantasy
49200,Drama
49200,Mystery
49200,Suspense
48702,Drama
28669,Action
28669,Comedy
2623,Drama
12445,Horror
12445,Mystery
12445,Romance
12445,Supernatural
966,Comedy
966,Ecchi
985,Adventure
985,Drama
985,Fantasy
267,Action
267,Drama
267,Sci-Fi
9465,Action
9465,Fantasy
42091,Action
42091,Drama
42091,Suspense
57559,Drama
55813,Action
55813,Comedy
55813,Fantasy
54724,Adventure
54724,Comedy
51761,Sports
34745,Adventure
34745,Comedy
34745,Fantasy
31433,Drama
31433,Sci-Fi
29830,Slice of Life
19613,Action
39195,Drama
39195,Suspense
4472,Comedy
40082,Action
40082,Adventure
40082,Comedy
40082,Mystery
2397,Adventure
2397,Comedy
2397,Sci-Fi
7304,Adventure
7304,Mystery
43439,Fantasy
43439,Mystery
24921,Action
24921,Sci-Fi
2035,Drama
2035,Romance
33190,Drama
33190,Sci-Fi
4163,Comedy
4163,Romance
4163,Supernatural
28725,Drama
28725,Romance
49733,Mystery
49733,Suspense
2321,Action
2321,Drama
2321,Sci-Fi
451,Action
451,Adventure
451,Fantasy
451,Romance
50360,Adventure
50360,Drama
50360,Fantasy
253,Comedy
1472,Action
1472,Comedy
1472,Mystery
9563,Slice of Life
1172,Action
1172,Adventure
1172,Comedy
1172,Fantasy
8038,Comedy
8038,Romance
22097,Action
22097,Adventure
22097,Fantasy
33280,Slice of Life
95,Action
95,Adventure
95,Award Winning
95,Drama
95,Romance
95,Sci-Fi
38850,Action
12413,Action
12413,Adventure
14349,Adventure
14349,Comedy
14349,Fantasy
31592,Action
31592,Adventure
31592,Comedy
31592,Fantasy
23293,Action
23293,Adventure
23293,Drama
46352,Drama
1366,Adventure
1366,Comedy
1366,Mystery
21185,Sports
16916,Sports
875,Adventure
875,Avant Garde
875,Award Winning
875,Comedy
875,Romance
22319,Action
22319,Fantasy
22319,Horror
22319,Suspense
49738,Drama
49738,Supernatural
16870,Action
16870,Adventure
16870,Fantasy
16870,Romance
1729,Drama
1729,Girls Love
37033,Gourmet
37033,Slice of Life
202,Action
202,Adventure
202,Drama
202,Fantasy
202,Mystery
45055,Comedy
45055,Drama
45055,Romance
49893,Slice of Life
49893,Supernatural
9724,Action
9724,Fantasy
59160,Action
58537,Fantasy
57554,Action
55151,Action
55151,Adventure
55151,Fantasy
55151,Romance
10029,Award Winning
10029,Romance
35806,Sports
38990,Comedy
38990,Drama
38990,Fantasy
40215,Comedy
42076,Horror
42076,Supernatural
2762,Action
2762,Adventure
2762,Comedy
2762,Romance
6768,Action
97,Action
97,Adventure
97,Sci-Fi
1505,Adventure
1505,Comedy
1505,Mystery
4447,Adventure
4447,Comedy
4447,Mystery
3545,Comedy
15771,Comedy
570,Action
570,Award Winning
570,Drama
570,Romance
570,Suspense
552,Action
552,Adventure
552,Comedy
552,Fantasy
464,Action
464,Adventure
464,Drama
464,Fantasy
254,Comedy
468,Action
468,Award Winning
468,Mystery
468,Sci-Fi
468,Suspense
57145,Slice of Life
53126,Romance
9088,Action
9088,Adventure
9088,Drama
9088,Fantasy
31733,Romance
20431,Comedy
20431,Fantasy
34451,Action
34451,Fantasy
34375,Drama
5310,Action
5310,Romance
5310,Sci-Fi
39938,Award Winning
39938,Fantasy
8310,Adventure
8310,Comedy
8310,Romance
2273,Action
2273,Drama
2273,Sci-Fi
6351,Drama
6351,Romance
6033,Action
6033,Adventure
6033,Comedy
6033,Fantasy
1824,Award Winning
1824,Drama
35678,Drama
1425,Action
1425,Adventure
1425,Comedy
1425,Mystery
39764,Action
39764,Comedy
39764,Drama
39764,Mystery
30902,Comedy
30902,Girls Love
49220,Comedy
49220,Fantasy
397,Action
397,Romance
397,Sci-Fi
210,Action
210,Comedy
210,Romance
210,Ecchi
40858,Action
40858,Mystery
40858,Sci-Fi
40858,Suspense
40814,Comedy
29787,Slice of Life
57993,Comedy
57993,Girls Love
55748,Slice of Life
55651,Comedy
55651,Romance
54839,Drama
51769,Action
51769,Adventure
51769,Fantasy
51769,Romance
53129,Drama
53129,Romance
53129,Supernatural
52955,Drama
52955,Fantasy
52955,Romance
52741,Action
52741,Comedy
38333,Slice of Life
19111,Award Winning
19111,Slice of Life
32870,Sports
80,Action
80,Drama
80,Sci-Fi
3782,Action
3782,Fantasy
3782,Mystery
3782,Romance
3782,Suspense
41221,Comedy
41221,Romance
9252,Action
9252,Fantasy
7044,Comedy
44068,Action
44068,Adventure
44068,Comedy
44068,Fantasy
30123,Drama
30123,Romance
1254,Action
1254,Adventure
1254,Fantasy
1254,Sci-Fi
48896,Action
48896,Adventure
48896,Fantasy
46431,Comedy
46431,Romance
13203,Action
13203,Adventure
13203,Award Winning
13203,Comedy
13203,Ecchi
11237,Slice of Life
30727,Comedy
30727,Romance
30727,Ecchi
21867,Adventure
21867,Comedy
21867,Mystery
1253,Action
1253,Adventure
1253,Fantasy
1253,Sci-Fi
1491,Adventure
1491,Drama
1491,Sci-Fi
40935,Drama
40935,Suspense
59369,Slice of Life
35320,Romance
32869,Sports
10119,Comedy
37959,Slice of Life
40429,Romance
41674,Sci-Fi
41674,Slice of Life
8609,Adventure
8609,Comedy
8609,Mystery
7588,Drama
1887,Comedy
6115,Action
6115,Adventure
6115,Comedy
6115,Mystery
21877,Comedy
21877,Romance
5231,Sports
5005,Comedy
1281,Horror
1281,Mystery
1281,Supernatural
1092,Action
1092,Adventure
1092,Drama
1092,Sci-Fi
47164,Action
47164,Adventure
47164,Fantasy
1473,Action
1473,Comedy
1473,Mystery
10083,Horror
10083,Mystery
10083,Supernatural
10083,Suspense
26,Avant Garde
26,Drama
26,Mystery
26,Sci-Fi
26,Suspense
35073,Action
35073,Adventure
35073,Fantasy
28999,Drama
59807,Action
56768,Boys Love
56768,Drama
54900,Action
54112,Comedy
54112,Suspense
52575,Ecchi
52305,Comedy
52305,Romance
19319,Action
19319,Sci-Fi
20159,Action
20159,Adventure
20159,Comedy
20159,Fantasy
37873,Comedy
19489,Adventure
19489,Comedy
19489,Fantasy
29829,Slice of Life
35658,Comedy
35658,Sports
38400,Sports
93,Action
93,Award Winning
93,Drama
93,Romance
93,Sci-Fi
33263,Drama
33263,Mystery
33263,Supernatural
35120,Action
35120,Avant Garde
35120,Horror
35120,Supernatural
41461,Action
41461,Fantasy
41461,Romance
41461,Sci-Fi
2508,Slice of Life
8142,Award Winning
8142,Drama
1571,Horror
1571,Mystery
1571,Supernatural
4886,Action
4886,Adventure
4886,Fantasy
4886,Romance
20815,Boys Love
8795,Action
8795,Comedy
8795,Fantasy
8795,Ecchi
39940,Gourmet
39940,Ecchi
3750,Drama
3750,Girls Love
3603,Action
3603,Adventure
3603,Horror
17895,Drama
17895,Romance
530,Romance
49776,Slice of Life
1910,Adventure
1910,Drama
1910,Mystery
353,Comedy
1279,Adventure
1279,Sci-Fi
35198,Slice of Life
42670,Adventure
42670,Comedy
42670,Fantasy
42670,Gourmet
39196,Comedy
39196,Fantasy
32673,Slice of Life
32673,Supernatural
59612,Mystery
59612,Supernatural
59612,Suspense
54285,Action
54285,Adventure
54285,Fantasy
54285,Romance
54035,Comedy
18619,Action
28479,Action
28479,Mystery
91,Action
91,Award Winning
91,Drama
91,Sci-Fi
40854,Comedy
40906,Action
40906,Adventure
40906,Fantasy
29095,Drama
29095,Romance
29095,Suspense
5630,Award Winning
5630,Mystery
5630,Romance
5630,Sci-Fi
5630,Suspense
1520,Drama
1520,Mystery
1520,Suspense
1007,Action
1007,Comedy
1007,Romance
1007,Ecchi
978,Action
978,Adventure
978,Horror
978,Sci-Fi
740,Romance
2143,Action
2143,Adventure
2143,Drama
2143,Fantasy
407,Comedy
407,Drama
407,Mystery
8687,Comedy
8687,Sci-Fi
11887,Drama
11887,Romance
11887,Supernatural
154,Action
154,Adventure
154,Supernatural
1379,Adventure
1379,Drama
1379,Fantasy
1818,Action
1818,Adventure
1818,Fantasy
41497,Action
41497,Fantasy
51533,Comedy
51533,Romance
37501,Action
37924,Comedy
25015,Action
25015,Supernatural
38145,Slice of Life
7724,Horror
7724,Mystery
7724,Supernatural
7724,Suspense
39014,Sports
37985,Comedy
4080,Adventure
4080,Comedy
4080,Fantasy
41219,Action
41219,Adventure
41219,Fantasy
6984,Slice of Life
43691,Drama
23249,Action
23249,Award Winning
23249,Drama
23249,Sci-Fi
44248,Comedy
44248,Fantasy
18153,Action
18153,Supernatural
1462,Award Winning
1462,Drama
1462,Horror
1462,Sci-Fi
1462,Suspense
38671,Action
38671,Fantasy
38671,Sci-Fi
709,Action
709,Adventure
709,Fantasy
709,Sci-Fi
709,Slice of Life
49283,Sports
534,Action
534,Adventure
534,Comedy
534,Fantasy
531,Drama
531,Romance
11001,Action
11001,Comedy
11001,Romance
10090,Action
10090,Mystery
10090,Sci-Fi
50667,Action
50667,Adventure
50667,Fantasy
50667,Romance
61508,Action
61508,Adventure
61508,Fantasy
57663,Comedy
57663,Fantasy
54714,Comedy
54714,Romance
51552,Drama
51552,Fantasy
51552,Romance
37442,Action
37442,Mystery
37442,Sci-Fi
37442,Suspense
20767,Comedy
20767,Supernatural
15809,Comedy
15809,Supernatural
31483,Drama
31483,Romance
10218,Action
10218,Adventure
10218,Drama
10218,Fantasy
10218,Horror
31637,Action
31637,Adventure
31637,Fantasy
8311,Adventure
8311,Fantasy
9074,Comedy
9074,Romance
6024,Slice of Life
1719,Action
1719,Drama
1719,Supernatural
1562,Comedy
43523,Action
43523,Adventure
43523,Comedy
43523,Fantasy
39178,Action
39178,Adventure
39178,Fantasy
885,Avant Garde
885,Drama
885,Fantasy
2994,Supernatural
2994,Suspense
49123,Comedy
597,Adventure
597,Award Winning
597,Drama
597,Fantasy
479,Action
479,Adventure
479,Supernatural
24893,Action
24893,Sci-Fi
317,Action
317,Fantasy
22777,Action
22777,Adventure
22777,Comedy
22777,Fantasy
50273,Suspense
5781,Action
5781,Comedy
5781,Fantasy
5781,Ecchi
50586,Comedy
50586,Mystery
50586,Suspense
1293,Comedy
1293,Romance
1293,Sci-Fi
61295,Action
61295,Sci-Fi
56960,Drama
56960,Supernatural
58555,Comedy
58555,Fantasy
56055,Fantasy
51995,Drama
36094,Fantasy
36094,Slice of Life
22673,Comedy
22673,Sports
10357,Adventure
10357,Comedy
10357,Fantasy
10357,Sci-Fi
12117,Adventure
12117,Comedy
12117,Mystery
12117,Sports
38619,Comedy
25303,Sports
5074,Action
5074,Comedy
5074,Sci-Fi
33443,Comedy
33443,Supernatural
14741,Comedy
14741,Romance
8514,Action
8514,Fantasy
27633,Comedy
27633,Romance
31704,Action
31704,Comedy
1211,Action
1211,Adventure
1211,Romance
1211,Sci-Fi
2753,Drama
2724,Action
2724,Adventure
2724,Sci-Fi
517,Comedy
517,Romance
516,Comedy
516,Sci-Fi
474,Action
474,Drama
474,Romance
474,Sci-Fi
31772,Action
31772,Comedy
1375,Comedy
1375,Romance
31289,Action
31289,Adventure
31289,Fantasy
35363,Slice of Life
35363,Supernatural
40620,Comedy
59389,Action
59389,Adventure
59389,Fantasy
54633,Fantasy
53580,Action
53580,Comedy
53580,Fantasy
52196,Action
52196,Fantasy
52196,Romance
52196,Sci-Fi
51536,Slice of Life
19703,Action
19703,Fantasy
33899,Drama
37773,Comedy
37773,Girls Love
34428,Action
34428,Adventure
34428,Fantasy
41140,Action
41140,Mystery
34914,Comedy
42266,Action
42266,Adventure
42266,Fantasy
42266,Romance
47402,Romance
997,Adventure
997,Comedy
997,Drama
997,Romance
36214,Girls Love
48426,Comedy
48426,Supernatural
2313,Adventure
2313,Fantasy
2313,Slice of Life
48804,Fantasy
48804,Gourmet
48804,Slice of Life
324,Action
324,Comedy
324,Sci-Fi
50275,Action
50275,Adventure
50275,Fantasy
50275,Romance
50401,Comedy
50401,Supernatural
120,Drama
120,Romance
120,Supernatural
21339,Action
21339,Sci-Fi
59360,Comedy
56948,Comedy
56948,Romance
56243,Action
56243,Supernatural
51390,Action
51390,Fantasy
51390,Sci-Fi
15959,Action
15959,Supernatural
13119,Action
13119,Drama
13119,Supernatural
28907,Action
28907,Adventure
28907,Fantasy
34544,Action
34544,Fantasy
34544,Horror
34544,Suspense
87,Action
87,Drama
87,Sci-Fi
39959,Comedy
35860,Comedy
35860,Romance
32370,Action
32370,Adventure
32370,Fantasy
2547,Drama
42847,Drama
42847,Sci-Fi
44586,Comedy
36653,Sports
20517,Comedy
20517,Drama
20517,Romance
20517,Supernatural
5835,Drama
5835,Romance
34430,Action
34430,Drama
34430,Mystery
34430,Romance
1000,Action
1000,Adventure
1000,Drama
1000,Sci-Fi
8426,Drama
8426,Romance
13767,Boys Love
13767,Comedy
13767,Drama
13667,Action
13667,Adventure
13667,Fantasy
477,Sci-Fi
477,Slice of Life
441,Avant Garde
441,Drama
441,Fantasy
441,Girls Love
12017,Action
12017,Comedy
12017,Mystery
12017,Sci-Fi
51038,Action
51038,Adventure
51038,Fantasy
51038,Romance
60658,Gourmet
58517,Sports
57442,Action
57442,Adventure
57442,Fantasy
55733,Action
55733,Adventure
55733,Fantasy
55733,Sci-Fi
20847,Comedy
21659,Action
21659,Comedy
21659,Fantasy
21659,Ecchi
35777,Slice of Life
31227,Mystery
35240,Action
35240,Mystery
33502,Drama
33502,Fantasy
33502,Romance
33502,Sci-Fi
32491,Slice of Life
34284,Drama
4814,Boys Love
4814,Comedy
4814,Drama
40269,Action
10092,Action
10092,Fantasy
2582,Action
2582,Drama
2582,Sci-Fi
2451,Action
2451,Adventure
2451,Sci-Fi
6154,Adventure
6154,Sci-Fi
4811,Slice of Life
4454,Action
4454,Sci-Fi
3841,Slice of Life
852,Comedy
852,Drama
852,Romance
50537,Adventure
50537,Mystery
50537,Supernatural
528,Action
528,Adventure
528,Award Winning
528,Comedy
528,Fantasy
450,Action
450,Adventure
450,Fantasy
450,Romance
90,Action
90,Drama
90,Sci-Fi
50203,Slice of Life
37956,Romance
59245,Action
59245,Adventure
59245,Fantasy
37176,Action
37176,Adventure
37176,Fantasy
37176,Romance
33354,Adventure
33354,Comedy
33354,Romance
30311,Comedy
30311,Sports
36561,Action
36561,Adventure
36561,Fantasy
14735,Adventure
14735,Comedy
14735,Mystery
33071,Action
33071,Mystery
35503,Drama
33337,Drama
33337,Mystery
31859,Action
31859,Adventure
31859,Drama
31859,Fantasy
40111,Action
40111,Comedy
40111,Drama
40111,Fantasy
4192,Action
4192,Comedy
4192,Romance
3785,Action
3785,Award Winning
3785,Drama
3785,Sci-Fi
3785,Suspense
6591,Romance
1888,Slice of Life
3931,Action
3931,Drama
951,Comedy
48791,Comedy
48791,Supernatural
48916,Slice of Life
15117,Comedy
15117,Romance
15117,Supernatural
48375,Action
48375,Fantasy
48375,Sci-Fi
13535,Comedy
13535,Supernatural
2175,Adventure
2175,Drama
2175,Fantasy
30191,Action
30191,Mystery
30191,Supernatural
323,Avant Garde
323,Award Winning
323,Drama
323,Mystery
323,Supernatural
323,Suspense
22043,Action
22043,Adventure
22043,Fantasy
8516,Comedy
8516,Romance
58744,Action
58744,Adventure
58744,Comedy
58744,Fantasy
58744,Romance
58492,Comedy
54842,Adventure
54842,Drama
54842,Fantasy
54842,Romance
54123,Action
54123,Adventure
54123,Fantasy
53747,Drama
51678,Comedy
51369,Action
18849,Slice of Life
18849,Supernatural
15487,Comedy
15487,Sports
9510,Comedy
32792,Action
32792,Drama
32792,Sci-Fi
34439,Action
34439,Sci-Fi
37804,Comedy
37804,Drama
28249,Action
28249,Adventure
28249,Drama
28249,Fantasy
21667,Slice of Life
7193,Drama
7193,Suspense
6213,Action
6213,Fantasy
6213,Sci-Fi
39477,Comedy
39651,Action
39651,Comedy
39651,Supernatural
32863,Action
32863,Comedy
41141,Action
41141,Mystery
2673,Adventure
2673,Comedy
2673,Fantasy
7305,Adventure
7305,Comedy
7305,Mystery
5485,Action
5485,Drama
21405,Romance
4898,Action
4898,Mystery
4898,Supernatural
34445,Drama
19115,Award Winning
19115,Drama
874,Adventure
874,Comedy
874,Fantasy
2665,Adventure
2665,Comedy
2665,Fantasy
49627,Comedy
12883,Comedy
12883,Sci-Fi
2104,Comedy
2104,Romance
2104,Supernatural
396,Action
396,Romance
396,Sci-Fi
42940,Sports
35191,Sports
182,Action
182,Adventure
182,Fantasy
182,Romance
48553,Slice of Life
10460,Slice of Life
56894,Action
56894,Adventure
56894,Comedy
56894,Fantasy
54444,Action
54444,Adventure
54444,Fantasy
53446,Adventure
53446,Comedy
53446,Fantasy
53446,Gourmet
52747,Action
52747,Mystery
52747,Sci-Fi
52747,Suspense
51916,Comedy
51289,Action
51289,Adventure
51289,Sci-Fi
14511,Comedy
36513,Gourmet
36513,Slice of Life
74,Comedy
6956,Comedy
6956,Romance
5494,Drama
2963,Comedy
42423,Action
42423,Fantasy
42423,Sci-Fi
5530,Adventure
5530,Fantasy
5530,Mystery
1015,Comedy
48780,Boys Love
48780,Comedy
48780,Drama
48491,Adventure
48491,Slice of Life
8525,Comedy
8525,Romance
8525,Supernatural
1961,Adventure
1961,Comedy
1961,Drama
1961,Fantasy
233,Comedy
233,Sci-Fi
55973,Boys Love
55973,Comedy
36904,Comedy
12021,Comedy
12021,Slice of Life
6172,Adventure
6172,Mystery
32729,Drama
32729,Romance
32729,Sci-Fi
24913,Romance
33032,Action
33032,Adventure
33032,Comedy
33032,Fantasy
34542,Action
34542,Drama
34542,Sci-Fi
34542,Suspense
39071,Comedy
38101,Comedy
38101,Romance
1239,Romance
31764,Action
31764,Adventure
31764,Fantasy
1011,Action
1011,Adventure
1011,Comedy
1011,Romance
1011,Supernatural
644,Comedy
644,Drama
644,Romance
2392,Adventure
2392,Comedy
49877,Action
49877,Comedy
49877,Fantasy
371,Award Winning
371,Comedy
371,Drama
19775,Action
19775,Sci-Fi
21995,Romance
240,Slice of Life
31783,Sports
50608,Action
50608,Drama
50672,Boys Love
9785,Adventure
9785,Comedy
9785,Mystery
34161,Action
34161,Adventure
34161,Fantasy
57097,Fantasy
57097,Romance
55692,Action
55692,Adventure
54722,Action
54722,Comedy
54722,Girls Love
54722,Ecchi
53526,Sports
52211,Action
52211,Comedy
52211,Fantasy
19671,Comedy
19671,Sports
35067,Comedy
14941,Sci-Fi
25729,Slice of Life
23385,Action
23385,Supernatural
16904,Action
37704,Action
33064,Action
33064,Drama
33064,Sci-Fi
32977,Comedy
41195,Romance
36064,Action
36064,Fantasy
23755,Action
23755,Adventure
23755,Fantasy
42956,Comedy
42956,Slice of Life
42956,Supernatural
8247,Action
8247,Adventure
8247,Supernatural
2499,Sports
2454,Comedy
2454,Drama
2454,Romance
7471,Adventure
7471,Comedy
7471,Mystery
34349,Sports
6772,Action
6772,Fantasy
1813,Slice of Life
1412,Action
1412,Adventure
1412,Comedy
1412,Mystery
32717,Slice of Life
4177,Action
4177,Adventure
4177,Sci-Fi
38917,Comedy
38917,Drama
38917,Romance
2557,Drama
2557,Romance
49858,Comedy
49858,Fantasy
49858,Romance
488,Slice of Life
398,Action
398,Romance
398,Sci-Fi
290,Action
290,Romance
290,Sci-Fi
50307,Comedy
50307,Romance
32979,Adventure
32979,Comedy
32979,Sci-Fi
50613,Action
32268,Comedy
32268,Mystery
32268,Supernatural
58714,Action
58714,Adventure
58714,Fantasy
53716,Action
21473,Action
21473,Supernatural
38594,Drama
38594,Romance
38594,Supernatural
37306,Action
32836,Action
32836,Sci-Fi
35672,Adventure
35672,Slice of Life
21843,Action
21843,Adventure
21843,Fantasy
37027,Slice of Life
35079,Adventure
35079,Drama
35079,Fantasy
33191,Action
33191,Mystery
33191,Supernatural
35972,Action
35972,Adventure
35972,Fantasy
33446,Comedy
33446,Romance
33446,Supernatural
24765,Horror
24765,Mystery
24765,Slice of Life
24765,Suspense
30549,Action
30549,Drama
30549,Sci-Fi
32551,Action
32551,Adventure
32551,Comedy
32551,Drama
65,Action
65,Drama
65,Supernatural
42625,Action
42625,Adventure
42625,Fantasy
1915,Action
1915,Comedy
1915,Drama
32948,Award Winning
32948,Drama
32948,Romance
28927,Action
28927,Drama
28927,Fantasy
18119,Comedy
17437,Comedy
17437,Drama
905,Action
905,Adventure
905,Comedy
905,Fantasy
905,Sci-Fi
856,Action
856,Drama
856,Fantasy
856,Sci-Fi
15925,Adventure
15925,Comedy
15925,Fantasy
2961,Action
2961,Fantasy
2961,Sci-Fi
617,Action
617,Adventure
617,Fantasy
617,Horror
617,Romance
2594,Drama
582,Action
582,Comedy
540,Action
540,Comedy
540,Sci-Fi
49785,Action
49785,Adventure
49785,Fantasy
444,Drama
444,Girls Love
345,Drama
345,Romance
34855,Comedy
34855,Supernatural
251,Adventure
251,Comedy
251,Fantasy
208,Action
208,Adventure
208,Mystery
208,Sci-Fi
1483,Adventure
1483,Drama
1483,Mystery
150,Action
150,Drama
150,Horror
150,Mystery
150,Supernatural
38086,Action
38086,Fantasy
22265,Sports
9926,Boys Love
59675,Sci-Fi
58502,Action
58502,Fantasy
57635,Comedy
57635,Mystery
52364,Boys Love
51898,Action
51898,Adventure
51898,Comedy
51898,Fantasy
38002,Comedy
24543,Action
24543,Supernatural
7592,Action
7592,Supernatural
110,Action
110,Comedy
110,Drama
110,Gourmet
6444,Adventure
6444,Fantasy
40044,Adventure
40044,Comedy
40044,Sci-Fi
40331,Award Winning
40331,Slice of Life
3713,Horror
3713,Mystery
3713,Supernatural
3713,Suspense
60,Action
60,Romance
60,Supernatural
6904,Action
6904,Horror
6904,Supernatural
44059,Avant Garde
18055,Action
18055,Fantasy
18055,Mystery
36699,Adventure
36699,Award Winning
36699,Drama
36699,Fantasy
539,Action
539,Comedy
539,Sci-Fi
255,Award Winning
255,Comedy
255,Slice of Life
10278,Comedy
10278,Drama
145,Comedy
145,Drama
145,Romance
123,Action
123,Adventure
123,Fantasy
123,Romance
228,Horror
228,Mystery
228,Supernatural
228,Suspense
60946,Adventure
60946,Fantasy
58939,Action
58939,Comedy
58448,Action
58448,Adventure
58448,Fantasy
58488,Action
58488,Adventure
58488,Fantasy
55684,Action
55684,Adventure
55684,Fantasy
55315,Fantasy
38777,Fantasy
71,Action
71,Comedy
71,Sci-Fi
38958,Comedy
40735,Action
40735,Adventure
40735,Comedy
40735,Fantasy
40735,Mystery
41488,Comedy
41488,Fantasy
42238,Comedy
2800,Drama
2800,Romance
9000,Adventure
9000,Romance
40416,Action
40416,Fantasy
40416,Sci-Fi
1946,Adventure
1946,Drama
1946,Romance
1606,Action
1606,Adventure
1606,Supernatural
18753,Comedy
18753,Romance
30240,Comedy
30240,Ecchi
13117,Action
13117,Drama
13117,Supernatural
18245,Drama
18245,Romance
1002,Action
1002,Award Winning
1002,Comedy
1002,Drama
1002,Sci-Fi
821,Action
821,Drama
37972,Drama
37972,Sports
24439,Action
24439,Fantasy
47257,Comedy
47257,Fantasy
47257,Romance
12725,Action
12725,Drama
36704,Sports
1690,Action
1690,Drama
1690,Sci-Fi
1690,Suspense
50425,Romance
33845,Sports
331,Adventure
331,Comedy
331,Fantasy
54744,Comedy
54744,Romance
54565,Action
54565,Adventure
54565,Comedy
54565,Fantasy
53881,Action
53881,Fantasy
53874,Action
53874,Adventure
53874,Comedy
53874,Fantasy
53367,Action
53367,Fantasy
52193,Action
52193,Comedy
22125,Comedy
22125,Sports
19511,Comedy
19511,Fantasy
19511,Gourmet
36286,Fantasy
34973,Slice of Life
38414,Drama
38414,Fantasy
38414,Suspense
38373,Action
38373,Sci-Fi
96,Action
96,Drama
96,Romance
96,Sci-Fi
39597,Action
39597,Adventure
39597,Fantasy
40024,Romance
3515,Action
3515,Adventure
3515,Fantasy
3515,Sci-Fi
25649,Boys Love
25649,Comedy
25649,Drama
24405,Action
24405,Sci-Fi
25341,Sports
22583,Comedy
45558,Action
45558,Adventure
45558,Fantasy
21755,Sports
35789,Sports
4596,Action
48903,Action
48903,Adventure
48903,Fantasy
49573,Mystery
49573,Supernatural
2463,Action
2463,Comedy
2213,Drama
986,Adventure
986,Comedy
986,Fantasy
986,Sci-Fi
10350,Action
10350,Drama
10350,Fantasy
160,Adventure
160,Drama
160,Fantasy
160,Sci-Fi
44200,Action
22101,Adventure
22101,Fantasy
22101,Romance
9441,Gourmet
9441,Slice of Life
43609,Comedy
43609,Romance
43609,Ecchi
60593,Action
59385,Comedy
59385,Fantasy
57995,Adventure
57995,Mystery
57995,Supernatural
57264,Action
57264,Adventure
57264,Fantasy
57217,Comedy
57217,Romance
54005,Drama
53148,Comedy
37341,Slice of Life
15731,Slice of Life
9751,Action
9751,Sci-Fi
9751,Ecchi
33520,Action
33520,Fantasy
33520,Horror
33520,Suspense
36474,Action
36474,Adventure
36474,Fantasy
36470,Comedy
36470,Romance
37958,Comedy
37958,Supernatural
31931,Action
10389,Award Winning
10389,Drama
10389,Supernatural
106,Drama
106,Romance
39585,Award Winning
39585,Comedy
39585,Drama
33519,Action
33519,Fantasy
33519,Horror
33519,Suspense
38027,Comedy
41433,Action
41433,Sci-Fi
41433,Suspense
7303,Adventure
7303,Comedy
7303,Mystery
24151,Romance
44388,Action
5751,Sports
1356,Action
1356,Drama
1356,Sci-Fi
1008,Comedy
1008,Drama
1008,Romance
17249,Sports
969,Action
969,Adventure
969,Drama
969,Fantasy
969,Romance
2985,Comedy
2985,Mystery
2985,Supernatural
1699,Drama
1699,Fantasy
1699,Romance
49759,Adventure
49759,Fantasy
11737,Action
11737,Supernatural
6702,Action
6702,Adventure
6702,Fantasy
132,Action
132,Mystery
132,Supernatural
61134,Action
61134,Fantasy
61134,Girls Love
60083,Romance
60083,Sci-Fi
57390,Action
56662,Drama
55821,Comedy
55821,Fantasy
54865,Sports
53865,Action
53865,Comedy
53590,Adventure
53590,Fantasy
37109,Fantasy
37109,Slice of Life
7762,Comedy
7762,Supernatural
9201,Comedy
9201,Sports
9201,Ecchi
10935,Drama
10935,Romance
23321,Action
23321,Adventure
23321,Fantasy
30778,Action
30778,Adventure
30778,Fantasy
33253,Action
33253,Horror
33253,Mystery
33253,Supernatural
21435,Adventure
21435,Slice of Life
39495,Supernatural
40936,Comedy
40936,Romance
41061,Slice of Life
41590,Fantasy
40221,Action
40221,Adventure
40221,Drama
40221,Fantasy
40221,Mystery
39355,Action
39355,Adventure
39355,Fantasy
2593,Action
2593,Fantasy
2593,Mystery
2593,Suspense
29854,Action
29854,Adventure
29854,Supernatural
7647,Comedy
7647,Romance
25801,Drama
1095,Action
1095,Drama
10495,Award Winning
10495,Comedy
10495,Girls Love
41471,Slice of Life
48876,Supernatural
48405,Supernatural
4725,Action
4725,Supernatural
4725,Suspense
49073,Action
49073,Drama
49073,Sci-Fi
5507,Action
5507,Romance
18897,Comedy
18897,Romance
2229,Action
2229,Adventure
2229,Fantasy
452,Action
452,Adventure
452,Fantasy
452,Romance
31765,Action
31765,Adventure
31765,Sci-Fi
1985,Action
1985,Sci-Fi
10717,Action
10717,Sci-Fi
50695,Drama
1289,Comedy
1289,Sci-Fi
40571,Adventure
40571,Fantasy
55528,Action
55528,Comedy
55528,Sci-Fi
55454,Action
55454,Drama
55454,Fantasy
55071,Comedy
55071,Romance
55071,Supernatural
53585,Romance
52229,Sports
51815,Comedy
51815,Romance
51297,Action
51297,Fantasy
22819,Slice of Life
16239,Action
16239,Adventure
16239,Fantasy
33091,Drama
33091,Sci-Fi
27991,Action
9065,Action
9065,Drama
9065,Supernatural
37141,Comedy
6927,Mystery
6927,Romance
6927,Sci-Fi
6927,Suspense
6637,Mystery
6637,Romance
6637,Sci-Fi
6637,Suspense
38578,Action
9062,Comedy
9062,Fantasy
33350,Action
33350,Supernatural
31953,Comedy
40389,Action
40389,Drama
40389,Sci-Fi
18671,Comedy
18671,Romance
30413,Sports
41918,Action
41918,Fantasy
3001,Comedy
3001,Gourmet
3001,Supernatural
34547,Adventure
34547,Drama
42351,Comedy
42351,Romance
2549,Drama
2174,Action
2174,Adventure
2174,Romance
6046,Action
6046,Adventure
6046,Fantasy
34561,Action
34561,Fantasy
10161,Action
10161,Drama
10161,Mystery
10161,Sci-Fi
1567,Adventure
1567,Romance
23251,Comedy
23251,Supernatural
3466,Adventure
3466,Drama
3466,Fantasy
3090,Comedy
3090,Romance
3090,Supernatural
43299,Drama
43299,Supernatural
43299,Suspense
48779,Slice of Life
44141,Comedy
2558,Drama
2558,Slice of Life
584,Adventure
584,Drama
584,Sci-Fi
13709,Action
13709,Adventure
449,Action
449,Adventure
449,Fantasy
449,Romance
32915,Action
32915,Mystery
32915,Supernatural
11359,Action
11359,Comedy
11359,Fantasy
11359,Sci-Fi
250,Action
250,Adventure
250,Comedy
250,Supernatural
48438,Drama
48438,Fantasy
40392,Drama
1689,Drama
1689,Romance
9745,Action
9745,Fantasy
40351,Action
40351,Adventure
40351,Comedy
40351,Fantasy
9471,Comedy
46,Drama
51116,Drama
51116,Fantasy
51116,Mystery
59361,Comedy
59361,Romance
58855,Slice of Life
57487,Sports
55818,Adventure
55818,Drama
55818,Fantasy
55818,Ecchi
54312,Fantasy
51462,Fantasy
51462,Slice of Life
35984,Action
35984,Comedy
35984,Drama
22817,Mystery
32542,Comedy
28539,Action
28539,Fantasy
6050,Action
6050,Adventure
6050,Supernatural
6050,Ecchi
39538,Comedy
39538,Fantasy
33672,Adventure
33672,Comedy
33672,Fantasy
5162,Comedy
34577,Action
34577,Adventure
34577,Fantasy
36754,Drama
36754,Fantasy
36754,Gourmet
36754,Romance
2787,Action
2787,Drama
2787,Fantasy
2787,Romance
8190,Comedy
8190,Romance
5096,Adventure
5096,Comedy
5096,Fantasy
1301,Adventure
1301,Drama
1301,Fantasy
1301,Sci-Fi
1240,Drama
8675,Comedy
48707,Comedy
16241,Comedy
16241,Supernatural
708,Adventure
708,Sci-Fi
41409,Action
41409,Drama
41409,Fantasy
34902,Comedy
34902,Romance
340,Action
304,Comedy
304,Romance
304,Supernatural
1650,Action
1650,Adventure
1650,Award Winning
1650,Drama
1650,Sci-Fi
50590,Fantasy
50590,Mystery
129,Action
129,Adventure
129,Drama
129,Fantasy
1372,Action
1372,Comedy
39555,Sports
17,Sports
51105,Action
51105,Fantasy
51105,Sci-Fi
59916,Action
59916,Adventure
59916,Fantasy
54726,Comedy
54726,Romance
52308,Fantasy
52308,Romance
52080,Comedy
52080,Romance
51358,Drama
51358,Sci-Fi
9790,Comedy
9790,Romance
9790,Sci-Fi
9790,Supernatural
9790,Ecchi
37007,Sports
36480,Action
36480,Adventure
36480,Comedy
36480,Fantasy
38410,Action
38410,Comedy
38410,Drama
38410,Mystery
38410,Romance
32828,Gourmet
32828,Slice of Life
7661,Drama
7661,Sports
37407,Fantasy
37407,Mystery
37407,Sci-Fi
14131,Action
36896,Action
6802,Sci-Fi
6802,Slice of Life
34374,Drama
3673,Action
3673,Adventure
3673,Mystery
34134,Action
34134,Comedy
6624,Action
6624,Fantasy
6624,Mystery
6624,Romance
6624,Suspense
42290,Action
42290,Drama
42290,Horror
42290,Sci-Fi
42290,Suspense
67,Action
67,Drama
67,Romance
2214,Action
2214,Drama
7270,Action
7270,Drama
7270,Sci-Fi
6372,Mystery
6372,Romance
6372,Sci-Fi
6372,Suspense
44067,Adventure
44067,Mystery
44067,Supernatural
23135,Slice of Life
28121,Action
28121,Adventure
28121,Fantasy
1418,Action
1418,Adventure
1418,Comedy
1418,Mystery
47410,Action
4182,Comedy
18139,Comedy
880,Comedy
880,Romance
880,Supernatural
15989,Slice of Life
11371,Sports
49613,Action
49613,Adventure
49613,Fantasy
2405,Drama
2012,Comedy
2012,Horror
2012,Supernatural
42590,Drama
1830,Action
1830,Comedy
1830,Drama
1830,Fantasy
50274,Action
50274,Adventure
50274,Fantasy
50274,Romance
50663,Comedy
567,Action
567,Mystery
567,Sci-Fi
1557,Action
1557,Supernatural
40861,Action
40861,Adventure
40861,Comedy
40861,Fantasy
31711,Comedy
31711,Romance
31711,Sci-Fi
31711,Ecchi
55303,Action
55303,Fantasy
55303,Sci-Fi
56352,Romance
56165,Comedy
56165,Sports
19669,Sports
13403,Comedy
13403,Supernatural
14407,Action
14407,Supernatural
28771,Adventure
50114,Action
50114,Adventure
50114,Fantasy
21327,Drama
37807,Action
37807,Mystery
37996,Comedy
28677,Comedy
28677,Mystery
28677,Romance
28677,Supernatural
38435,Action
38435,Adventure
38435,Fantasy
38435,Romance
39921,Fantasy
31552,Action
31552,Mystery
31552,Supernatural
33988,Comedy
33988,Fantasy
41694,Action
41694,Drama
3165,Slice of Life
8532,Comedy
2498,Sports
37621,Comedy
37621,Romance
38491,Action
38491,Adventure
38491,Fantasy
38491,Romance
36038,Comedy
36038,Romance
32681,Action
32681,Adventure
32681,Comedy
32681,Sci-Fi
48953,Slice of Life
48965,Action
48965,Fantasy
49742,Action
49742,Fantasy
522,Adventure
522,Drama
522,Romance
522,Sci-Fi
8197,Sci-Fi
8197,Slice of Life
44406,Action
44406,Adventure
44406,Comedy
44406,Fantasy
50444,Action
50444,Adventure
50444,Fantasy
209,Action
209,Adventure
209,Comedy
209,Drama
209,Sci-Fi
9396,Comedy
13851,Comedy
13851,Romance
13851,Sci-Fi
13851,Ecchi
37497,Drama
37497,Fantasy
37497,Romance
59189,Action
59189,Fantasy
56471,Action
56471,Fantasy
56471,Sci-Fi
55889,Fantasy
55889,Romance
54974,Comedy
54974,Fantasy
53621,Comedy
53621,Romance
52291,Action
52291,Comedy
52291,Mystery
51958,Comedy
51958,Fantasy
7627,Comedy
8369,Adventure
8369,Comedy
8369,Sci-Fi
9979,Action
24135,Comedy
24135,Romance
36494,Sci-Fi
38710,Action
38710,Adventure
35424,Action
35424,Supernatural
6793,Supernatural
35321,Sports
33209,Comedy
33209,Romance
33209,Supernatural
33089,Adventure
33089,Award Winning
33089,Comedy
33089,Fantasy
40590,Action
40590,Drama
40590,Fantasy
4039,Action
4039,Adventure
4039,Drama
4039,Suspense
38790,Action
38790,Adventure
38790,Comedy
38790,Fantasy
8937,Action
8937,Fantasy
8937,Sci-Fi
2112,Sports
6152,Action
6152,Drama
6152,Fantasy
6152,Sci-Fi
5348,Adventure
5348,Comedy
5348,Mystery
46093,Drama
3744,Award Winning
3744,Drama
3744,Romance
1087,Comedy
1087,Drama
1087,Romance
40323,Action
40323,Comedy
33034,Slice of Life
666,Action
666,Adventure
666,Drama
10588,Action
10588,Mystery
10588,Sci-Fi
10588,Supernatural
462,Action
462,Adventure
462,Fantasy
41120,Mystery
177,Action
177,Adventure
177,Drama
177,Fantasy
177,Romance
10033,Action
10033,Adventure
10033,Comedy
10033,Fantasy
10033,Gourmet
56196,Action
55779,Drama
55115,Fantasy
55115,Slice of Life
53879,Comedy
53879,Mystery
51203,Comedy
51203,Drama
51203,Gourmet
51203,Romance
31376,Fantasy
31376,Slice of Life
37682,Award Winning
37682,Comedy
37682,Slice of Life
37682,Supernatural
6773,Action
6773,Drama
6773,Fantasy
6773,Romance
40540,Action
40540,Adventure
40540,Fantasy
31665,Drama
37976,Award Winning
37976,Comedy
37976,Supernatural
31821,Action
31821,Adventure
31821,Drama
31821,Fantasy
3470,Comedy
3470,Romance
31380,Comedy
31380,Romance
31380,Sci-Fi
31380,Ecchi
30913,Sci-Fi
43556,Sports
2026,Action
2026,Comedy
2026,Romance
2002,Action
2002,Sci-Fi
6347,Comedy
6347,Romance
4835,Action
4835,Adventure
4835,Supernatural
1251,Adventure
1251,Comedy
1251,Romance
1251,Sci-Fi
1212,Action
1212,Adventure
1212,Sci-Fi
1050,Adventure
1050,Comedy
1050,Sci-Fi
1003,Comedy
1003,Romance
1003,Supernatural
2676,Adventure
2676,Fantasy
2676,Sci-Fi
2514,Adventure
2514,Mystery
49661,Sci-Fi
49778,Action
49778,Adventure
49778,Fantasy
49834,Romance
49834,Sci-Fi
481,Action
481,Adventure
481,Fantasy
49891,Action
49891,Adventure
49891,Fantasy
430,Action
430,Adventure
430,Award Winning
430,Drama
430,Fantasy
11531,Mystery
11531,Supernatural
1861,Sports
10715,Action
10715,Sci-Fi
1642,Comedy
1642,Drama
1642,Fantasy
10216,Comedy
10216,Supernatural
1478,Adventure
1478,Comedy
5712,Adventure
5712,Fantasy
5712,Slice of Life
31553,Drama
9760,Adventure
9760,Fantasy
9760,Romance
9645,Comedy
4981,Action
4981,Adventure
4981,Drama
4981,Sci-Fi
57160,Action
57160,Adventure
57160,Fantasy
56442,Action
56442,Adventure
56442,Fantasy
53450,Adventure
53450,Comedy
53450,Fantasy
21273,Slice of Life
10500,Drama
38816,Drama
38816,Romance
38816,Sci-Fi
6634,Action
6634,Fantasy
34414,Action
34414,Comedy
34414,Drama
9366,Comedy
8331,Comedy
8331,Mystery
7877,Drama
7877,Slice of Life
7651,Drama
43756,Sports
1563,Action
1563,Adventure
1563,Drama
1563,Fantasy
1563,Romance
20031,Comedy
16934,Comedy
16934,Romance
914,Comedy
914,Ecchi
23269,Slice of Life
2848,Adventure
2848,Award Winning
2848,Fantasy
49361,Fantasy
49361,Mystery
49386,Action
49386,Adventure
49386,Fantasy
49386,Romance
2608,Action
14189,Horror
14189,Mystery
14189,Romance
14189,Supernatural
2562,Drama
2562,Mystery
2562,Suspense
49618,Action
49618,Drama
49618,Fantasy
13587,Adventure
13587,Mystery
13587,Sci-Fi
13587,Supernatural
455,Adventure
455,Fantasy
455,Mystery
455,Romance
455,Sci-Fi
455,Suspense
11135,Boys Love
11135,Drama
11135,Sci-Fi
8086,Action
8086,Adventure
8086,Fantasy
270,Action
270,Horror
270,Supernatural
218,Action
218,Comedy
218,Romance
218,Sci-Fi
36522,Action
36522,Boys Love
36522,Comedy
36522,Supernatural
29,Action
29,Drama
29,Sci-Fi
60279,Action
60279,Adventure
60279,Fantasy
55740,Action
55740,Fantasy
54301,Drama
53933,Drama
13245,Comedy
13245,Sports
34514,Action
34514,Adventure
34514,Fantasy
34420,Gourmet
33378,Comedy
33378,Romance
26243,Action
26243,Drama
26243,Fantasy
38740,Action
38740,Adventure
38740,Drama
38740,Fantasy
38740,Romance
5713,Comedy
15061,Slice of Life
40879,Slice of Life
44807,Drama
44807,Fantasy
44807,Sci-Fi
5493,Action
5493,Comedy
5493,Supernatural
45599,Action
45599,Adventure
45599,Fantasy
45599,Romance
30347,Action
30347,Adventure
30347,Fantasy
5177,Mystery
5177,Suspense
13655,Comedy
13655,Drama
19645,Adventure
19645,Comedy
19645,Fantasy
33338,Action
33338,Adventure
33338,Comedy
33338,Drama
33338,Fantasy
31706,Action
31706,Comedy
49026,Slice of Life
857,Sports
857,Ecchi
691,Comedy
691,Romance
691,Sports
2198,Comedy
2198,Romance
2198,Supernatural
49980,Adventure
49980,Drama
49980,Fantasy
49980,Romance
379,Comedy
379,Sci-Fi
50221,Drama
50248,Sports
551,Sports
194,Action
194,Adventure
194,Sci-Fi
35823,Comedy
35823,Fantasy
31,Action
31,Drama
31,Sci-Fi
31,Suspense
38793,Action
38793,Comedy
38793,Fantasy
58797,Action
58797,Adventure
58797,Fantasy
59597,Comedy
59597,Fantasy
56717,Action
56717,Adventure
56717,Fantasy
55844,Boys Love
52186,Fantasy
52186,Romance
13267,Comedy
15775,Comedy
10378,Comedy
10999,Sci-Fi
10999,Sports
37426,Action
37426,Supernatural
36184,Action
36184,Adventure
9919,Action
9919,Supernatural
37516,Action
37516,Comedy
37516,Mystery
31389,Action
31389,Fantasy
15793,Action
15793,Sci-Fi
31418,Action
31418,Drama
31418,Sci-Fi
35241,Fantasy
35241,Girls Love
35241,Slice of Life
35015,Comedy
34984,Drama
34984,Romance
40942,Action
40942,Sci-Fi
10259,Adventure
10259,Drama
10259,Romance
10259,Supernatural
40454,Action
40454,Adventure
40454,Fantasy
22693,Romance
5291,Action
21395,Award Winning
21395,Comedy
21395,Sci-Fi
1488,Action
1488,Adventure
1488,Drama
1488,Romance
1395,Drama
1395,Sci-Fi
12291,Comedy
12291,Romance
37614,Comedy
38659,Action
38659,Adventure
38659,Comedy
38659,Fantasy
3972,Action
10790,Action
10790,Comedy
10790,Fantasy
10790,Ecchi
5251,Action
5251,Comedy
22199,Action
22199,Fantasy
39569,Drama
39569,Romance
39569,Supernatural
50240,Action
50240,Comedy
50240,Fantasy
50240,Mystery
49345,Adventure
49345,Drama
49409,Adventure
49409,Fantasy
2424,Comedy
352,Comedy
10716,Action
10716,Sci-Fi
10469,Comedy
10469,Mystery
142,Action
142,Drama
142,Mystery
142,Romance
37441,Action
37441,Mystery
37441,Sci-Fi
37441,Suspense
41567,Comedy
41567,Fantasy
23277,Comedy
23277,Romance
23277,Ecchi
60407,Action
59131,Adventure
59131,Fantasy
58755,Comedy
58755,Romance
58516,Action
58516,Supernatural
56230,Comedy
56230,Romance
56230,Supernatural
52845,Action
52736,Fantasy
52736,Girls Love
34136,Drama
34136,Romance
34136,Sci-Fi
33183,Action
33183,Slice of Life
10589,Action
10589,Adventure
10589,Fantasy
35828,Slice of Life
35828,Supernatural
21743,Action
21743,Supernatural
39049,Comedy
39049,Supernatural
40314,Boys Love
15451,Action
15451,Comedy
15451,Romance
15451,Supernatural
15451,Ecchi
40504,Sports
40841,Fantasy
19191,Action
19191,Mystery
19191,Sci-Fi
1852,Slice of Life
44616,Comedy
12487,Action
12487,Fantasy
12487,Sci-Fi
1047,Drama
1047,Sci-Fi
17729,Drama
17729,Romance
17729,Suspense
48824,Fantasy
13629,Drama
13629,Romance
12917,Adventure
12917,Drama
12917,Fantasy
2202,Action
2202,Adventure
2202,Drama
2202,Sci-Fi
1924,Action
1924,Adventure
1924,Comedy
1924,Drama
1924,Romance
1924,Sci-Fi
11111,Horror
11111,Mystery
351,Comedy
50197,Comedy
50197,Romance
1663,Adventure
1663,Drama
1614,Sports
1577,Action
1577,Comedy
30694,Action
30694,Adventure
30694,Comedy
30694,Fantasy
9982,Comedy
9982,Fantasy
9982,Ecchi
49236,Action
49236,Fantasy
226,Action
226,Drama
226,Horror
226,Romance
226,Suspense
10568,Drama
10568,Mystery
56890,Supernatural
54853,Action
54853,Fantasy
54853,Sci-Fi
54743,Action
54743,Fantasy
54463,Action
54463,Adventure
54463,Drama
27601,Comedy
27601,Drama
27601,Romance
10067,Fantasy
37348,Action
37348,Adventure
37348,Fantasy
34262,Comedy
38250,Boys Love
38250,Comedy
38250,Drama
38250,Sci-Fi
16273,Comedy
16273,Romance
21573,Action
21573,Sci-Fi
16005,Action
36220,Drama
36220,Romance
35821,Comedy
38555,Comedy
38555,Fantasy
38555,Romance
36903,Action
8726,Slice of Life
39676,Comedy
39676,Slice of Life
39676,Supernatural
5419,Comedy
33302,Sports
40685,Slice of Life
31201,Adventure
31201,Comedy
31201,Fantasy
35759,Action
35759,Sci-Fi
36962,Drama
22147,Comedy
22147,Supernatural
43683,Comedy
37984,Action
37984,Adventure
37984,Comedy
37984,Fantasy
45598,Comedy
45598,Romance
5118,Comedy
37475,Action
37475,Comedy
37475,Romance
4416,Action
4416,Sci-Fi
19291,Action
19291,Adventure
19291,Comedy
19291,Fantasy
48542,Slice of Life
1034,Action
1034,Award Winning
1034,Drama
1034,Sci-Fi
3092,Boys Love
3092,Comedy
3092,Drama
34480,Gourmet
34480,Ecchi
2227,Drama
435,Action
435,Adventure
435,Comedy
435,Drama
435,Fantasy
12187,Comedy
12187,Supernatural
11889,Comedy
11889,Drama
2037,Comedy
2037,Fantasy
2037,Romance
1773,Action
1773,Adventure
50287,Comedy
50287,Fantasy
287,Sports
32900,Action
32900,Fantasy
32900,Sci-Fi
5671,Slice of Life
14227,Comedy
14227,Romance
60157,Fantasy
60157,Romance
59408,Horror
59408,Mystery
59408,Supernatural
59408,Suspense
58511,Action
58511,Adventure
58511,Fantasy
53905,Comedy
53905,Fantasy
53905,Romance
51648,Action
51648,Adventure
51648,Fantasy
51215,Fantasy
51215,Romance
32108,Action
32108,Adventure
32108,Comedy
32108,Drama
18499,Action
18499,Comedy
18499,Fantasy
15197,Action
27957,Comedy
27957,Sci-Fi
30790,Sports
36160,Action
36160,Comedy
36160,Fantasy
36160,Romance
16524,Action
16524,Adventure
16524,Sci-Fi
37975,Drama
22763,Drama
22763,Mystery
22763,Supernatural
38804,Comedy
38804,Slice of Life
34513,Sports
39730,Gourmet
39730,Slice of Life
5306,Action
5306,Adventure
5306,Fantasy
7902,Comedy
7902,Fantasy
9047,Action
9047,Fantasy
9047,Sci-Fi
24365,Comedy
21737,Slice of Life
18497,Action
18497,Comedy
18497,Fantasy
3449,Slice of Life
3449,Supernatural
1029,Drama
1029,Romance
3420,Drama
3420,Fantasy
3420,Suspense
17273,Comedy
39024,Action
39024,Adventure
39024,Fantasy
587,Drama
587,Romance
49835,Romance
49835,Sci-Fi
49847,Adventure
49847,Comedy
49847,Drama
49847,Gourmet
49847,Romance
428,Comedy
428,Drama
428,Supernatural
10573,Comedy
10573,Sports
49730,Adventure
49730,Fantasy
49483,Slice of Life
49483,Supernatural
355,Action
355,Drama
355,Fantasy
355,Romance
39491,Action
39491,Mystery
39491,Sci-Fi
39491,Suspense
60449,Action
60449,Sci-Fi
59466,Comedy
59466,Romance
58696,Fantasy
58018,Action
56701,Drama
56701,Fantasy
56701,Romance
56671,Action
56671,Fantasy
54875,Action
54875,Comedy
53876,Action
53876,Adventure
53876,Comedy
53876,Fantasy
53802,Comedy
53802,Ecchi
53516,Adventure
53516,Fantasy
52816,Action
52816,Fantasy
52318,Adventure
52318,Comedy
52318,Sci-Fi
17947,Action
17947,Drama
17947,Sci-Fi
8479,Comedy
33731,Comedy
33731,Supernatural
102,Comedy
102,Drama
102,Romance
5538,Adventure
5538,Fantasy
39806,Action
39806,Adventure
39806,Drama
39806,Supernatural
5204,Action
5204,Fantasy
5204,Mystery
5204,Romance
5204,Suspense
12679,Comedy
3848,Action
3848,Adventure
3848,Fantasy
28405,Action
28405,Comedy
40870,Action
40870,Sci-Fi
25687,Action
25687,Adventure
25687,Comedy
25687,Drama
6460,Action
6460,Adventure
6460,Comedy
1608,Comedy
1608,Drama
1686,Action
1686,Adventure
1686,Supernatural
1459,Action
1459,Adventure
1459,Drama
1459,Romance
1459,Sci-Fi
975,Sci-Fi
975,Slice of Life
48727,Fantasy
48727,Slice of Life
50598,Comedy
44212,Adventure
44212,Fantasy
50002,Action
50002,Adventure
50002,Fantasy
50002,Sci-Fi
10497,Comedy
10257,Sports
166,Action
166,Sci-Fi
11553,Comedy
11553,Gourmet
50664,Action
50664,Adventure
50664,Fantasy
1393,Drama
1393,Sci-Fi
49930,Action
49930,Fantasy
49930,Romance
59969,Action
59969,Fantasy
59969,Supernatural
54803,Sports
54437,Action
54437,Adventure
54437,Fantasy
53149,Action
53149,Drama
53149,Supernatural
51608,Action
14467,Action
14467,Mystery
26023,Comedy
26023,Romance
26023,Sci-Fi
23301,Action
23301,Adventure
23301,Comedy
23301,Fantasy
18465,Slice of Life
36823,Comedy
36823,Romance
36823,Supernatural
8246,Action
8246,Adventure
8246,Fantasy
37305,Action
13115,Action
13115,Drama
13115,Supernatural
36934,Sports
37890,Comedy
5262,Comedy
23701,Comedy
23701,Romance
40734,Action
40734,Adventure
40734,Fantasy
40734,Romance
3613,Action
3613,Comedy
3613,Romance
2903,Action
2903,Comedy
42994,Comedy
42994,Supernatural
2171,Adventure
2171,Comedy
2171,Mystery
6573,Action
6573,Mystery
6231,Mystery
30736,Action
30736,Adventure
30736,Fantasy
37349,Action
37349,Adventure
37349,Fantasy
5075,Action
5075,Adventure
5075,Sci-Fi
30296,Action
30296,Fantasy
30296,Romance
30296,Ecchi
32696,Comedy
32696,Supernatural
19285,Action
19285,Drama
19285,Suspense
1069,Action
1069,Adventure
1069,Drama
1069,Sci-Fi
3392,Romance
814,Comedy
814,Sports
2889,Action
2889,Adventure
2889,Supernatural
792,Adventure
792,Comedy
50532,Action
2768,Action
2768,Comedy
2768,Drama
2768,Fantasy
2768,Romance
15437,Action
15437,Comedy
15437,Fantasy
15437,Ecchi
14837,Action
14837,Adventure
14837,Fantasy
41595,Action
41595,Comedy
41595,Mystery
41595,Sci-Fi
13349,Comedy
13349,Romance
490,Comedy
433,Award Winning
433,Drama
433,Romance
433,Sci-Fi
30187,Drama
30187,Mystery
30187,Suspense
8476,Romance
8476,Supernatural
10731,Sports
10471,Adventure
10471,Drama
200,Comedy
200,Romance
14753,Romance
27411,Action
27411,Award Winning
27411,Mystery
27411,Sci-Fi
1477,Action
1477,Comedy
1477,Mystery
696,Comedy
696,Romance
696,Sci-Fi
8407,Comedy
8407,Romance
8407,Sci-Fi
8407,Supernatural
8407,Ecchi
17187,Action
17187,Sci-Fi
28979,Comedy
28979,Romance
28979,Sci-Fi
28979,Ecchi
25183,Action
25183,Drama
60787,Action
60787,Adventure
60787,Fantasy
60787,Romance
58812,Action
58812,Adventure
54850,Drama
11793,Slice of Life
38357,Comedy
38357,Supernatural
38357,Ecchi
8557,Comedy
9032,Sports
33248,Action
33248,Drama
9938,Slice of Life
30868,Action
30868,Horror
30868,Mystery
30868,Supernatural
15195,Comedy
8995,Action
8995,Adventure
8995,Fantasy
23281,Action
23281,Mystery
23281,Sci-Fi
23281,Suspense
15315,Action
15315,Comedy
15315,Fantasy
33094,Comedy
34012,Fantasy
34012,Gourmet
34012,Slice of Life
8857,Comedy
103,Adventure
103,Comedy
103,Fantasy
103,Romance
76,Action
76,Comedy
76,Drama
35078,Slice of Life
11319,Action
11319,Adventure
11319,Comedy
11319,Fantasy
11319,Romance
11319,Ecchi
40842,Drama
32215,Action
32215,Comedy
32215,Romance
32215,Supernatural
32215,Ecchi
2225,Drama
4060,Adventure
4060,Comedy
4060,Fantasy
4037,Sci-Fi
19195,Action
19195,Sci-Fi
19195,Suspense
3974,Action
3974,Comedy
3974,Sci-Fi
3674,Comedy
879,Drama
879,Fantasy
879,Girls Love
879,Sci-Fi
2923,Comedy
24703,Action
24703,Comedy
24703,Romance
24703,Supernatural
24703,Ecchi
2553,Drama
2553,Slice of Life
527,Action
527,Adventure
527,Comedy
527,Fantasy
47413,Action
47413,Comedy
47413,Drama
47413,Mystery
334,Comedy
334,Drama
334,Romance
242,Action
242,Comedy
50462,Action
50462,Mystery
50552,Sports
50710,Comedy
50710,Romance
50710,Sci-Fi
1913,Action
1913,Comedy
13663,Comedy
13663,Romance
13663,Sci-Fi
13663,Ecchi
33157,Slice of Life
58079,Comedy
58079,Mystery
58079,Sci-Fi
57314,Fantasy
57314,Sci-Fi
56885,Comedy
56885,Fantasy
56843,Comedy
56843,Romance
54014,Gourmet
54014,Slice of Life
53414,Action
53414,Comedy
34277,Comedy
8100,Action
8100,Sci-Fi
8100,Suspense
15051,Slice of Life
16011,Action
16011,Fantasy
16011,Romance
35673,Adventure
35673,Slice of Life
11743,Action
11743,Fantasy
11743,Sci-Fi
38530,Adventure
38530,Fantasy
38530,Sci-Fi
98,Action
98,Fantasy
98,Girls Love
35086,Action
35086,Supernatural
6187,Comedy
6187,Romance
39675,Action
39675,Drama
39675,Horror
39675,Sci-Fi
39675,Suspense
5290,Comedy
5290,Sci-Fi
10793,Action
10793,Drama
10793,Sci-Fi
3652,Horror
3652,Mystery
3652,Suspense
41714,Action
41714,Drama
41714,Sci-Fi
42391,Comedy
8362,Action
8362,Adventure
8362,Comedy
42985,Action
42985,Drama
42985,Horror
42985,Sci-Fi
42985,Suspense
32071,Action
32071,Drama
32071,Horror
32071,Sci-Fi
32071,Suspense
24627,Comedy
24627,Romance
5228,Action
5228,Drama
1579,Romance
18523,Action
18523,Comedy
18523,Fantasy
3672,Comedy
3672,Sci-Fi
1006,Action
1006,Comedy
1006,Romance
1006,Sci-Fi
39705,Action
39705,Comedy
48890,Action
48890,Drama
48890,Horror
48890,Sci-Fi
48890,Suspense
16123,Slice of Life
36616,Action
36616,Comedy
36616,Supernatural
593,Award Winning
593,Drama
593,Sci-Fi
16417,Slice of Life
501,Adventure
501,Comedy
501,Fantasy
2257,Action
2257,Drama
2257,Sci-Fi
11433,Drama
11433,Romance
11433,Sci-Fi
364,Mystery
327,Comedy
327,Fantasy
10714,Action
10714,Sci-Fi
10703,Adventure
10703,Comedy
10703,Mystery
1728,Comedy
64,Action
64,Drama
64,Supernatural
39469,Action
39469,Comedy
39469,Supernatural
39469,Ecchi
2409,Adventure
2409,Comedy
2409,Fantasy
51145,Action
51145,Adventure
51145,Fantasy
650,Action
650,Comedy
59428,Action
59428,Fantasy
57719,Comedy
57719,Fantasy
55749,Comedy
55749,Romance
55749,Ecchi
14575,Comedy
33490,Adventure
33490,Comedy
33490,Mystery
9136,Comedy
9136,Supernatural
33082,Action
9834,Comedy
9834,Sci-Fi
32026,Comedy
31485,Slice of Life
36910,Action
36910,Fantasy
36910,Supernatural
36951,Action
36951,Supernatural
37266,Romance
34103,Action
34103,Horror
34103,Mystery
34103,Suspense
34792,Adventure
34792,Award Winning
34792,Supernatural
5684,Action
5684,Comedy
3731,Comedy
3731,Romance
2971,Adventure
2971,Comedy
2971,Fantasy
2596,Mystery
2596,Supernatural
2596,Suspense
2548,Drama
2548,Slice of Life
8317,Comedy
2393,Adventure
2393,Comedy
2393,Fantasy
7045,Adventure
7045,Comedy
7045,Fantasy
1972,Action
1972,Adventure
1972,Comedy
1972,Mystery
1911,Action
1911,Comedy
1911,Sci-Fi
44191,Action
20977,Comedy
1394,Drama
1394,Sci-Fi
19021,Comedy
19021,Romance
32526,Slice of Life
48483,Comedy
48483,Horror
3006,Comedy
3006,Slice of Life
48643,Action
48643,Comedy
48643,Fantasy
48643,Romance
2656,Adventure
2656,Comedy
2656,Sci-Fi
14123,Action
14123,Fantasy
14289,Drama
14289,Romance
2013,Action
2013,Comedy
2013,Drama
11663,Action
11663,Drama
11663,Supernatural
59,Comedy
59,Drama
59,Romance
59,Sci-Fi
59,Ecchi
1840,Action
1840,Adventure
1840,Comedy
1840,Fantasy
1840,Romance
1840,Ecchi
6922,Action
6922,Fantasy
1681,Action
1681,Adventure
1681,Fantasy
1651,Action
1651,Adventure
1651,Drama
1651,Sci-Fi
40904,Drama
40904,Romance
47159,Comedy
47159,Fantasy
59186,Action
59186,Mystery
59186,Supernatural
58725,Slice of Life
57325,Comedy
56764,Action
56764,Adventure
56764,Fantasy
53449,Comedy
53449,Supernatural
53407,Drama
53407,Gourmet
53074,Comedy
53074,Fantasy
10620,Action
10620,Supernatural
10620,Suspense
25731,Action
25731,Fantasy
25731,Sci-Fi
12049,Action
12049,Adventure
12049,Fantasy
31580,Action
31580,Horror
31580,Mystery
31580,Supernatural
16528,Drama
16528,Romance
16528,Sci-Fi
34494,Slice of Life
11235,Romance
40991,Action
40991,Adventure
40991,Fantasy
40991,Romance
39586,Comedy
41814,Action
41814,Drama
41814,Sci-Fi
42629,Romance
8756,Romance
39175,Romance
24919,Action
24919,Sci-Fi
44090,Action
44090,Drama
44090,Horror
44090,Sci-Fi
44090,Suspense
4312,Action
4188,Adventure
4188,Comedy
4188,Romance
4188,Supernatural
4188,Ecchi
4138,Adventure
4138,Drama
4138,Fantasy
4138,Slice of Life
38959,Fantasy
38959,Mystery
3076,Romance
2978,Action
2978,Adventure
2978,Fantasy
2978,Horror
2978,Sci-Fi
50854,Adventure
50854,Comedy
50854,Fantasy
14527,Action
14527,Comedy
14527,Ecchi
2649,Award Winning
2649,Comedy
2649,Fantasy
2649,Sci-Fi
50037,Supernatural
22729,Action
22729,Sci-Fi
156,Action
156,Drama
156,Fantasy
156,Mystery
1474,Action
1474,Comedy
1474,Mystery
134,Action
134,Drama
134,Sci-Fi
134,Suspense
1327,Romance
1327,Sports
44069,Adventure
44069,Comedy
44069,Fantasy
28755,Action
28755,Adventure
28755,Fantasy
15613,Action
15613,Fantasy
15613,Mystery
60089,Action
60089,Adventure
60089,Fantasy
57362,Romance
54913,Action
54913,Adventure
54913,Fantasy
53356,Adventure
52082,Fantasy
52082,Romance
51494,Mystery
20221,Comedy
36565,Sports
8457,Action
8457,Comedy
8457,Fantasy
12053,Action
12053,Sci-Fi
12053,Suspense
15591,Comedy
35740,Adventure
35740,Fantasy
35333,Action
35333,Supernatural
38472,Comedy
38472,Fantasy
38824,Romance
35338,Comedy
35338,Romance
35338,Ecchi
32668,Action
32668,Supernatural
33513,Action
33513,Comedy
41528,Action
41528,Adventure
41528,Fantasy
41528,Romance
5233,Action
5233,Adventure
5233,Comedy
5233,Fantasy
1292,Action
1292,Adventure
17080,Action
17080,Drama
17080,Sci-Fi
3199,Adventure
3199,Slice of Life
906,Action
906,Adventure
906,Comedy
906,Fantasy
906,Sci-Fi
2942,Slice of Life
2813,Adventure
2813,Comedy
2813,Drama
2813,Fantasy
763,Action
763,Adventure
763,Comedy
763,Sci-Fi
2670,Adventure
2670,Comedy
2670,Fantasy
2648,Comedy
2648,Fantasy
586,Horror
586,Mystery
586,Supernatural
586,Suspense
2014,Action
2014,Comedy
1873,Action
1873,Adventure
1873,Sci-Fi
20785,Action
20785,Fantasy
20785,Romance
20785,Sci-Fi
181,Action
181,Sci-Fi
181,Ecchi
165,Action
165,Award Winning
165,Drama
165,Mystery
165,Romance
165,Sci-Fi
165,Suspense
50629,Action
50629,Adventure
50629,Mystery
131,Action
131,Adventure
131,Comedy
131,Drama
131,Supernatural
1368,Comedy
1368,Mystery
1316,Fantasy
1316,Sports
59425,Slice of Life
57947,Comedy
57947,Supernatural
52657,Adventure
52657,Fantasy
51287,Action
51287,Adventure
51287,Fantasy
36545,Comedy
36545,Romance
36545,Supernatural
38476,Slice of Life
35756,Slice of Life
38787,Comedy
38787,Romance
35327,Comedy
35327,Sports
39380,Boys Love
39380,Comedy
39988,Comedy
39988,Fantasy
32574,Action
32574,Comedy
32574,Fantasy
3626,Action
3626,Adventure
3626,Drama
3626,Sci-Fi
42106,Action
42106,Adventure
42106,Fantasy
11013,Comedy
11013,Romance
11013,Supernatural
42284,Action
42284,Adventure
42284,Fantasy
42387,Action
42387,Comedy
42519,Comedy
42519,Romance
31326,Comedy
31326,Ecchi
35889,Action
35889,Mystery
25755,Sports
24227,Comedy
24227,Romance
6291,Action
6291,Adventure
1815,Action
1815,Fantasy
1815,Romance
1241,Action
1241,Drama
1241,Sci-Fi
1060,Comedy
1060,Ecchi
49275,Comedy
13837,Comedy
13837,Mystery
13837,Sports
560,Action
560,Drama
560,Sci-Fi
40908,Action
40908,Mystery
40908,Supernatural
389,Action
389,Fantasy
389,Sci-Fi
6149,Comedy
25519,Drama
183,Sports
167,Action
167,Adventure
167,Drama
167,Fantasy
167,Sci-Fi
10178,Drama
10178,Romance
10075,Action
10075,Fantasy
130,Action
130,Adventure
130,Comedy
130,Drama
130,Supernatural
50694,Romance
25,Action
25,Adventure
25,Comedy
25,Sci-Fi
25,Ecchi
20541,Comedy
20541,Romance
20541,Supernatural
10298,Comedy
31798,Drama
31798,Romance
31798,Sci-Fi
60445,Mystery
59398,Action
59398,Adventure
59398,Fantasy
53833,Comedy
53833,Fantasy
53833,Girls Love
53780,Mystery
18177,Sports
34549,Adventure
34549,Fantasy
33818,Slice of Life
10209,Action
10209,Comedy
10209,Supernatural
10209,Ecchi
32485,Comedy
32485,Ecchi
12149,Sci-Fi
38005,Action
38005,Sci-Fi
38005,Ecchi
33028,Action
33028,Horror
33028,Mystery
33028,Suspense
38741,Action
38741,Adventure
38741,Fantasy
38741,Romance
15911,Comedy
6895,Action
6895,Drama
6895,Supernatural
38972,Action
38972,Adventure
40056,Action
40056,Adventure
40056,Sci-Fi
24459,Fantasy
13469,Mystery
13469,Slice of Life
41168,Award Winning
41168,Drama
41168,Romance
41168,Supernatural
38313,Comedy
2489,Comedy
2489,Fantasy
2458,Comedy
2458,Drama
2458,Romance
8098,Action
8098,Drama
8098,Sci-Fi
2216,Action
2216,Drama
2216,Suspense
11933,Action
11933,Comedy
11933,Romance
24037,Suspense
1825,Drama
44204,Mystery
44204,Romance
44204,Supernatural
44221,Action
44221,Comedy
44221,Drama
44221,Fantasy
44221,Romance
1441,Award Winning
1441,Drama
1441,Fantasy
1441,Mystery
1391,Adventure
1391,Sci-Fi
1117,Adventure
1117,Comedy
1117,Fantasy
970,Action
970,Adventure
2820,Action
2820,Adventure
2820,Comedy
37597,Boys Love
37597,Comedy
37597,Drama
2743,Comedy
49599,Comedy
49827,Action
489,Award Winning
489,Slice of Life
489,Supernatural
2116,Sports
12015,Action
12015,Comedy
12015,Mystery
1747,Action
1747,Adventure
1747,Sci-Fi
50324,Fantasy
168,Action
168,Adventure
168,Drama
168,Sci-Fi
50685,Comedy
50404,Adventure
50404,Comedy
50404,Fantasy
1190,Sports
41587,Action
48590,Slice of Life
48590,Supernatural
58523,Action
58523,Adventure
58523,Fantasy
54883,Action
54883,Supernatural
54761,Comedy
38699,Action
15813,Fantasy
7041,Comedy
31918,Comedy
31918,Fantasy
30649,Comedy
30649,Slice of Life
23441,Boys Love
23441,Comedy
33506,Action
33506,Supernatural
38528,Action
38528,Fantasy
23421,Action
23421,Mystery
92,Action
92,Adventure
92,Drama
92,Sci-Fi
38992,Comedy
38992,Romance
40060,Action
40060,Fantasy
4654,Action
4654,Fantasy
4654,Sci-Fi
40513,Comedy
40513,Drama
4114,Comedy
4114,Fantasy
10464,Comedy
30714,Comedy
30714,Supernatural
3268,Sci-Fi
30344,Comedy
30344,Drama
32648,Comedy
2544,Adventure
2544,Drama
2544,Slice of Life
8359,Adventure
8359,Ecchi
27787,Comedy
27787,Romance
2098,Comedy
2098,Drama
2098,Fantasy
2098,Romance
2098,Ecchi
44061,Action
44061,Fantasy
44061,Sci-Fi
4970,Action
4970,Adventure
1454,Action
1454,Avant Garde
1454,Horror
1454,Romance
1454,Supernatural
36686,Fantasy
3965,Comedy
3965,Romance
7858,Comedy
7858,Sci-Fi
7858,Supernatural
7858,Ecchi
1010,Action
1010,Adventure
1010,Comedy
1010,Supernatural
3352,Action
3352,Adventure
3352,Comedy
3352,Sci-Fi
798,Drama
2330,Adventure
2330,Comedy
2330,Fantasy
2204,Mystery
2204,Suspense
50055,Romance
1919,Adventure
1919,Comedy
1919,Sci-Fi
1878,Drama
344,Drama
344,Sci-Fi
344,Supernatural
10765,Comedy
10765,Supernatural
20709,Action
20709,Comedy
238,Action
238,Adventure
50185,Sports
5141,Comedy
5141,Sports
23311,Action
23311,Fantasy
59169,Adventure
59169,Drama
59169,Fantasy
58080,Action
57810,Mystery
56228,Comedy
56228,Fantasy
56228,Romance
52949,Action
52949,Adventure
52949,Fantasy
52481,Romance
37596,Avant Garde
37596,Comedy
13429,Sci-Fi
19193,Sci-Fi
33241,Slice of Life
8888,Action
8888,Sci-Fi
37618,Comedy
37618,Drama
37618,Gourmet
37618,Romance
23319,Action
23319,Adventure
23319,Sci-Fi
34102,Drama
34102,Mystery
37986,Action
37986,Comedy
37986,Fantasy
37986,Romance
37986,Ecchi
6896,Comedy
6325,Action
6325,Adventure
6325,Fantasy
17535,Fantasy
5252,Action
5252,Adventure
5252,Fantasy
40004,Comedy
40004,Romance
40496,Action
40496,Fantasy
36043,Comedy
36043,Romance
2835,Adventure
2835,Boys Love
2835,Comedy
42364,Comedy
9124,Sports
6930,Adventure
6930,Comedy
6930,Fantasy
6572,Action
6572,Drama
6572,Fantasy
6572,Romance
23703,Adventure
23703,Sci-Fi
30016,Action
30016,Comedy
30016,Drama
45196,Adventure
45196,Fantasy
45196,Romance
1590,Action
1590,Adventure
1590,Comedy
1590,Fantasy
36824,Comedy
36824,Romance
36824,Supernatural
38533,Comedy
38533,Drama
38533,Romance
38533,Supernatural
1526,Action
1526,Adventure
1526,Drama
1526,Fantasy
1091,Action
1091,Drama
1091,Sci-Fi
1021,Drama
1021,Romance
3213,Comedy
3213,Sports
2817,Adventure
2817,Fantasy
2817,Romance
2577,Adventure
2577,Drama
2555,Drama
2555,Slice of Life
573,Action
573,Adventure
573,Comedy
573,Drama
573,Romance
573,Sci-Fi
18893,Action
18893,Sci-Fi
506,Drama
506,Romance
2203,Action
2203,Adventure
2203,Drama
2203,Sci-Fi
50094,Action
50094,Adventure
50094,Comedy
50094,Mystery
350,Comedy
333,Award Winning
333,Comedy
333,Drama
333,Sci-Fi
10804,Slice of Life
10531,Adventure
10531,Comedy
10531,Mystery
1521,Award Winning
1521,Drama
47790,Action
47790,Drama
47790,Fantasy
47790,Mystery
47790,Romance
1475,Action
1475,Comedy
1475,Mystery
61294,Action
55463,Slice of Life
53770,Action
53770,Fantasy
52890,Fantasy
17643,Comedy
10232,Slice of Life
10928,Comedy
10928,Romance
28285,Action
28285,Comedy
28285,Fantasy
28285,Romance
28285,Ecchi
10536,Comedy
10536,Romance
23383,Comedy
34318,Romance
34318,Supernatural
32365,Action
32365,Adventure
32365,Fantasy
11617,Action
11617,Comedy
11617,Romance
11617,Supernatural
11617,Ecchi
41094,Adventure
41094,Comedy
41094,Fantasy
3549,Action
3549,Adventure
3225,Comedy
2847,Action
2847,Adventure
2847,Comedy
2847,Drama
2847,Fantasy
9023,Comedy
28149,Action
28149,Avant Garde
28149,Fantasy
28149,Sci-Fi
28149,Supernatural
28149,Ecchi
18041,Action
18041,Drama
18041,Supernatural
38360,Action
38360,Adventure
38360,Comedy
38360,Fantasy
5332,Action
5332,Comedy
5332,Drama
5332,Romance
5355,Action
5355,Fantasy
15863,Action
15863,Sci-Fi
31327,Gourmet
31327,Ecchi
35376,Comedy
1078,Comedy
1078,Gourmet
1064,Adventure
1064,Comedy
1064,Sci-Fi
48612,Action
48612,Adventure
901,Action
901,Adventure
901,Comedy
901,Fantasy
901,Sci-Fi
49066,Drama
49066,Fantasy
822,Action
822,Drama
815,Sports
15927,Comedy
15927,Supernatural
764,Adventure
764,Comedy
764,Sci-Fi
764,Sports
48649,Action
48649,Mystery
48649,Supernatural
2664,Adventure
2664,Award Winning
2664,Comedy
2664,Fantasy
2664,Sci-Fi
601,Avant Garde
601,Award Winning
601,Comedy
2512,Adventure
2512,Comedy
2512,Mystery
48471,Fantasy
2337,Adventure
2337,Drama
2337,Sci-Fi
10479,Action
10479,Comedy
10479,Supernatural
8841,Action
8841,Comedy
8841,Supernatural
8841,Ecchi
1589,Drama
1589,Gourmet
50461,Action
50461,Fantasy
50461,Romance
207,Action
207,Adventure
207,Fantasy
1476,Action
1476,Comedy
1476,Mystery
10020,Comedy
10020,Romance
113,Action
113,Romance
113,Sci-Fi
10798,Mystery
10798,Sci-Fi
10798,Supernatural
1278,Comedy
1278,Romance
18507,Sports
9611,Comedy
9611,Romance
9611,Supernatural
1170,Adventure
1170,Comedy
1170,Fantasy
24655,Action
24655,Fantasy
24655,Romance
24655,Sci-Fi
59175,Drama
59175,Sports
56038,Action
56038,Suspense
54866,Sports
52973,Comedy
52973,Romance
52973,Ecchi
52765,Action
52765,Adventure
52765,Fantasy
52173,Comedy
52173,Fantasy
52173,Romance
17875,Comedy
17875,Romance
13599,Drama
13599,Mystery
13599,Sci-Fi
22839,Slice of Life
29067,Comedy
29067,Romance
23725,Action
23725,Sci-Fi
23725,Ecchi
38759,Slice of Life
38759,Supernatural
21681,Slice of Life
68,Action
68,Adventure
68,Sci-Fi
35626,Action
35626,Adventure
35626,Fantasy
35626,Romance
40005,Action
40005,Fantasy
42206,Comedy
42206,Gourmet
42206,Slice of Life
10884,Slice of Life
42826,Fantasy
42826,Romance
7972,Slice of Life
3358,Comedy
3358,Drama
1764,Sports
5832,Drama
5832,Sports
36652,Drama
1419,Action
1419,Adventure
1419,Comedy
1419,Mystery
1392,Drama
1392,Sci-Fi
3712,Action
3712,Adventure
3712,Comedy
3712,Fantasy
3712,Romance
3712,Ecchi
48537,Romance
17641,Romance
17641,Sci-Fi
17269,Action
17269,Drama
17269,Sci-Fi
6408,Drama
6408,Mystery
6408,Romance
17121,Slice of Life
868,Adventure
868,Comedy
868,Fantasy
2969,Action
2969,Sci-Fi
49241,Action
49241,Sci-Fi
49241,Suspense
714,Comedy
714,Romance
2675,Fantasy
565,Action
565,Adventure
565,Drama
565,Sci-Fi
49938,Fantasy
11053,Adventure
11053,Comedy
11053,Fantasy
1565,Action
1565,Adventure
1565,Comedy
1565,Fantasy
50,Comedy
50,Romance
50,Supernatural
40902,Gourmet
40902,Ecchi
34443,Sports
484,Adventure
484,Supernatural
59891,Action
59891,Adventure
59891,Fantasy
59891,Romance
57648,Comedy
57648,Fantasy
55790,Action
55790,Fantasy
55790,Supernatural
54855,Drama
54855,Romance
52769,Comedy
52769,Drama
52769,Fantasy
52137,Fantasy
37175,Mystery
37175,Suspense
10624,Action
10624,Sci-Fi
10624,Suspense
31678,Action
31678,Adventure
31678,Fantasy
37164,Action
37164,Adventure
37164,Fantasy
37164,Romance
38753,Drama
38753,Romance
35249,Sports
6288,Action
6288,Sci-Fi
5521,Action
5521,Comedy
5521,Romance
4715,Drama
4715,Fantasy
4715,Suspense
33035,Comedy
4639,Avant Garde
4639,Comedy
4639,Drama
4639,Sci-Fi
4189,Drama
4189,Romance
40732,Action
40732,Adventure
40732,Mystery
5909,Comedy
31500,Action
41224,Adventure
41224,Mystery
41224,Supernatural
3292,Comedy
9200,Adventure
9200,Comedy
9200,Gourmet
2744,Comedy
13391,Action
13391,Sci-Fi
43470,Comedy
43470,Romance
2107,Action
2107,Adventure
2107,Fantasy
6948,Mystery
6948,Romance
6948,Supernatural
5998,Fantasy
38483,Comedy
38483,Romance
5244,Sci-Fi
5244,Slice of Life
1439,Action
1439,Adventure
1439,Comedy
1439,Mystery
4061,Adventure
4061,Comedy
4061,Fantasy
48941,Action
48941,Fantasy
807,Action
807,Adventure
807,Drama
807,Fantasy
807,Romance
48857,Fantasy
48857,Slice of Life
31884,Action
2488,Adventure
2488,Fantasy
2228,Comedy
2228,Sports
16353,Comedy
16353,Romance
1744,Adventure
1744,Comedy
1744,Drama
1744,Fantasy
1744,Romance
191,Comedy
191,Romance
1303,Action
1303,Drama
1303,Sci-Fi
1146,Comedy
1146,Romance
1146,Sci-Fi
58606,Comedy
53671,Slice of Life
53434,Action
53434,Fantasy
53434,Romance
51461,Drama
51461,Fantasy
37303,Action
9893,Action
7662,Horror
7662,Mystery
7662,Supernatural
33758,Action
33758,Fantasy
33758,Supernatural
13261,Sports
36884,Award Winning
36884,Comedy
36884,Drama
36884,Fantasy
30458,Action
30458,Fantasy
30458,Horror
30458,Suspense
20671,Drama
20671,Slice of Life
40109,Action
40109,Drama
40109,Sci-Fi
34863,Action
34863,Comedy
34863,Fantasy
40656,Comedy
2472,Action
2472,Adventure
2472,Fantasy
24469,Action
24469,Sci-Fi
19951,Action
19951,Adventure
19951,Fantasy
35330,Comedy
5984,Drama
5984,Gourmet
5984,Romance
5753,Action
9213,Drama
9213,Sci-Fi
42587,Drama
1426,Action
1426,Adventure
1426,Comedy
4375,Adventure
4375,Comedy
4375,Fantasy
1347,Action
1347,Adventure
1347,Sci-Fi
1238,Action
1238,Adventure
1238,Fantasy
1081,Action
1081,Adventure
1081,Drama
1081,Sci-Fi
1030,Award Winning
959,Adventure
959,Drama
959,Romance
908,Comedy
908,Fantasy
869,Adventure
869,Comedy
869,Fantasy
867,Adventure
867,Comedy
867,Fantasy
867,Supernatural
2986,Comedy
2986,Sports
42161,Adventure
42161,Comedy
34086,Action
34086,Adventure
34086,Fantasy
28869,Adventure
28869,Comedy
28869,Mystery
42163,Action
42163,Fantasy
476,Drama
476,Romance
476,Sports
476,Supernatural
12067,Action
12067,Romance
10713,Action
10713,Mystery
10713,Sci-Fi
1684,Comedy
198,Action
198,Mystery
198,Suspense
161,Action
161,Comedy
944,Action
944,Adventure
944,Sci-Fi
32105,Action
32105,Fantasy
32105,Romance
56963,Action
56963,Adventure
56963,Fantasy
51334,Action
51334,Adventure
51334,Fantasy
15963,Comedy
9888,Comedy
14811,Comedy
28013,Action
28013,Romance
28013,Sci-Fi
36936,Adventure
36936,Drama
36936,Fantasy
17505,Action
17505,Fantasy
5710,Comedy
39875,Supernatural
33004,Comedy
4437,Action
4437,Adventure
4437,Fantasy
4015,Comedy
4015,Romance
16762,Supernatural
16762,Suspense
33983,Action
33983,Drama
9120,Action
9120,Comedy
9120,Supernatural
2408,Action
2408,Adventure
2408,Comedy
2408,Drama
2408,Sci-Fi
2253,Action
2253,Drama
2253,Sci-Fi
13335,Action
13335,Drama
13335,Supernatural
13271,Action
13271,Adventure
13271,Fantasy
6381,Action
6381,Sci-Fi
6381,Ecchi
18229,Action
18229,Sci-Fi
5593,Action
5593,Drama
5593,Sci-Fi
45489,Comedy
5065,Comedy
1424,Action
1424,Adventure
1424,Comedy
1424,Mystery
4038,Action
4038,Comedy
3468,Comedy
3468,Girls Love
878,Action
878,Romance
878,Sci-Fi
48962,Drama
48962,Fantasy
48962,Romance
3009,Drama
3009,Sports
845,Action
845,Adventure
845,Fantasy
37937,Action
37937,Adventure
37937,Fantasy
37937,Romance
45486,Adventure
45486,Comedy
45486,Fantasy
656,Comedy
656,Drama
656,Romance
656,Supernatural
49520,Comedy
49520,Romance
13931,Adventure
13931,Comedy
13931,Drama
13931,Romance
520,Romance
13333,Slice of Life
519,Comedy
519,Romance
505,Comedy
505,Fantasy
483,Action
483,Drama
483,Sci-Fi
408,Action
408,Adventure
408,Drama
408,Fantasy
408,Sci-Fi
10805,Comedy
10805,Supernatural
10638,Comedy
10638,Sci-Fi
1674,Sports
36317,Comedy
1536,Action
1536,Supernatural
28623,Action
28623,Fantasy
28623,Horror
28623,Suspense
158,Drama
158,Girls Love
8676,Romance
1171,Adventure
1171,Comedy
1171,Fantasy
49,Comedy
49,Romance
49,Supernatural
51020,Action
51020,Fantasy
27,Action
27,Fantasy
27,Sci-Fi
5578,Adventure
5578,Comedy
5578,Mystery
61840,Fantasy
61393,Action
61393,Adventure
61393,Fantasy
55877,Comedy
55877,Supernatural
53613,Action
53613,Fantasy
52367,Adventure
52367,Comedy
52367,Fantasy
52178,Action
52178,Comedy
52178,Fantasy
51280,Fantasy
51280,Romance
51333,Sports
17259,Sports
13093,Mystery
13093,Romance
13093,Ecchi
34299,Action
34299,Adventure
34299,Comedy
34299,Drama
32806,Slice of Life
16009,Adventure
16009,Drama
16009,Fantasy
16009,Mystery
15751,Action
15751,Comedy
15751,Fantasy
32175,Slice of Life
35815,Mystery
35815,Suspense
37031,Fantasy
33362,Slice of Life
37492,Comedy
101,Drama
101,Romance
101,Supernatural
99,Comedy
99,Drama
99,Fantasy
39819,Comedy
39819,Romance
3958,Comedy
3958,Supernatural
31997,Comedy
3859,Mystery
3859,Sci-Fi
3859,Suspense
40881,Action
40881,Adventure
40881,Comedy
40881,Fantasy
41290,Boys Love
41290,Drama
42187,Action
42187,Adventure
42187,Supernatural
8115,Adventure
8115,Fantasy
8115,Sci-Fi
2336,Comedy
2336,Supernatural
26349,Comedy
26349,Romance
6560,Avant Garde
6560,Comedy
44376,Slice of Life
5760,Action
5760,Adventure
5760,Fantasy
4884,Adventure
4884,Drama
4884,Fantasy
45620,Award Winning
45620,Drama
21075,Comedy
41833,Comedy
41833,Fantasy
1231,Action
1231,Adventure
1231,Comedy
1231,Sci-Fi
40497,Action
40497,Fantasy
40497,Romance
40497,Sci-Fi
1072,Action
1072,Fantasy
40938,Drama
40938,Romance
2929,Adventure
2929,Drama
2929,Sci-Fi
50855,Action
50855,Drama
50855,Sci-Fi
710,Comedy
710,Romance
653,Comedy
653,Sci-Fi
49438,Fantasy
2654,Adventure
2654,Fantasy
14669,Drama
14669,Romance
13357,Comedy
13357,Romance
13357,Supernatural
13357,Ecchi
11499,Comedy
11499,Horror
11499,Romance
11499,Supernatural
11499,Ecchi
443,Comedy
443,Romance
443,Sci-Fi
443,Ecchi
11266,Supernatural
356,Action
356,Fantasy
356,Romance
35159,Girls Love
272,Action
272,Drama
272,Mystery
10294,Action
10294,Sci-Fi
1432,Action
1432,Adventure
1432,Comedy
1432,Mystery
44064,Action
44064,Drama
44064,Supernatural
54632,Fantasy
54632,Romance
54042,Comedy
53873,Action
53873,Adventure
53873,Comedy
53873,Fantasy
52522,Action
52522,Adventure
52522,Fantasy
52081,Comedy
52081,Supernatural
51794,Action
51794,Adventure
51794,Fantasy
36491,Action
36491,Adventure
36491,Comedy
36491,Romance
36491,Supernatural
34649,Action
34649,Drama
34649,Sci-Fi
9135,Action
9135,Adventure
9135,Drama
9135,Fantasy
9793,Action
9793,Fantasy
15199,Action
36539,Comedy
36539,Romance
37403,Sports
38921,Sports
38999,Comedy
6712,Comedy
6712,Romance
6712,Supernatural
35262,Action
39576,Action
39576,Adventure
39576,Fantasy
31756,Action
31756,Drama
31756,Fantasy
30901,Action
30901,Drama
30901,Fantasy
30547,Fantasy
41884,Action
41884,Adventure
41884,Fantasy
41884,Romance
42192,Action
42192,Adventure
42192,Fantasy
42192,Sci-Fi
2927,Drama
2927,Romance
39487,Action
39487,Adventure
39487,Drama
9348,Drama
9348,Romance
31414,Comedy
31414,Romance
8768,Romance
2655,Adventure
2655,Comedy
2655,Fantasy
8363,Action
8363,Adventure
8363,Comedy
7870,Comedy
6783,Drama
6783,Mystery
6783,Romance
43692,Comedy
33654,Boys Love
33654,Drama
1655,Comedy
34541,Adventure
34541,Fantasy
3089,Award Winning
3089,Drama
3051,Romance
844,Adventure
844,Supernatural
2922,Drama
2922,Sports
770,Drama
770,Sci-Fi
855,Drama
855,Girls Love
15687,Comedy
633,Adventure
633,Award Winning
633,Drama
633,Fantasy
633,Romance
14345,Action
14345,Sci-Fi
14345,Suspense
14267,Action
14267,Adventure
14267,Mystery
14267,Supernatural
2597,Adventure
2597,Comedy
2597,Mystery
49569,Action
49569,Adventure
49569,Fantasy
49569,Romance
4186,Action
4186,Adventure
4186,Fantasy
4186,Sci-Fi
541,Action
541,Comedy
541,Sci-Fi
536,Adventure
536,Comedy
536,Fantasy
2398,Adventure
2398,Comedy
2398,Drama
2398,Sci-Fi
2269,Action
2269,Sci-Fi
12729,Action
12729,Comedy
12729,Romance
12729,Supernatural
12729,Ecchi
30300,Action
30300,Comedy
30300,Romance
30300,Supernatural
30300,Ecchi
2129,Drama
2129,Romance
9874,Fantasy
1288,Action
1288,Comedy
1288,Sci-Fi
3010,Adventure
52,Award Winning
52,Comedy
52,Drama
52,Sci-Fi
14967,Comedy
14967,Romance
14967,Ecchi
6574,Slice of Life
5150,Comedy
5150,Romance
9181,Comedy
9181,Romance
9181,Sci-Fi
9181,Ecchi
38186,Comedy
38186,Romance
60057,Action
60057,Adventure
60057,Fantasy
60415,Sports
59654,Action
59654,Supernatural
59178,Drama
57469,Action
57469,Adventure
57469,Fantasy
57469,Supernatural
57533,Comedy
57533,Fantasy
55874,Adventure
55874,Comedy
55874,Sci-Fi
54617,Fantasy
54617,Slice of Life
51653,Action
51653,Sci-Fi
12753,Action
12753,Mystery
12753,Suspense
37884,Action
37884,Adventure
18295,Action
18295,Sci-Fi
25647,Action
25647,Comedy
24781,Action
24781,Suspense
36803,Action
36803,Fantasy
35145,Slice of Life
35145,Supernatural
37993,Comedy
75,Action
75,Drama
75,Sci-Fi
28497,Action
28497,Fantasy
28497,Mystery
34611,Drama
5060,Comedy
35949,Action
35949,Drama
35949,Sci-Fi
4618,Action
4618,Drama
4618,Sci-Fi
32566,Action
32566,Adventure
32566,Supernatural
40661,Comedy
40661,Supernatural
32174,Comedy
32174,Drama
40778,Drama
40778,Sci-Fi
31919,Slice of Life
1858,Comedy
1858,Slice of Life
4663,Action
4663,Adventure
20359,Comedy
20359,Supernatural
47614,Comedy
47614,Gourmet
1302,Adventure
1302,Drama
1302,Sci-Fi
4028,Action
4028,Adventure
4028,Comedy
4028,Fantasy
3791,Comedy
3791,Sports
3791,Ecchi
1090,Action
1090,Adventure
1090,Drama
1090,Sci-Fi
3469,Drama
3469,Girls Love
1004,Slice of Life
48684,Fantasy
2954,Comedy
2954,Girls Love
15439,Boys Love
15439,Drama
15439,Fantasy
665,Action
665,Adventure
665,Drama
44408,Adventure
44408,Fantasy
49559,Action
13585,Drama
13585,Romance
13585,Supernatural
11701,Horror
11701,Mystery
11701,Suspense
10918,Drama
10918,Sci-Fi
1778,Adventure
1778,Comedy
1778,Gourmet
282,Action
282,Drama
282,Mystery
282,Romance
1678,Action
1678,Adventure
1678,Sci-Fi
50384,Action
50384,Supernatural
5277,Action
5277,Comedy
5277,Romance
5277,Ecchi
45425,Gourmet
45425,Slice of Life
1410,Action
1410,Sci-Fi
9786,Adventure
9786,Comedy
9786,Mystery
35413,Comedy
35413,Romance
35413,Ecchi
42282,Comedy
42282,Fantasy
42282,Romance
41710,Action
41710,Fantasy
41710,Romance
49448,Action
49448,Fantasy
39753,Drama
39753,Romance
60624,Drama
60624,Fantasy
59276,Comedy
31670,Adventure
31670,Comedy
31670,Mystery
28495,Action
28495,Sci-Fi
27969,Award Winning
27969,Drama
27969,Mystery
38467,Action
38467,Fantasy
38467,Supernatural
6980,Horror
6980,Mystery
6980,Supernatural
39912,Action
39912,Adventure
39912,Fantasy
39912,Romance
5034,Action
5034,Horror
5034,Supernatural
40587,Action
34618,Comedy
37347,Action
37347,Adventure
37347,Fantasy
27829,Action
27829,Sci-Fi
42962,Comedy
42962,Romance
2361,Action
2361,Adventure
2361,Sci-Fi
7616,Drama
7616,Slice of Life
3577,Comedy
3577,Sci-Fi
6380,Action
6380,Comedy
6380,Sci-Fi
15109,Comedy
15109,Fantasy
15109,Mystery
40272,Drama
11179,Comedy
11179,Romance
20689,Action
20689,Mystery
4651,Adventure
4651,Comedy
4651,Fantasy
1437,Action
1437,Adventure
1437,Comedy
1437,Mystery
47307,Sci-Fi
48000,Comedy
48000,Fantasy
30991,Comedy
3655,Action
3655,Drama
3655,Supernatural
8481,Drama
8481,Romance
3245,Mystery
2515,Adventure
2515,Comedy
2515,Mystery
49690,Comedy
550,Action
550,Comedy
550,Fantasy
2126,Action
2126,Supernatural
411,Action
411,Adventure
411,Drama
411,Sci-Fi
381,Adventure
381,Fantasy
381,Romance
738,Action
738,Adventure
738,Comedy
738,Fantasy
335,Comedy
335,Mystery
335,Supernatural
1723,Drama
1723,Romance
1723,Supernatural
50429,Mystery
50429,Suspense
50549,Action
50549,Sci-Fi
40532,Comedy
152,Action
152,Sci-Fi
117,Adventure
117,Comedy
117,Fantasy
117,Romance
22433,Action
22433,Fantasy
1313,Action
1313,Adventure
1313,Comedy
1313,Fantasy
44025,Adventure
44025,Comedy
44025,Sci-Fi
5667,Comedy
5667,Romance
5667,Sci-Fi
5667,Ecchi
58920,Drama
58920,Sci-Fi
55774,Comedy
55774,Fantasy
55774,Gourmet
53882,Action
53882,Adventure
53882,Fantasy
51498,Comedy
51498,Romance
37023,Comedy
37023,Mystery
21635,Comedy
21039,Action
21039,Sci-Fi
33581,Action
33581,Comedy
33581,Fantasy
33581,Romance
33581,Ecchi
15651,Action
15651,Mystery
15651,Suspense
35654,Action
32051,Action
32051,Adventure
32051,Fantasy
31771,Slice of Life
11633,Action
11633,Comedy
11633,Fantasy
108,Adventure
108,Comedy
108,Fantasy
6988,Adventure
6988,Comedy
6988,Fantasy
38815,Comedy
37140,Comedy
37140,Horror
37140,Supernatural
12467,Romance
34391,Action
34391,Drama
34391,Sci-Fi
40833,Comedy
30870,Action
30870,Horror
30870,Mystery
30870,Supernatural
3342,Action
3342,Girls Love
3342,Horror
3342,Sci-Fi
3342,Supernatural
28621,Mystery
28621,Sci-Fi
28621,Suspense
2400,Comedy
2400,Supernatural
43555,Adventure
43555,Comedy
43555,Sci-Fi
6676,Action
6676,Fantasy
6676,Sci-Fi
40974,Adventure
40974,Comedy
40974,Fantasy
24029,Action
24029,Comedy
44065,Action
44065,Fantasy
5273,Sports
1609,Action
4550,Comedy
4382,Comedy
4382,Mystery
4382,Sci-Fi
14833,Adventure
14833,Fantasy
14833,Romance
17113,Adventure
17113,Comedy
17113,Gourmet
960,Adventure
960,Drama
960,Romance
16732,Slice of Life
42668,Sports
2756,Drama
2756,Fantasy
2756,Sci-Fi
49202,Boys Love
664,Adventure
664,Comedy
664,Drama
664,Fantasy
38217,Boys Love
38217,Comedy
5597,Comedy
5597,Romance
5597,Supernatural
418,Adventure
418,Comedy
386,Comedy
386,Romance
386,Sports
326,Horror
326,Mystery
326,Supernatural
50652,Comedy
50652,Fantasy
50652,Romance
1369,Adventure
1369,Comedy
1369,Mystery
34281,Action
34281,Comedy
34281,Romance
34281,Supernatural
34281,Ecchi
1250,Action
1250,Adventure
1250,Fantasy
1250,Romance
1222,Drama
1222,Romance
49303,Award Winning
49303,Drama
7,Action
7,Drama
7,Mystery
7,Supernatural
35639,Drama
35639,Romance
57422,Horror
57422,Sci-Fi
57422,Supernatural
57422,Suspense
54909,Drama
54909,Mystery
52149,Fantasy
51986,Comedy
51912,Action
16868,Romance
34238,Comedy
34238,Sports
33074,Action
33074,Adventure
33074,Comedy
38733,Comedy
29325,Action
29325,Sci-Fi
29325,Suspense
27945,Comedy
27945,Romance
27945,Supernatural
38098,Drama
38098,Romance
38098,Sports
30321,Action
30321,Fantasy
30321,Ecchi
37716,Comedy
37716,Fantasy
37716,Romance
20479,Action
20479,Comedy
20479,Fantasy
20479,Sci-Fi
38653,Action
38653,Comedy
34933,Drama
34933,Mystery
34933,Suspense
34125,Action
33929,Action
5267,Adventure
5267,Suspense
33558,Action
33558,Adventure
33558,Fantasy
32930,Comedy
32930,Fantasy
32930,Ecchi
5764,Comedy
5764,Fantasy
5764,Ecchi
40880,Comedy
41514,Action
41514,Adventure
41514,Comedy
41514,Fantasy
42030,Action
42340,Comedy
42340,Fantasy
29583,Comedy
29583,Sports
42632,Romance
39026,Comedy
39026,Ecchi
27825,Action
27825,Adventure
27825,Fantasy
2407,Comedy
2407,Sci-Fi
43349,Comedy
43349,Sci-Fi
5958,Comedy
5958,Romance
5958,Sci-Fi
5958,Supernatural
5958,Ecchi
3887,Drama
3887,Sports
1110,Romance
3272,Comedy
3272,Sports
17137,Adventure
17137,Drama
17137,Fantasy
915,Adventure
915,Drama
2987,Action
2987,Adventure
2987,Sci-Fi
2825,Adventure
2825,Fantasy
2825,Romance
1374,Action
1374,Horror
1374,Sci-Fi
2660,Fantasy
34279,Action
34279,Adventure
34279,Drama
34279,Fantasy
34279,Romance
485,Comedy
485,Slice of Life
46587,Comedy
46587,Fantasy
2193,Adventure
2193,Fantasy
2193,Romance
12231,Action
12231,Adventure
12231,Comedy
12231,Fantasy
12231,Sci-Fi
424,Adventure
424,Comedy
424,Sci-Fi
2036,Adventure
2036,Comedy
2036,Drama
2036,Sci-Fi
36923,Action
36923,Adventure
36923,Fantasy
10629,Adventure
10629,Drama
10629,Fantasy
8915,Action
8915,Mystery
8915,Supernatural
11757,Action
11757,Adventure
11757,Fantasy
11757,Romance
58484,Action
58484,Adventure
58484,Fantasy
57371,Action
57371,Fantasy
57371,Sci-Fi
56830,Drama
52962,Comedy
36466,Action
36466,Adventure
36466,Comedy
36466,Drama
11777,Action
11777,Adventure
11777,Comedy
24625,Action
24625,Sci-Fi
29786,Comedy
29786,Ecchi
38656,Action
38656,Mystery
38656,Sci-Fi
38656,Suspense
28299,Comedy
28299,Romance
30740,Drama
84,Action
84,Adventure
84,Drama
84,Romance
84,Sci-Fi
35425,Action
35425,Supernatural
6116,Comedy
6116,Slice of Life
16774,Action
16774,Comedy
5084,Adventure
5084,Award Winning
5084,Drama
6954,Mystery
9117,Romance
31374,Comedy
30869,Action
30869,Horror
30869,Mystery
30869,Supernatural
32189,Action
32189,Horror
32189,Mystery
32189,Suspense
9340,Comedy
8364,Action
8364,Adventure
8364,Comedy
8364,Fantasy
30206,Comedy
30206,Supernatural
2044,Comedy
2044,Fantasy
2044,Romance
2044,Sci-Fi
6030,Action
6030,Comedy
6030,Sci-Fi
6030,Ecchi
20903,Drama
1358,Action
1358,Drama
1358,Sci-Fi
1195,Action
1195,Adventure
1195,Comedy
1195,Fantasy
1195,Romance
1195,Ecchi
48305,Comedy
48305,Romance
33726,Action
33726,Adventure
33726,Comedy
33726,Drama
33726,Supernatural
3256,Sci-Fi
963,Drama
963,Romance
30911,Action
30911,Adventure
30911,Fantasy
940,Comedy
940,Romance
940,Supernatural
940,Ecchi
3036,Action
3036,Adventure
3036,Comedy
3036,Romance
713,Drama
713,Romance
713,Supernatural
4483,Fantasy
4483,Romance
4483,Slice of Life
20853,Action
20853,Adventure
20853,Fantasy
20853,Romance
482,Action
482,Comedy
482,Fantasy
2182,Fantasy
2182,Sci-Fi
2043,Action
2043,Adventure
2043,Comedy
2043,Mystery
2043,Romance
5356,Action
5356,Mystery
5356,Sci-Fi
38480,Action
38480,Fantasy
38480,Sci-Fi
35459,Action
341,Drama
341,Mystery
330,Comedy
330,Drama
330,Romance
330,Ecchi
306,Award Winning
306,Comedy
306,Fantasy
306,Ecchi
1524,Slice of Life
1524,Supernatural
50581,Action
50581,Adventure
50581,Fantasy
48453,Action
48453,Drama
48453,Suspense
1259,Action
1259,Adventure
1259,Fantasy
1259,Sci-Fi
1255,Adventure
1255,Fantasy
1255,Sci-Fi
22273,Suspense
1722,Comedy
1722,Fantasy
1722,Romance
1722,Ecchi
10110,Comedy
10110,Romance
10110,Ecchi
42361,Comedy
42361,Romance
61130,Comedy
61130,Supernatural
59136,Fantasy
59136,Mystery
56216,Action
56216,Fantasy
54198,Comedy
19251,Comedy
19251,Romance
13409,Comedy
13409,Gourmet
13409,Supernatural
33606,Action
33606,Adventure
33606,Comedy
33606,Fantasy
15201,Action
31324,Ecchi
31280,Suspense
15699,Comedy
15699,Sci-Fi
16700,Horror
16700,Mystery
36783,Action
31297,Action
31297,Fantasy
31297,Horror
31297,Suspense
10189,Action
10189,Adventure
10189,Fantasy
11759,Action
11759,Romance
11759,Sci-Fi
33013,Boys Love
33013,Comedy
33013,Drama
40909,Action
40909,Adventure
40909,Fantasy
40909,Romance
30419,Drama
2947,Comedy
42422,Action
9241,Action
9241,Sci-Fi
8022,Comedy
2383,Action
2383,Adventure
2383,Romance
2383,Sci-Fi
6198,Comedy
6198,Mystery
5947,Comedy
5854,Action
5854,Adventure
5854,Drama
5854,Romance
41006,Horror
41006,Mystery
41006,Suspense
20509,Action
20509,Comedy
1373,Drama
1191,Action
1191,Comedy
1191,Romance
1191,Sci-Fi
3861,Action
3861,Adventure
3861,Supernatural
17901,Fantasy
974,Action
974,Comedy
974,Sci-Fi
935,Action
935,Drama
935,Sci-Fi
40128,Drama
49040,Action
49040,Adventure
49040,Comedy
49040,Mystery
2818,Action
2818,Comedy
2818,Fantasy
2818,Sci-Fi
48624,Avant Garde
48624,Comedy
48624,Drama
48624,Mystery
48624,Supernatural
40230,Drama
40230,Mystery
47160,Action
47160,Adventure
47160,Fantasy
2585,Drama
2585,Sci-Fi
521,Romance
2222,Comedy
2222,Sci-Fi
49979,Comedy
49979,Fantasy
49979,Romance
2030,Adventure
2030,Drama
2030,Mystery
246,Action
246,Adventure
246,Comedy
246,Fantasy
246,Romance
190,Comedy
190,Romance
190,Ecchi
36927,Action
36927,Adventure
36927,Comedy
36927,Fantasy
12875,Sports
1352,Action
1352,Adventure
1352,Sci-Fi
34662,Action
34662,Fantasy
1144,Drama
1144,Romance
1144,Sci-Fi
31245,Romance
56964,Romance
53128,Drama
53128,Romance
53128,Sci-Fi
51692,Comedy
51068,Supernatural
36633,Action
36633,Fantasy
36633,Romance
36633,Sci-Fi
31978,Comedy
12669,Romance
28607,Comedy
27653,Action
27653,Adventure
27653,Comedy
10711,Comedy
37307,Action
13055,Comedy
13055,Horror
13055,Romance
13055,Supernatural
13055,Ecchi
34784,Comedy
34784,Sports
5226,Action
5226,Adventure
16592,Horror
16592,Mystery
16592,Suspense
3467,Comedy
3467,Romance
2948,Comedy
2808,Action
2808,Sci-Fi
42481,Romance
2294,Action
2294,Drama
2294,Romance
2294,Sci-Fi
2254,Action
2254,Sci-Fi
2111,Action
2111,Adventure
7058,Adventure
7058,Boys Love
7058,Drama
7058,Supernatural
37981,Award Winning
37981,Drama
37981,Mystery
37981,Supernatural
22859,Comedy
35849,Action
35849,Drama
35849,Romance
35849,Sci-Fi
1534,Action
1534,Comedy
20457,Comedy
20457,Romance
20457,Supernatural
4551,Adventure
4551,Romance
4551,Supernatural
1126,Sci-Fi
1126,Slice of Life
1080,Action
1080,Award Winning
1080,Drama
1080,Sci-Fi
1080,Suspense
19469,Comedy
16694,Comedy
16694,Horror
16694,Romance
16694,Supernatural
16694,Ecchi
2816,Adventure
2816,Drama
2816,Romance
2816,Sci-Fi
15735,Action
15735,Adventure
712,Action
712,Adventure
712,Comedy
2672,Fantasy
655,Comedy
655,Sci-Fi
2659,Fantasy
2542,Drama
2542,Romance
48406,Sports
2020,Comedy
2020,Fantasy
10870,Comedy
10870,Sci-Fi
3220,Avant Garde
3220,Drama
201,Comedy
201,Drama
201,Romance
201,Ecchi
50553,Fantasy
1450,Adventure
1450,Comedy
1450,Drama
1450,Sci-Fi
11341,Comedy
11341,Mystery
33605,Action
33605,Boys Love
33605,Comedy
33605,Supernatural
9488,Action
9488,Sci-Fi
58271,Romance
51195,Action
51195,Fantasy
16444,Comedy
16444,Fantasy
16444,Ecchi
15617,Comedy
15617,Fantasy
19211,Action
19211,Adventure
19211,Sci-Fi
35880,Sports
19759,Action
19759,Comedy
38383,Comedy
38383,Supernatural
31378,Action
31378,Drama
31378,Fantasy
8460,Action
8460,Supernatural
8460,Suspense
6604,Comedy
6604,Slice of Life
34300,Action
34300,Fantasy
8934,Action
8934,Romance
8934,Sci-Fi
3568,Comedy
3568,Sports
31158,Comedy
5525,Action
5525,Fantasy
28683,Action
28683,Adventure
28683,Fantasy
27631,Action
27631,Fantasy
27631,Sci-Fi
2152,Comedy
2152,Drama
2152,Fantasy
2152,Sci-Fi
24031,Comedy
35220,Slice of Life
35220,Supernatural
6163,Action
6163,Comedy
6163,Mystery
6163,Supernatural
1808,Comedy
1808,Fantasy
1808,Romance
5675,Sci-Fi
5675,Sports
21797,Comedy
4903,Comedy
4903,Ecchi
4726,Action
4726,Adventure
4726,Fantasy
1237,Action
1237,Adventure
1237,Fantasy
19163,Action
19163,Fantasy
19163,Romance
19163,Sci-Fi
3727,Adventure
3727,Comedy
3624,Adventure
37086,Drama
37086,Mystery
37086,Suspense
953,Action
953,Adventure
953,Drama
953,Mystery
953,Sci-Fi
837,Comedy
837,Ecchi
762,Action
762,Adventure
762,Drama
762,Supernatural
49318,Action
49318,Comedy
49318,Fantasy
2677,Adventure
2677,Comedy
2677,Fantasy
2677,Sci-Fi
2661,Adventure
2661,Comedy
2513,Adventure
2513,Comedy
2513,Mystery
2286,Adventure
2286,Fantasy
2113,Action
2113,Fantasy
399,Action
399,Romance
399,Sci-Fi
1823,Action
1823,Adventure
1823,Sci-Fi
10862,Comedy
10628,Action
10628,Adventure
10628,Fantasy
10628,Ecchi
50339,Drama
50339,Mystery
50339,Suspense
10396,Action
10396,Comedy
10396,Gourmet
1932,Action
173,Mystery
173,Supernatural
37204,Slice of Life
6758,Action
6758,Fantasy
1206,Drama
1147,Action
1147,Comedy
1147,Sci-Fi
37902,Action
37902,Adventure
37902,Fantasy
55265,Adventure
55265,Fantasy
54717,Action
53850,Action
53850,Sci-Fi
53246,Sci-Fi
51473,Action
51473,Adventure
51473,Fantasy
21073,Comedy
21073,Slice of Life
8133,Action
10686,Action
10686,Adventure
11313,Drama
11313,Romance
9346,Adventure
9346,Sci-Fi
12979,Action
12979,Comedy
107,Adventure
107,Comedy
107,Fantasy
107,Sci-Fi
104,Adventure
104,Drama
104,Horror
104,Romance
104,Supernatural
94,Action
94,Drama
94,Romance
94,Sci-Fi
36305,Romance
34604,Action
34604,Fantasy
34604,Sci-Fi
40329,Comedy
4581,Action
4581,Horror
4581,Supernatural
31754,Comedy
31754,Sports
6023,Comedy
6023,Romance
9355,Comedy
9355,Ecchi
23447,Drama
23447,Romance
23447,Sci-Fi
1846,Drama
1846,Romance
1846,Sports
5929,Drama
37338,Comedy
37338,Drama
41619,Suspense
5351,Action
5351,Sci-Fi
4703,Romance
3956,Comedy
37490,Comedy
37490,Drama
37490,Mystery
3692,Action
1120,Adventure
1120,Comedy
1120,Drama
1120,Fantasy
3593,Action
3593,Comedy
3593,Fantasy
1013,Mystery
1013,Supernatural
3345,Fantasy
3345,Slice of Life
3322,Comedy
3322,Supernatural
3125,Comedy
3125,Fantasy
3125,Romance
34126,Action
34126,Comedy
34126,Romance
34126,Supernatural
3044,Action
3044,Adventure
3044,Sci-Fi
3000,Action
3000,Comedy
2834,Fantasy
2834,Romance
15077,Slice of Life
2683,Action
2683,Drama
2683,Horror
2683,Mystery
2666,Adventure
2666,Comedy
2666,Fantasy
2354,Horror
2354,Sci-Fi
2354,Supernatural
2125,Action
2125,Supernatural
43693,Comedy
31163,Action
31163,Sci-Fi
314,Drama
314,Sports
274,Action
274,Sci-Fi
10483,Action
10334,Action
10334,Adventure
10334,Comedy
10334,Romance
192,Adventure
192,Comedy
192,Romance
1362,Action
1168,Adventure
1168,Comedy
1168,Drama
1168,Sci-Fi
1132,Action
1132,Adventure
1132,Comedy
1132,Drama
1132,Fantasy
14835,Comedy
14835,Drama
60725,Action
60725,Drama
60725,Fantasy
60293,Slice of Life
60293,Sports
59391,Action
59391,Adventure
58551,Action
58551,Adventure
58551,Fantasy
58711,Action
58711,Adventure
58711,Fantasy
56766,Action
56766,Adventure
56766,Fantasy
51897,Action
51897,Drama
51897,Fantasy
51897,Romance
52934,Comedy
52934,Fantasy
52934,Romance
51861,Action
51861,Adventure
51861,Fantasy
51614,Drama
51321,Action
37292,Comedy
37292,Supernatural
34962,Action
34962,Adventure
34962,Comedy
34962,Drama
34540,Action
34540,Adventure
34540,Comedy
32015,Action
32015,Horror
32015,Mystery
32015,Supernatural
23987,Award Winning
23987,Drama
23987,Supernatural
38220,Action
38220,Adventure
38220,Fantasy
31952,Comedy
31952,Romance
37447,Action
37447,Adventure
37447,Drama
37447,Mystery
24475,Comedy
24475,Ecchi
32494,Sports
34978,Comedy
34901,Action
34901,Adventure
34901,Sci-Fi
39638,Action
39638,Comedy
39638,Fantasy
39638,Sci-Fi
3327,Action
3327,Adventure
3327,Sci-Fi
42603,Action
6795,Avant Garde
6795,Fantasy
6795,Sci-Fi
23587,Comedy
23587,Drama
24231,Action
24231,Adventure
24231,Fantasy
24231,Romance
3627,Comedy
3627,Drama
3627,Fantasy
3627,Romance
883,Action
883,Supernatural
15711,Comedy
15611,Action
49154,Action
49154,Fantasy
2652,Comedy
2652,Fantasy
2652,Sci-Fi
465,Action
465,Adventure
465,Fantasy
12711,Comedy
12711,Romance
41762,Comedy
41762,Fantasy
12673,Comedy
12673,Romance
390,Drama
390,Romance
390,Sports
2009,Comedy
2009,Romance
2009,Sports
1965,Drama
1965,Romance
1965,Supernatural
19369,Comedy
19369,Fantasy
48556,Action
48556,Fantasy
48556,Sci-Fi
10834,Comedy
10834,Romance
50433,Action
50433,Adventure
50433,Fantasy
34712,Drama
34712,Fantasy
34712,Mystery
34712,Sci-Fi
10152,Romance
147,Drama
147,Romance
9981,Action
9981,Mystery
9981,Suspense
2669,Fantasy
2669,Sci-Fi
49519,Comedy
2048,Action
2048,Sci-Fi
61,Action
61,Comedy
61,Fantasy
61,Romance
60735,Fantasy
60735,Gourmet
60735,Sci-Fi
59012,Comedy
59012,Romance
59012,Sci-Fi
58600,Mystery
55994,Action
54947,Action
54947,Mystery
54103,Comedy
54103,Fantasy
53477,Action
53477,Adventure
53477,Fantasy
53262,Comedy
51705,Romance
51705,Supernatural
51288,Sports
37364,Action
37364,Comedy
37364,Fantasy
16442,Action
19159,Slice of Life
35982,Action
35982,Sci-Fi
14645,Romance
14645,Supernatural
18411,Slice of Life
18411,Supernatural
37440,Action
37440,Mystery
37440,Sci-Fi
37440,Suspense
6064,Comedy
39610,Drama
39610,Mystery
5041,Adventure
5041,Fantasy
4690,Action
4690,Adventure
4690,Sci-Fi
32827,Action
32827,Mystery
32827,Suspense
32153,Drama
32153,Suspense
30205,Sports
2671,Adventure
42898,Action
42898,Fantasy
42898,Romance
28387,Comedy
39833,Action
39833,Adventure
39833,Comedy
39833,Sci-Fi
39833,Suspense
27525,Action
27525,Comedy
11697,Comedy
11697,Sports
44411,Adventure
44411,Fantasy
44411,Supernatural
1691,Action
1691,Romance
1691,Supernatural
1538,Action
1538,Comedy
1538,Drama
21189,Drama
7769,Comedy
7769,Romance
4664,Action
4664,Comedy
1196,Comedy
1094,Action
1094,Adventure
1094,Fantasy
842,Action
842,Horror
2907,Comedy
2907,Sci-Fi
16201,Drama
16201,Romance
16201,Suspense
2748,Comedy
2748,Sports
2748,Ecchi
2736,Comedy
2736,Fantasy
2736,Sci-Fi
652,Comedy
652,Sci-Fi
19117,Adventure
19117,Drama
19117,Romance
2484,Action
2484,Adventure
2484,Sci-Fi
49842,Comedy
49842,Fantasy
49842,Romance
1983,Drama
369,Avant Garde
369,Drama
369,Horror
369,Mystery
369,Supernatural
369,Suspense
15379,Comedy
15379,Romance
44389,Action
44389,Fantasy
100,Drama
100,Romance
180,Action
180,Sci-Fi
180,Ecchi
178,Comedy
178,Fantasy
178,Romance
31178,Comedy
31178,Romance
10163,Action
10163,Mystery
10163,Sci-Fi
10163,Suspense
42822,Mystery
42822,Supernatural
31486,Comedy
31486,Mystery
9865,Comedy
40507,Action
40507,Adventure
40507,Fantasy
58066,Sports
55191,Action
54234,Comedy
54234,Romance
51464,Comedy
51464,Sci-Fi
51458,Comedy
51458,Fantasy
34290,Action
34290,Gourmet
37578,Action
37578,Sci-Fi
31610,Comedy
31610,Supernatural
31499,Comedy
31499,Romance
31499,Supernatural
19653,Action
19653,Fantasy
19653,Sci-Fi
37178,Slice of Life
16468,Action
16468,Adventure
16468,Fantasy
37304,Action
50925,Action
50925,Adventure
50925,Fantasy
14751,Romance
38891,Comedy
38891,Fantasy
35000,Comedy
35000,Romance
35000,Sci-Fi
35000,Ecchi
39518,Action
39518,Fantasy
34304,Slice of Life
20939,Comedy
20939,Romance
39972,Mystery
39972,Supernatural
31370,Comedy
41520,Comedy
41520,Fantasy
41785,Action
41785,Adventure
41785,Fantasy
40206,Action
40206,Fantasy
2758,Sci-Fi
2758,Sports
42899,Drama
42899,Horror
8234,Adventure
8234,Fantasy
8234,Slice of Life
8171,Action
8171,Adventure
8171,Fantasy
7152,Comedy
2151,Adventure
2151,Fantasy
25383,Comedy
25383,Sci-Fi
2117,Sports
6951,Adventure
9958,Comedy
23237,Comedy
22689,Action
22689,Horror
22689,Sci-Fi
22689,Suspense
45574,Action
45574,Fantasy
21105,Boys Love
21105,Comedy
1531,Comedy
1531,Fantasy
1531,Romance
1531,Ecchi
33969,Mystery
41468,Action
41468,Fantasy
41456,Action
41456,Comedy
41456,Fantasy
1164,Action
1164,Adventure
1164,Comedy
1164,Fantasy
18393,Action
18393,Adventure
18393,Fantasy
3594,Action
3594,Adventure
3594,Fantasy
3485,Comedy
3485,Sci-Fi
3247,Comedy
3247,Romance
3247,Ecchi
48641,Comedy
48641,Fantasy
866,Action
866,Adventure
866,Comedy
866,Fantasy
727,Comedy
48956,Action
48956,Adventure
48956,Fantasy
48956,Supernatural
48760,Action
48760,Adventure
48760,Fantasy
604,Comedy
604,Drama
604,Romance
2108,Action
2108,Adventure
2108,Comedy
2108,Sci-Fi
893,Action
893,Adventure
893,Comedy
893,Fantasy
893,Sci-Fi
9055,Slice of Life
15583,Action
15583,Fantasy
15583,Romance
15583,Sci-Fi
10681,Action
10681,Horror
10681,Supernatural
50544,Action
151,Action
151,Comedy
151,Girls Love
151,Sci-Fi
151,Ecchi
1564,Action
1564,Adventure
1564,Comedy
1564,Fantasy
1145,Action
1145,Drama
1145,Mystery
1133,Action
1133,Comedy
1133,Sci-Fi
15225,Comedy
15225,Romance
15225,Supernatural
48414,Action
48414,Adventure
48414,Fantasy
48414,Sci-Fi
60012,Comedy
59944,Adventure
59944,Comedy
59055,Drama
57594,Action
57594,Adventure
57594,Fantasy
57369,Comedy
57034,Comedy
57034,Fantasy
56273,Fantasy
55887,Romance
54837,Fantasy
53094,Action
23227,Comedy
23227,Romance
11441,Action
11441,Drama
8423,Comedy
8423,Sports
35847,Action
35847,Award Winning
35847,Sci-Fi
34152,Action
34152,Horror
34152,Mystery
39078,Slice of Life
34642,Action
34642,Adventure
34642,Fantasy
8917,Award Winning
8917,Sci-Fi
32245,Action
32245,Sci-Fi
40966,Action
40966,Adventure
40966,Fantasy
40966,Romance
19221,Comedy
19221,Romance
28841,Drama
7745,Action
7745,Comedy
2199,Adventure
2199,Drama
2199,Fantasy
6581,Action
6153,Adventure
6153,Fantasy
6153,Sci-Fi
1731,Action
1731,Adventure
1731,Fantasy
5670,Slice of Life
6880,Action
6880,Sci-Fi
6880,Supernatural
6880,Suspense
1397,Action
1397,Adventure
1397,Comedy
1397,Drama
1397,Romance
1397,Sci-Fi
4134,Action
3745,Action
3745,Adventure
3745,Comedy
1116,Award Winning
1116,Drama
1086,Action
1086,Adventure
1086,Comedy
1086,Romance
1086,Sci-Fi
3335,Drama
3335,Romance
976,Sci-Fi
976,Slice of Life
48735,Comedy
48775,Comedy
48845,Gourmet
48845,Slice of Life
3088,Drama
3088,Romance
3087,Action
3087,Sci-Fi
2899,Mystery
2745,Action
2745,Comedy
2745,Horror
2745,Supernatural
2694,Action
2694,Award Winning
2694,Drama
2658,Adventure
2658,Fantasy
2658,Sci-Fi
2561,Action
2561,Adventure
2561,Sci-Fi
2486,Comedy
2486,Drama
2486,Romance
2486,Supernatural
529,Drama
529,Romance
529,Sci-Fi
2427,Adventure
2427,Fantasy
12879,Action
12879,Mystery
50039,Romance
1886,Comedy
1886,Fantasy
276,Comedy
276,Romance
276,Sci-Fi
276,Ecchi
1381,Action
1381,Romance
1381,Sci-Fi
46420,Action
46420,Adventure
46420,Fantasy
10719,Comedy
10719,Romance
10719,Ecchi
61146,Boys Love
58751,Action
58751,Fantasy
58476,Action
58476,Sci-Fi
57499,Adventure
57499,Comedy
56842,Comedy
56348,Adventure
56348,Comedy
56348,Fantasy
56111,Supernatural
54144,Action
54143,Action
15649,Comedy
15649,Slice of Life
33025,Action
33025,Sci-Fi
30711,Action
14765,Action
14765,Comedy
14765,Fantasy
16668,Action
16668,Sci-Fi
23279,Sci-Fi
37916,Sports
50932,Action
50932,Adventure
50932,Fantasy
38895,Action
38895,Comedy
38895,Mystery
38895,Sci-Fi
6707,Action
6707,Comedy
6707,Supernatural
39574,Sci-Fi
39574,Sports
35834,Action
35834,Drama
33491,Slice of Life
41103,Comedy
41103,Romance
41181,Slice of Life
2803,Action
2803,Sci-Fi
2460,Comedy
2460,Drama
2460,Romance
2385,Comedy
2385,Fantasy
6299,Comedy
6299,Girls Love
1845,Action
1845,Sci-Fi
5458,Adventure
5458,Fantasy
15359,Action
15359,Fantasy
4879,Mystery
4879,Supernatural
4879,Suspense
3230,Action
3230,Adventure
3230,Fantasy
958,Action
958,Adventure
958,Sci-Fi
37396,Drama
37396,Romance
690,Action
690,Drama
690,Horror
690,Supernatural
613,Adventure
613,Fantasy
613,Supernatural
49572,Action
49572,Fantasy
2335,Adventure
442,Action
442,Adventure
442,Fantasy
5079,Action
5079,Supernatural
380,Adventure
380,Fantasy
380,Romance
376,Drama
376,Horror
376,Suspense
36144,Action
36144,Fantasy
332,Adventure
332,Comedy
332,Fantasy
277,Comedy
277,Drama
277,Romance
277,Sci-Fi
277,Ecchi
1548,Drama
1548,Mystery
1548,Sci-Fi
1215,Action
1215,Sci-Fi
48997,Adventure
48997,Comedy
48997,Fantasy
59142,Adventure
59142,Fantasy
59142,Romance
58091,Action
58091,Comedy
58091,Sci-Fi
55842,Comedy
55842,Romance
54864,Adventure
54864,Comedy
54864,Mystery
55194,Drama
55194,Sports
53438,Fantasy
53263,Adventure
53263,Comedy
53263,Fantasy
37126,Comedy
9332,Action
9332,Adventure
9332,Fantasy
34325,Action
34325,Adventure
34325,Comedy
34325,Fantasy
33033,Slice of Life
32829,Comedy
32376,Mystery
11077,Action
11077,Horror
11077,Supernatural
21561,Adventure
21561,Mystery
21561,Supernatural
38963,Comedy
38963,Drama
40134,Fantasy
38936,Fantasy
38936,Mystery
3508,Action
3508,Avant Garde
3508,Fantasy
3508,Romance
3508,Sci-Fi
3437,Comedy
3437,Gourmet
3231,Action
3231,Drama
3231,Sci-Fi
41842,Sports
2543,Adventure
2543,Romance
24973,Comedy
6548,Ecchi
1931,Comedy
1906,Drama
1906,Fantasy
1906,Romance
1906,Supernatural
21437,Action
21437,Sci-Fi
4246,Adventure
4246,Romance
4246,Sci-Fi
4200,Adventure
4200,Comedy
4200,Sci-Fi
17699,Action
17699,Adventure
17699,Comedy
17699,Fantasy
911,Adventure
911,Supernatural
902,Action
902,Adventure
902,Comedy
902,Fantasy
902,Sci-Fi
5504,Drama
5504,Fantasy
5504,Romance
785,Comedy
785,Drama
785,Sci-Fi
49160,Comedy
49160,Supernatural
654,Comedy
654,Sci-Fi
2583,Action
2583,Drama
2583,Sci-Fi
603,Action
603,Comedy
2333,Adventure
2333,Drama
2333,Romance
32698,Comedy
32698,Fantasy
32698,Romance
32698,Ecchi
12419,Action
12419,Sci-Fi
2077,Mystery
1941,Adventure
1941,Drama
1941,Sci-Fi
9379,Comedy
9379,Sci-Fi
6512,Comedy
6512,Romance
6512,Supernatural
394,Comedy
394,Drama
394,Romance
206,Action
206,Adventure
206,Drama
206,Fantasy
206,Romance
40530,Drama
40530,Romance
1335,Comedy
1335,Sci-Fi
9723,Action
9723,Drama
9723,Supernatural
22865,Comedy
22865,Romance
22865,Supernatural
32951,Action
32951,Fantasy
59390,Action
59390,Sci-Fi
56731,Action
56731,Sci-Fi
56425,Comedy
56425,Supernatural
53432,Adventure
53432,Drama
53432,Fantasy
51782,Adventure
51782,Comedy
51782,Mystery
51782,Romance
14817,Sci-Fi
36800,Slice of Life
9544,Action
9544,Horror
9544,Sci-Fi
31564,Comedy
26441,Comedy
26441,Fantasy
26441,Romance
32924,Comedy
32924,Fantasy
34350,Adventure
34350,Mystery
39250,Comedy
5717,Romance
5216,Drama
5216,Romance
40357,Action
40357,Adventure
40357,Drama
40357,Fantasy
4062,Sports
41053,Action
41053,Comedy
41053,Fantasy
41053,Horror
41220,Action
41220,Adventure
30829,Slice of Life
3067,Action
3067,Drama
3067,Sci-Fi
2734,Action
2602,Comedy
2602,Sports
2602,Ecchi
2518,Comedy
1422,Action
1422,Adventure
1422,Comedy
1422,Mystery
18441,Action
18441,Comedy
18441,Fantasy
1138,Adventure
1138,Comedy
1138,Sci-Fi
3421,Comedy
3421,Drama
961,Action
3221,Adventure
3221,Comedy
3221,Fantasy
2962,Adventure
2962,Fantasy
2962,Sci-Fi
2926,Drama
2926,Romance
2901,Action
2901,Comedy
2901,Mystery
49134,Comedy
750,Slice of Life
687,Romance
687,Sci-Fi
2331,Action
2331,Adventure
2331,Sci-Fi
13073,Sports
463,Action
463,Adventure
463,Fantasy
10825,Comedy
1736,Action
1736,Adventure
50338,Action
50338,Comedy
1416,Action
1416,Adventure
1416,Comedy
1416,Mystery
1312,Adventure
1312,Comedy
1312,Sci-Fi
53,Comedy
53,Drama
53,Romance
469,Comedy
469,Romance
469,Supernatural
28825,Comedy
24455,Action
24455,Adventure
24455,Fantasy
24455,Ecchi
56716,Action
56716,Adventure
56716,Fantasy
54869,Action
54869,Fantasy
54294,Slice of Life
53889,Action
53889,Supernatural
53810,Adventure
53810,Comedy
52045,Comedy
52045,Fantasy
17717,Action
23153,Comedy
23153,Romance
18713,Comedy
18713,Sci-Fi
32160,Action
32160,Comedy
16866,Comedy
16866,Romance
40100,Comedy
40100,Gourmet
35946,Action
35946,Adventure
35946,Fantasy
30771,Drama
30771,Romance
40295,Sci-Fi
39790,Girls Love
39184,Drama
8360,Comedy
8360,Ecchi
7059,Action
7059,Drama
7059,Fantasy
2141,Adventure
2141,Drama
2141,Supernatural
6713,Comedy
1847,Comedy
1847,Romance
1835,Action
1835,Sci-Fi
6016,Action
6016,Horror
6016,Sci-Fi
5395,Action
5395,Sci-Fi
5200,Drama
5200,Sports
1516,Comedy
1516,Drama
1516,Romance
18835,Action
18835,Supernatural
1118,Action
1118,Adventure
1118,Comedy
1118,Drama
1118,Fantasy
1101,Action
1101,Comedy
1101,Sci-Fi
3462,Drama
990,Comedy
990,Fantasy
990,Romance
3298,Adventure
3298,Comedy
3298,Drama
3298,Fantasy
3298,Romance
971,Action
971,Adventure
971,Sci-Fi
40733,Action
40733,Supernatural
3229,Comedy
3229,Romance
3229,Ecchi
3203,Comedy
938,Action
938,Sci-Fi
32949,Drama
32949,Romance
3137,Adventure
3137,Sports
16434,Drama
2810,Drama
49357,Action
49357,Adventure
49357,Sci-Fi
2634,Comedy
2634,Fantasy
2634,Sci-Fi
606,Adventure
606,Comedy
415,Award Winning
415,Comedy
11339,Comedy
1826,Adventure
1826,Fantasy
311,Drama
311,Romance
311,Sports
34465,Action
34465,Supernatural
10448,Drama
10444,Action
10444,Adventure
10444,Comedy
10444,Fantasy
195,Drama
195,Romance
195,Sci-Fi
50562,Adventure
50562,Comedy
459,Action
459,Adventure
459,Fantasy
189,Comedy
189,Romance
189,Ecchi
256,Action
256,Award Winning
256,Drama
256,Romance
256,Sci-Fi
37579,Comedy
37579,Supernatural
60526,Action
60526,Fantasy
56886,Fantasy
56774,Action
56774,Adventure
56774,Fantasy
56439,Action
56439,Adventure
56439,Fantasy
51191,Action
51191,Supernatural
52092,Drama
52092,Suspense
34607,Suspense
8134,Comedy
13939,Action
13939,Romance
13939,Sci-Fi
50917,Sci-Fi
50917,Slice of Life
34870,Slice of Life
4549,Action
4549,Drama
40529,Action
40529,Drama
40529,Sci-Fi
41051,Boys Love
41051,Slice of Life
3363,Action
3363,Sci-Fi
3305,Sci-Fi
41916,Comedy
41916,Drama
41916,Fantasy
29317,Comedy
29317,Romance
29317,Ecchi
38292,Action
38292,Sci-Fi
2386,Comedy
2386,Fantasy
2386,Sports
6164,Drama
6164,Girls Love
1709,Action
1709,Adventure
1709,Comedy
1709,Drama
1709,Fantasy
1543,Comedy
1543,Romance
1543,Sci-Fi
47409,Action
47409,Romance
47409,Sci-Fi
21863,Comedy
21863,Ecchi
930,Action
930,Drama
930,Sci-Fi
48867,Action
48867,Fantasy
3027,Action
3027,Adventure
3027,Drama
2920,Drama
2920,Sports
15905,Action
15905,Fantasy
2747,Action
2747,Adventure
2747,Drama
2747,Sci-Fi
49376,Sports
568,Action
568,Adventure
568,Sci-Fi
2452,Action
2452,Adventure
2452,Sci-Fi
2429,Adventure
2429,Fantasy
32887,Action
32887,Adventure
32887,Fantasy
39324,Fantasy
39324,Slice of Life
50098,Mystery
10504,Mystery
1576,Action
1576,Drama
1498,Action
1498,Comedy
1498,Fantasy
36950,Comedy
36950,Romance
36950,Supernatural
36950,Ecchi
478,Action
478,Fantasy
478,Romance
478,Sci-Fi
11021,Action
11021,Drama
11021,Sci-Fi
1199,Comedy
38918,Action
38918,Adventure
38918,Mystery
460,Action
460,Adventure
460,Fantasy
57611,Comedy
57611,Romance
57102,Comedy
57102,Supernatural
54142,Action
54141,Action
54141,Adventure
54141,Fantasy
54141,Ecchi
53406,Comedy
28215,Action
28215,Adventure
28215,Fantasy
28215,Sci-Fi
34104,Action
34104,Fantasy
39257,Avant Garde
20787,Action
20787,Mystery
20787,Sci-Fi
5658,Action
5658,Sci-Fi
33713,Action
33713,Adventure
33713,Comedy
33713,Sci-Fi
33713,Ecchi
38198,Action
38198,Adventure
38198,Fantasy
40914,Avant Garde
3270,Action
3270,Drama
3270,Sci-Fi
41353,Action
41353,Fantasy
36775,Drama
36775,Romance
41109,Action
41109,Adventure
41109,Fantasy
42798,Romance
42798,Sports
6999,Comedy
6151,Action
6151,Fantasy
1732,Comedy
1732,Fantasy
1732,Romance
1732,Ecchi
5032,Action
5032,Adventure
5032,Sci-Fi
3638,Adventure
3638,Comedy
1017,Action
1017,Adventure
1017,Comedy
1017,Fantasy
898,Action
898,Adventure
898,Comedy
898,Fantasy
898,Sci-Fi
2950,Slice of Life
831,Comedy
831,Fantasy
42544,Action
42544,Adventure
42544,Fantasy
16143,Action
16143,Adventure
16143,Fantasy
678,Action
678,Adventure
678,Drama
678,Fantasy
631,Comedy
631,Romance
631,Sci-Fi
631,Ecchi
2589,Action
2589,Adventure
2589,Comedy
2589,Sci-Fi
526,Drama
526,Sci-Fi
40752,Mystery
2799,Adventure
2799,Romance
16035,Action
16035,Fantasy
16035,Mystery
16035,Sci-Fi
42267,Action
1796,Action
1796,Adventure
1796,Comedy
1796,Sci-Fi
50205,Action
50205,Fantasy
1738,Action
1738,Comedy
279,Horror
279,Mystery
279,Supernatural
10447,Action
10447,Fantasy
10447,Romance
10447,Sci-Fi
50105,Comedy
10370,Adventure
10370,Sports
1490,Action
1490,Adventure
1490,Drama
1490,Sci-Fi
1264,Adventure
1264,Sci-Fi
44203,Action
44203,Adventure
44203,Fantasy
44203,Romance
5702,Action
5702,Fantasy
5702,Romance
60662,Boys Love
60662,Comedy
60416,Action
60416,Adventure
60416,Fantasy
58859,Fantasy
58859,Sci-Fi
55130,Action
55130,Adventure
55130,Fantasy
54852,Action
54852,Fantasy
8120,Drama
8120,Slice of Life
32038,Comedy
32038,Fantasy
31645,Action
22359,Adventure
37451,Avant Garde
37451,Drama
37451,Horror
37451,Mystery
37451,Supernatural
37451,Suspense
8074,Action
8074,Horror
8074,Suspense
8074,Ecchi
6959,Slice of Life
34106,Comedy
34106,Supernatural
40192,Action
40192,Sci-Fi
4752,Drama
4752,Mystery
4752,Romance
4752,Supernatural
3269,Action
3269,Fantasy
10336,Action
10336,Adventure
10336,Sci-Fi
7861,Drama
7654,Drama
5983,Comedy
5163,Comedy
5163,Ecchi
4798,Adventure
4798,Fantasy
20035,Action
20035,Fantasy
20035,Sci-Fi
1371,Adventure
1371,Drama
1371,Sci-Fi
1371,Supernatural
3691,Slice of Life
1108,Action
1108,Adventure
1108,Fantasy
1066,Comedy
1016,Drama
1016,Sci-Fi
929,Action
929,Adventure
929,Drama
929,Fantasy
929,Sci-Fi
917,Action
49338,Action
49338,Drama
49338,Supernatural
49305,Action
49305,Fantasy
49305,Romance
659,Comedy
566,Action
566,Comedy
566,Sci-Fi
2416,Adventure
2416,Sports
2123,Action
2123,Adventure
2123,Fantasy
2123,Sci-Fi
1951,Adventure
1951,Fantasy
1951,Horror
1951,Sci-Fi
1951,Supernatural
1683,Comedy
1683,Fantasy
1683,Sci-Fi
144,Drama
144,Romance
144,Supernatural
48505,Action
48505,Adventure
48505,Fantasy
34176,Action
34176,Adventure
34176,Fantasy
58172,Action
58172,Adventure
58172,Fantasy
53670,Fantasy
53670,Sports
53132,Slice of Life
36906,Comedy
36906,Supernatural
33031,Sports
37826,Comedy
37826,Gourmet
37826,Romance
6884,Supernatural
6178,Action
6178,Adventure
6178,Comedy
6178,Drama
6178,Fantasy
32553,Comedy
32553,Romance
40646,Boys Love
40646,Drama
40763,Comedy
40763,Fantasy
8909,Comedy
28789,Drama
8410,Adventure
8410,Comedy
8410,Sports
43590,Drama
6169,Action
6169,Fantasy
6169,Supernatural
5397,Comedy
19697,Comedy
19619,Fantasy
3486,Action
3486,Adventure
3486,Sci-Fi
992,Action
992,Comedy
992,Sci-Fi
3223,Action
3223,Sci-Fi
3219,Comedy
3219,Sci-Fi
3219,Slice of Life
3111,Sports
3033,Adventure
3033,Comedy
3033,Sci-Fi
876,Action
876,Adventure
876,Drama
876,Mystery
2624,Drama
2570,Comedy
2570,Slice of Life
2355,Horror
2355,Sci-Fi
2355,Supernatural
493,Action
493,Mystery
493,Romance
493,Sci-Fi
12651,Action
432,Action
432,Adventure
432,Sci-Fi
2110,Action
2110,Adventure
2110,Sci-Fi
2109,Action
2109,Adventure
2109,Sci-Fi
393,Action
393,Adventure
393,Fantasy
393,Romance
6203,Comedy
6203,Girls Love
1920,Action
1920,Adventure
1920,Comedy
1920,Drama
1920,Romance
1920,Sci-Fi
1803,Action
1803,Adventure
1803,Comedy
1803,Sci-Fi
1619,Comedy
1619,Fantasy
1619,Romance
1619,Ecchi
50647,Action
50647,Adventure
50647,Fantasy
6098,Comedy
6098,Romance
1246,Action
1246,Drama
1246,Mystery
1246,Suspense
54,Action
54,Sci-Fi
52771,Sports
53421,Comedy
53421,Romance
51368,Action
51368,Adventure
51368,Fantasy
11375,Action
11375,Adventure
11375,Fantasy
11375,Mystery
11375,Sci-Fi
7337,Comedy
33949,Comedy
8666,Action
30988,Comedy
23619,Comedy
23619,Ecchi
31588,Sports
36553,Comedy
10647,Comedy
5220,Action
5220,Drama
5220,Sci-Fi
40266,Slice of Life
36789,Comedy
36789,Fantasy
4198,Action
4198,Fantasy
4198,Sci-Fi
40602,Adventure
40602,Drama
40602,Mystery
40602,Sci-Fi
40602,Suspense
3614,Mystery
3614,Supernatural
3110,Drama
30014,Comedy
30014,Romance
8068,Supernatural
2283,Sci-Fi
2283,Sports
24591,Award Winning
24591,Comedy
24591,Supernatural
6567,Action
6567,Comedy
6567,Romance
6567,Sci-Fi
44071,Action
44071,Adventure
44071,Fantasy
5978,Comedy
5978,Supernatural
22071,Comedy
22071,Romance
4926,Adventure
4926,Drama
1140,Adventure
1140,Drama
1140,Fantasy
1140,Romance
1140,Sci-Fi
1124,Romance
1124,Sci-Fi
3332,Comedy
48964,Comedy
48964,Drama
48964,Fantasy
50803,Drama
50803,Romance
2667,Fantasy
609,Drama
609,Romance
609,Sci-Fi
49755,Comedy
49755,Fantasy
32801,Adventure
32801,Comedy
32801,Fantasy
32801,Ecchi
2000,Award Winning
2000,Comedy
2000,Drama
2000,Sci-Fi
1969,Drama
1969,Sci-Fi
1967,Award Winning
1967,Drama
1967,Sci-Fi
1891,Adventure
1891,Comedy
1891,Sci-Fi
34209,Romance
34209,Supernatural
10807,Comedy
25159,Comedy
11751,Action
11751,Sci-Fi
50713,Action
50713,Fantasy
50713,Romance
50713,Sci-Fi
39652,Action
39652,Comedy
33036,Comedy
33036,Drama
33036,Romance
56790,Fantasy
56838,Comedy
56838,Romance
56838,Supernatural
56544,Action
56544,Comedy
56544,Sci-Fi
54309,Action
54309,Fantasy
54284,Comedy
52995,Action
52995,Adventure
52995,Fantasy
52708,Sci-Fi
31368,Ecchi
14653,Comedy
14653,Romance
20973,Action
20973,Comedy
20973,Sci-Fi
26165,Avant Garde
26165,Drama
26165,Fantasy
26165,Girls Love
26165,Ecchi
29163,Comedy
31234,Comedy
7066,Comedy
7066,Romance
7066,Sci-Fi
7066,Ecchi
37595,Adventure
37595,Comedy
37595,Romance
37886,Drama
37886,Romance
36848,Comedy
36848,Romance
50770,Action
50770,Fantasy
50770,Mystery
6974,Comedy
6974,Mystery
6974,Sci-Fi
6974,Supernatural
3670,Action
30813,Comedy
30813,Romance
41556,Gourmet
41556,Slice of Life
2931,Mystery
2931,Slice of Life
2931,Supernatural
29437,Action
29437,Comedy
29437,Mystery
6361,Drama
1860,Action
1860,Drama
1860,Horror
1860,Supernatural
44086,Avant Garde
5279,Comedy
5279,Romance
27441,Comedy
27441,Fantasy
39292,Adventure
39292,Comedy
39292,Fantasy
39292,Gourmet
1261,Action
1261,Comedy
1261,Sci-Fi
3946,Comedy
3946,Drama
18745,Comedy
3738,Adventure
3738,Comedy
1014,Comedy
1014,Fantasy
8358,Action
8358,Adventure
8358,Comedy
872,Adventure
872,Comedy
872,Fantasy
17247,Action
17247,Fantasy
17247,Ecchi
2668,Adventure
2668,Comedy
2668,Fantasy
2668,Sci-Fi
13839,Comedy
13839,Mystery
13839,Sports
12079,Action
12079,Fantasy
367,Comedy
367,Fantasy
25389,Action
25389,Adventure
25389,Comedy
25389,Fantasy
37302,Fantasy
37302,Sci-Fi
25157,Action
25157,Comedy
25157,Fantasy
25157,Romance
25157,Ecchi
760,Action
760,Drama
760,Supernatural
2170,Action
2170,Romance
2170,Sci-Fi
2170,Supernatural
34019,Action
34019,Comedy
34019,Supernatural
34019,Ecchi
1205,Adventure
1205,Fantasy
9539,Action
51064,Action
51064,Adventure
51064,Fantasy
59181,Comedy
59181,Romance
59181,Suspense
56787,Action
56787,Adventure
56787,Mystery
56146,Drama
56146,Fantasy
55150,Comedy
55150,Fantasy
55150,Romance
54122,Adventure
54122,Drama
54122,Fantasy
53050,Comedy
53050,Romance
32094,Comedy
32094,Fantasy
16982,Comedy
16982,Romance
12119,Slice of Life
12119,Supernatural
36342,Action
36342,Comedy
36342,Sci-Fi
36344,Action
36344,Comedy
36344,Sci-Fi
10507,Sports
35540,Comedy
6379,Comedy
6379,Ecchi
34389,Comedy
39995,Comedy
39995,Supernatural
32086,Action
32086,Drama
32086,Sci-Fi
32086,Suspense
31405,Drama
31405,Mystery
31405,Suspense
3121,Comedy
3121,Ecchi
42176,Comedy
42176,Drama
42176,Romance
42176,Supernatural
27899,Action
27899,Fantasy
27899,Horror
27899,Suspense
27567,Comedy
7081,Action
2084,Action
2084,Adventure
2084,Comedy
2084,Fantasy
24727,Comedy
23043,Drama
23043,Slice of Life
21851,Comedy
4896,Horror
4896,Mystery
4896,Supernatural
4896,Suspense
47044,Action
47044,Fantasy
4195,Comedy
4195,Ecchi
17917,Action
3222,Action
3222,Sci-Fi
2815,Comedy
729,Comedy
729,Romance
729,Sports
629,Comedy
629,Fantasy
629,Romance
629,Sci-Fi
14027,Comedy
14027,Romance
14027,Ecchi
13183,Action
13183,Fantasy
4156,Comedy
2124,Action
2011,Action
2011,Comedy
286,Adventure
286,Sci-Fi
1601,Drama
1601,Mystery
1601,Supernatural
1601,Suspense
4063,Action
4063,Comedy
4063,Romance
4063,Ecchi
45653,Comedy
45653,Romance
1435,Action
1435,Adventure
1435,Comedy
1435,Mystery
9959,Drama
9931,Drama
1569,Comedy
1569,Drama
1569,Romance
59980,Action
59980,Adventure
59980,Fantasy
53040,Comedy
53040,Romance
52446,Comedy
52446,Fantasy
12709,Comedy
16051,Comedy
16051,Sports
16051,Ecchi
9159,Action
9159,Comedy
9159,Horror
9159,Supernatural
14829,Action
14829,Comedy
36625,Action
36625,Horror
36625,Mystery
36625,Supernatural
10321,Comedy
10321,Romance
36475,Action
6262,Adventure
6262,Drama
6262,Fantasy
40313,Action
40313,Sci-Fi
41215,Action
41215,Adventure
41215,Fantasy
30907,Drama
30907,Romance
18277,Action
18277,Fantasy
18277,Ecchi
37983,Comedy
37983,Romance
8424,Comedy
8424,Ecchi
6463,Sci-Fi
23359,Action
23359,Comedy
5830,Comedy
41530,Drama
41530,Suspense
5197,Adventure
5197,Comedy
5197,Fantasy
5197,Sports
1556,Horror
1556,Mystery
1556,Supernatural
21603,Sci-Fi
21603,Supernatural
20649,Drama
20649,Romance
3460,Adventure
3460,Fantasy
3432,Action
3432,Adventure
3432,Comedy
3418,Action
3418,Comedy
912,Adventure
48952,Supernatural
15819,Mystery
2674,Adventure
2674,Comedy
2674,Fantasy
2674,Sci-Fi
14617,Action
14617,Adventure
620,Drama
620,Fantasy
620,Horror
620,Mystery
48753,Comedy
48753,Supernatural
2517,Drama
2517,Romance
553,Boys Love
553,Fantasy
553,Horror
553,Mystery
508,Adventure
508,Comedy
13171,Comedy
13171,Supernatural
383,Comedy
383,Sci-Fi
10822,Comedy
280,Adventure
280,Comedy
280,Fantasy
252,Drama
252,Mystery
252,Supernatural
10397,Drama
10397,Romance
1588,Comedy
1588,Romance
1555,Comedy
1555,Romance
1554,Drama
1554,Supernatural
1652,Action
1652,Adventure
1652,Drama
1652,Sci-Fi
10116,Comedy
42395,Comedy
42395,Sports
58,Action
58,Adventure
58,Drama
58,Horror
58,Sci-Fi
395,Action
395,Drama
395,Horror
395,Sci-Fi
395,Suspense
11761,Action
11761,Comedy
11761,Ecchi
59718,Action
59718,Sci-Fi
53851,Action
53851,Sci-Fi
53329,Action
51791,Action
51791,Adventure
51791,Fantasy
33299,Fantasy
33299,Romance
10456,Action
10456,Fantasy
10456,Sci-Fi
24347,Sports
23673,Comedy
23673,Romance
36343,Action
36343,Comedy
36343,Sci-Fi
36798,Drama
37184,Action
37184,Adventure
37184,Fantasy
24171,Action
24171,Fantasy
24171,Ecchi
35044,Comedy
34302,Action
34302,Comedy
33417,Boys Love
33417,Comedy
33417,Drama
31417,Comedy
31417,Fantasy
9013,Comedy
9013,Slice of Life
7308,Adventure
7308,Drama
7308,Sci-Fi
2200,Action
2200,Drama
2200,Sci-Fi
2132,Comedy
2132,Romance
2132,Supernatural
2132,Ecchi
1944,Action
1944,Adventure
1944,Comedy
1944,Drama
1944,Romance
1944,Sci-Fi
1944,Ecchi
40930,Comedy
40930,Sci-Fi
32013,Comedy
4162,Action
4162,Comedy
4162,Mystery
4021,Boys Love
4021,Comedy
4021,Gourmet
3754,Fantasy
3218,Adventure
3218,Supernatural
3138,Comedy
3138,Drama
3136,Comedy
2913,Adventure
2913,Drama
448,Action
448,Drama
448,Romance
448,Supernatural
16890,Comedy
16890,Fantasy
16890,Mystery
21439,Comedy
21439,Romance
1901,Action
1901,Adventure
1901,Drama
1901,Mystery
1901,Romance
1901,Sci-Fi
50175,Action
50175,Adventure
50175,Comedy
50175,Fantasy
1602,Action
1602,Drama
1602,Sci-Fi
1602,Ecchi
79,Comedy
79,Fantasy
79,Romance
79,Ecchi
1413,Action
1413,Adventure
1413,Comedy
58426,Comedy
57801,Action
57801,Adventure
57801,Fantasy
57699,Action
57699,Adventure
57699,Fantasy
56765,Action
56765,Adventure
56765,Comedy
56765,Fantasy
56242,Action
56242,Adventure
56242,Fantasy
51585,Action
51585,Mystery
51225,Comedy
51225,Sports
17391,Action
17391,Comedy
17391,Fantasy
35965,Fantasy
33254,Adventure
33254,Fantasy
19383,Avant Garde
19383,Horror
19383,Supernatural
37814,Sports
16742,Comedy
33730,Action
33730,Adventure
33730,Fantasy
5030,Comedy
5030,Girls Love
40327,Adventure
40327,Fantasy
4056,Comedy
30825,Horror
30825,Mystery
30825,Supernatural
30641,Comedy
42359,Action
42359,Supernatural
2604,Sci-Fi
2264,Adventure
2264,Fantasy
5691,Action
5691,Adventure
5691,Sci-Fi
5440,Action
5440,Adventure
5440,Fantasy
5440,Sci-Fi
5196,Sci-Fi
5196,Slice of Life
21563,Fantasy
21563,Romance
1417,Action
1417,Adventure
1417,Comedy
1417,Mystery
1184,Adventure
1184,Comedy
1184,Drama
1184,Sci-Fi
1093,Comedy
1093,Gourmet
1093,Slice of Life
3505,Action
3505,Adventure
1040,Drama
1040,Romance
48945,Drama
48945,Romance
2757,Action
2757,Comedy
2757,Fantasy
2573,Adventure
2573,Slice of Life
2569,Adventure
2569,Drama
12823,Comedy
634,Drama
634,Romance
1929,Action
1929,Comedy
247,Fantasy
247,Romance
34644,Action
34644,Sci-Fi
34644,Ecchi
55586,Fantasy
58159,Comedy
58131,Comedy
58131,Romance
56601,Drama
56601,Girls Love
53151,Drama
53151,Supernatural
52614,Drama
52614,Romance
52614,Sports
24909,Adventure
24909,Comedy
24909,Mystery
22687,Action
22687,Horror
22687,Sci-Fi
22687,Suspense
24261,Action
24261,Adventure
24261,Fantasy
24261,Romance
36873,Comedy
36873,Ecchi
6867,Action
6867,Drama
6867,Sci-Fi
39419,Action
39419,Adventure
39419,Comedy
34471,Supernatural
34346,Fantasy
33728,Action
33728,Adventure
33728,Fantasy
31737,Action
31737,Comedy
31737,Fantasy
31737,Romance
31737,Ecchi
36548,Drama
36548,Mystery
36548,Supernatural
36548,Suspense
21085,Action
21085,Supernatural
4191,Adventure
4191,Fantasy
32313,Action
32313,Fantasy
32313,Mystery
32313,Sci-Fi
32034,Action
32034,Drama
32034,Sci-Fi
3616,Action
3616,Comedy
3616,Ecchi
3162,Adventure
3162,Drama
3162,Slice of Life
9154,Mystery
11783,Action
11783,Adventure
11783,Fantasy
6219,Fantasy
6219,Romance
8475,Award Winning
8475,Drama
2369,Action
2369,Mystery
2369,Supernatural
27539,Fantasy
5968,Comedy
5968,Sci-Fi
5968,Sports
1688,Romance
1592,Comedy
1592,Drama
1592,Romance
4936,Comedy
4936,Slice of Life
1122,Action
1122,Adventure
1122,Comedy
1122,Fantasy
1122,Sci-Fi
3561,Action
3561,Adventure
3561,Sci-Fi
17819,Sports
1051,Action
1051,Adventure
1051,Award Winning
1051,Sci-Fi
998,Action
998,Adventure
998,Drama
998,Horror
998,Mystery
998,Romance
998,Supernatural
3312,Comedy
3312,Sci-Fi
16033,Fantasy
16033,Sci-Fi
758,Action
758,Drama
758,Romance
758,Sci-Fi
732,Action
732,Fantasy
732,Horror
732,Sci-Fi
47777,Action
47777,Comedy
47777,Fantasy
548,Action
548,Drama
548,Romance
548,Sci-Fi
49750,Action
524,Comedy
524,Drama
524,Romance
10372,Action
10372,Supernatural
11019,Adventure
11019,Comedy
11019,Fantasy
284,Action
284,Drama
284,Romance
1668,Action
1668,Adventure
1668,Comedy
1668,Sci-Fi
36726,Comedy
36726,Romance
36726,Supernatural
36726,Ecchi
59452,Action
59452,Adventure
59452,Fantasy
58964,Action
55585,Fantasy
51616,Fantasy
9547,Drama
37449,Action
37449,Fantasy
37449,Ecchi
6901,Adventure
34085,Action
34085,Drama
34085,Sci-Fi
5307,Adventure
5307,Comedy
5307,Sci-Fi
33729,Action
33729,Adventure
33729,Fantasy
40062,Action
40062,Adventure
40062,Fantasy
40062,Romance
4662,Comedy
4662,Fantasy
4662,Romance
41312,Fantasy
41312,Slice of Life
3455,Comedy
3455,Romance
3455,Sci-Fi
3455,Ecchi
30925,Action
30925,Sci-Fi
3354,Action
3354,Horror
3354,Supernatural
41511,Comedy
41511,Romance
42950,Action
42950,Adventure
42950,Comedy
7261,Comedy
6941,Action
6941,Adventure
6941,Comedy
6941,Gourmet
41226,Comedy
41226,Romance
24169,Comedy
24169,Mystery
23285,Slice of Life
1573,Action
1573,Comedy
1573,Drama
1573,Fantasy
1573,Horror
45782,Comedy
19023,Drama
1179,Action
1179,Adventure
1179,Sci-Fi
1179,Supernatural
1046,Adventure
1046,Comedy
1046,Fantasy
907,Comedy
834,Action
834,Adventure
834,Supernatural
754,Adventure
754,Drama
754,Fantasy
49274,Drama
49274,Fantasy
49274,Romance
2662,Adventure
2662,Comedy
2662,Fantasy
2657,Adventure
2657,Comedy
2657,Fantasy
2651,Comedy
2651,Fantasy
598,Action
598,Drama
598,Sci-Fi
12695,Boys Love
50012,Mystery
50012,Slice of Life
11785,Comedy
11785,Sci-Fi
384,Action
384,Drama
384,Horror
384,Sci-Fi
384,Suspense
1869,Comedy
1869,Drama
1869,Romance
33218,Drama
3299,Drama
3299,Romance
3299,Supernatural
1493,Action
1493,Fantasy
34034,Action
34034,Fantasy
49915,Action
49915,Supernatural
1429,Action
1429,Adventure
1429,Comedy
1429,Mystery
1336,Action
1336,Horror
1336,Sci-Fi
1329,Drama
33589,Action
33589,Drama
61286,Action
61286,Adventure
59977,Action
59977,Adventure
59977,Fantasy
57360,Action
35960,Comedy
35960,Romance
31853,Action
31853,Horror
31853,Sci-Fi
31138,Action
31138,Comedy
31138,Fantasy
8206,Fantasy
36692,Comedy
36692,Sci-Fi
37185,Action
37185,Adventure
37185,Fantasy
38489,Action
38489,Adventure
38489,Comedy
38489,Drama
38489,Fantasy
35484,Comedy
35484,Gourmet
35484,Romance
6747,Action
6747,Drama
6747,Romance
6747,Supernatural
39531,Adventure
39531,Fantasy
40298,Comedy
40885,Action
40885,Sci-Fi
30290,Comedy
30290,Mystery
41266,Comedy
41266,Sports
5520,Comedy
5520,Fantasy
5249,Adventure
20449,Comedy
4532,Action
4532,Sci-Fi
20039,Comedy
4071,Adventure
1209,Sports
48369,Action
48369,Fantasy
1079,Action
1079,Mystery
1079,Romance
1079,Sci-Fi
1045,Adventure
1045,Comedy
1045,Fantasy
1045,Ecchi
859,Adventure
859,Comedy
859,Drama
859,Fantasy
48992,Avant Garde
48992,Award Winning
48992,Comedy
49120,Comedy
596,Comedy
596,Romance
2298,Action
2298,Drama
2298,Sci-Fi
49939,Comedy
2130,Action
2130,Comedy
2130,Horror
2130,Supernatural
50271,Drama
50271,Fantasy
50271,Romance
12175,Drama
12175,Romance
1236,Action
1236,Adventure
1236,Sci-Fi
37719,Action
37719,Comedy
37719,Romance
37719,Supernatural
37719,Ecchi
35994,Adventure
35994,Horror
35994,Suspense
59489,Action
59489,Fantasy
59489,Sci-Fi
54603,Fantasy
53912,Comedy
53912,Drama
12281,Action
12281,Comedy
12281,Sci-Fi
33203,Drama
33203,Romance
10659,Action
10659,Comedy
10659,Fantasy
26057,Comedy
26057,Fantasy
26057,Ecchi
23361,Comedy
31722,Action
31722,Adventure
31722,Fantasy
38742,Action
38742,Comedy
38742,Mystery
37569,Action
37569,Supernatural
34825,Comedy
34825,Sports
32151,Comedy
32151,Sci-Fi
7014,Drama
7014,Supernatural
34244,Adventure
34244,Comedy
34244,Sci-Fi
33286,Action
33286,Fantasy
33286,Ecchi
4765,Action
4765,Drama
4765,Sci-Fi
8986,Action
8986,Horror
8986,Supernatural
2490,Comedy
2490,Fantasy
2490,Sports
7144,Action
7144,Adventure
7144,Drama
7144,Sci-Fi
6312,Action
6312,Adventure
6312,Comedy
39463,Action
39463,Mystery
39463,Ecchi
5967,Comedy
5967,Sci-Fi
5967,Sports
1696,Action
1696,Adventure
1696,Fantasy
21853,Slice of Life
1025,Adventure
1025,Comedy
1025,Sci-Fi
3059,Action
3059,Adventure
3059,Sci-Fi
3032,Adventure
3032,Drama
3032,Sci-Fi
30383,Drama
30383,Romance
30383,Sci-Fi
2805,Comedy
2805,Fantasy
2805,Slice of Life
49398,Action
49398,Fantasy
49398,Supernatural
2300,Action
2300,Sci-Fi
2165,Comedy
2165,Fantasy
2165,Horror
2554,Drama
2554,Slice of Life
50432,Action
50432,Fantasy
50432,Supernatural
10115,Comedy
10115,Fantasy
1414,Action
1414,Adventure
1414,Comedy
1414,Mystery
48239,Adventure
48239,Comedy
48239,Fantasy
59773,Adventure
59773,Suspense
58681,Action
58681,Adventure
58681,Mystery
52461,Fantasy
52420,Fantasy
10737,Comedy
31815,Boys Love
31815,Fantasy
9712,Comedy
9712,Girls Love
36536,Slice of Life
33003,Action
33003,Suspense
50768,Action
50768,Fantasy
50768,Mystery
50916,Action
50916,Adventure
50916,Fantasy
5298,Fantasy
5298,Sci-Fi
33372,Action
33372,Comedy
33372,Fantasy
40410,Sports
40485,Action
40485,Fantasy
40485,Ecchi
31298,Comedy
31105,Action
31105,Sci-Fi
31080,Slice of Life
20047,Comedy
20047,Girls Love
8057,Adventure
8057,Comedy
8057,Ecchi
2263,Adventure
2263,Comedy
2263,Sci-Fi
6217,Comedy
6217,Sci-Fi
5834,Drama
5834,Sports
22677,Action
22677,Adventure
22677,Sci-Fi
1399,Action
1399,Comedy
1399,Drama
1399,Sci-Fi
1180,Action
1180,Comedy
1180,Romance
1180,Sci-Fi
3837,Action
3837,Adventure
3837,Comedy
3837,Sci-Fi
48252,Comedy
941,Comedy
941,Ecchi
49235,Action
49235,Drama
49235,Sci-Fi
45613,Comedy
45613,Romance
2389,Action
2389,Adventure
2389,Sci-Fi
2176,Action
2176,Sci-Fi
1726,Action
1726,Fantasy
1631,Action
1631,Sci-Fi
230,Action
230,Comedy
43568,Fantasy
48,Adventure
48,Fantasy
48,Mystery
58783,Boys Love
59434,Action
59434,Adventure
59434,Fantasy
58856,Drama
58057,Action
58057,Adventure
58057,Fantasy
56706,Suspense
57441,Adventure
57441,Comedy
57441,Mystery
32881,Drama
32881,Sports
15785,Sports
29513,Slice of Life
24211,Comedy
24211,Fantasy
36732,Action
36732,Fantasy
36855,Comedy
37103,Comedy
39080,Action
39080,Adventure
39080,Fantasy
39080,Romance
5962,Adventure
5962,Comedy
5962,Sports
34009,Comedy
39942,Slice of Life
32230,Adventure
32230,Fantasy
40806,Comedy
40806,Drama
40806,Romance
40806,Supernatural
40969,Comedy
3667,Action
3667,Sci-Fi
3667,Ecchi
3493,Adventure
3483,Comedy
3483,Drama
3483,Romance
41341,Action
41341,Adventure
41341,Fantasy
3446,Action
3446,Horror
3446,Sci-Fi
30896,Comedy
8769,Comedy
42893,Action
42893,Fantasy
8367,Comedy
8367,Ecchi
2390,Action
2390,Adventure
2390,Comedy
2390,Fantasy
1792,Action
1792,Adventure
1792,Sci-Fi
3656,Action
3656,Boys Love
3656,Supernatural
37997,Action
37997,Drama
37997,Romance
37997,Supernatural
32899,Comedy
32899,Romance
4415,Adventure
4415,Fantasy
3765,Adventure
3765,Fantasy
1137,Adventure
1137,Drama
1137,Fantasy
1137,Sci-Fi
30307,Comedy
30307,Fantasy
30307,Romance
30307,Ecchi
607,Adventure
607,Comedy
607,Fantasy
2279,Adventure
2279,Fantasy
49895,Comedy
10302,Action
10302,Comedy
10302,Fantasy
343,Comedy
343,Romance
343,Supernatural
116,Adventure
116,Comedy
116,Fantasy
116,Romance
1384,Action
1384,Drama
1384,Horror
1384,Supernatural
1357,Action
1357,Drama
1357,Sci-Fi
1311,Comedy
1311,Drama
1311,Romance
1311,Sci-Fi
1311,Ecchi
9776,Comedy
50993,Slice of Life
59915,Action
59915,Adventure
59915,Fantasy
59274,Adventure
59274,Sci-Fi
57613,Action
57613,Adventure
57613,Fantasy
57567,Action
57567,Drama
57512,Action
57512,Adventure
57512,Fantasy
57517,Comedy
49681,Action
49681,Sci-Fi
56840,Action
56840,Adventure
56840,Sci-Fi
55129,Comedy
55129,Romance
55129,Supernatural
52046,Action
52046,Adventure
52046,Fantasy
51727,Action
51727,Adventure
51727,Mystery
38050,Comedy
15807,Comedy
15807,Sports
15807,Ecchi
36967,Action
36967,Adventure
36967,Comedy
37221,Action
36537,Slice of Life
37921,Slice of Life
38629,Comedy
34533,Action
34533,Comedy
39591,Comedy
40610,Action
41223,Romance
34658,Comedy
34658,Romance
5019,Action
5019,Adventure
5019,Comedy
5019,Mystery
2470,Action
2470,Adventure
2470,Drama
2470,Sci-Fi
2144,Action
2144,Adventure
2144,Fantasy
44270,Comedy
44270,Romance
45042,Action
45042,Fantasy
1659,Comedy
1659,Drama
1659,Fantasy
5199,Comedy
4997,Comedy
4997,Romance
4997,Sci-Fi
4997,Ecchi
4876,Action
4876,Adventure
20969,Drama
20969,Supernatural
4205,Romance
4094,Action
4094,Adventure
4082,Action
4082,Comedy
4082,Horror
4082,Supernatural
40486,Action
40486,Fantasy
40486,Ecchi
933,Comedy
933,Fantasy
16726,Comedy
16726,Fantasy
34820,Action
34820,Comedy
34820,Sci-Fi
15489,Action
15489,Fantasy
49426,Action
616,Drama
616,Fantasy
13561,Comedy
13163,Supernatural
49860,Adventure
49860,Comedy
12321,Comedy
2087,Action
2087,Comedy
2087,Fantasy
1968,Drama
1968,Romance
1968,Sci-Fi
1953,Comedy
1922,Action
1922,Adventure
1922,Comedy
1922,Drama
1922,Romance
1922,Sci-Fi
342,Drama
342,Sci-Fi
325,Drama
325,Romance
291,Comedy
291,Drama
291,Romance
291,Supernatural
1707,Comedy
1707,Sci-Fi
1707,Sports
39017,Mystery
39017,Romance
39017,Supernatural
1546,Comedy
1546,Fantasy
1546,Romance
1514,Comedy
1514,Romance
1514,Sci-Fi
1492,Action
157,Action
157,Comedy
157,Fantasy
157,Romance
157,Ecchi
10923,Comedy
10923,Mystery
1249,Action
1249,Adventure
1249,Comedy
1249,Sci-Fi
44037,Fantasy
44037,Romance
8,Action
8,Adventure
8,Fantasy
1135,Action
1135,Fantasy
57677,Avant Garde
54792,Boys Love
53448,Boys Love
53448,Comedy
53448,Drama
53448,Fantasy
52105,Action
52105,Adventure
52105,Mystery
36566,Comedy
9314,Adventure
9314,Fantasy
9314,Sci-Fi
11457,Slice of Life
11457,Supernatural
37710,Drama
27655,Action
27655,Sci-Fi
34338,Drama
34338,Fantasy
33994,Comedy
33994,Fantasy
39948,Mystery
39948,Supernatural
40483,Comedy
40483,Ecchi
40489,Action
40489,Adventure
40489,Fantasy
41210,Adventure
41210,Fantasy
39191,Adventure
39191,Fantasy
2415,Adventure
2415,Sports
7761,Comedy
6489,Action
6489,Adventure
6489,Comedy
6489,Fantasy
6489,Romance
6489,Ecchi
1942,Adventure
1942,Sci-Fi
5992,Comedy
5992,Drama
5992,Romance
20945,Action
20945,Adventure
20945,Comedy
20945,Sci-Fi
1119,Adventure
1119,Comedy
1119,Drama
1119,Fantasy
3186,Drama
3186,Fantasy
3186,Romance
3079,Sci-Fi
2716,Comedy
518,Fantasy
456,Comedy
44983,Adventure
44983,Comedy
44983,Fantasy
44983,Ecchi
1892,Adventure
1892,Comedy
1892,Sci-Fi
40586,Comedy
40586,Fantasy
313,Drama
313,Romance
313,Sports
1710,Action
1710,Adventure
1710,Comedy
1710,Sci-Fi
162,Comedy
162,Fantasy
162,Romance
1438,Action
1438,Adventure
1438,Comedy
1438,Mystery
1128,Comedy
1128,Romance
1128,Sci-Fi
40839,Comedy
40839,Romance
59989,Action
59989,Adventure
59989,Drama
59989,Fantasy
59989,Mystery
57351,Action
57351,Adventure
57351,Fantasy
55272,Action
55272,Adventure
55272,Drama
55514,Adventure
55514,Slice of Life
55237,Comedy
55237,Supernatural
54725,Drama
54725,Fantasy
53880,Adventure
53880,Comedy
53880,Fantasy
53379,Comedy
53379,Romance
52623,Action
52623,Adventure
52623,Fantasy
21671,Comedy
21671,Sci-Fi
16910,Comedy
16910,Fantasy
10690,Adventure
36308,Sci-Fi
36308,Suspense
32686,Sports
32686,Ecchi
38085,Action
38085,Fantasy
38062,Fantasy
38062,Slice of Life
6344,Action
6344,Horror
6344,Supernatural
34777,Action
34777,Drama
34777,Suspense
5955,Comedy
34008,Sports
40659,Comedy
40659,Slice of Life
4026,Action
4026,Adventure
4026,Fantasy
42209,Action
42209,Adventure
42209,Fantasy
29027,Action
29027,Supernatural
29027,Ecchi
7728,Action
7728,Supernatural
4086,Adventure
4086,Comedy
1225,Action
1225,Adventure
1225,Fantasy
1225,Horror
1225,Romance
3174,Comedy
3174,Romance
3174,Supernatural
751,Action
751,Adventure
751,Comedy
751,Sci-Fi
15159,Slice of Life
621,Action
621,Horror
621,Mystery
621,Supernatural
525,Adventure
525,Drama
525,Fantasy
2363,Adventure
2363,Comedy
2363,Fantasy
2206,Comedy
2206,Sci-Fi
12293,Action
12293,Comedy
12293,Romance
12293,Supernatural
12293,Ecchi
10893,Action
10893,Fantasy
1798,Comedy
1798,Drama
36688,Action
36688,Supernatural
36688,Ecchi
243,Boys Love
243,Comedy
10418,Action
10418,Horror
10418,Sci-Fi
41345,Action
41345,Supernatural
127,Action
127,Comedy
127,Fantasy
127,Sci-Fi
7768,Comedy
7768,Mystery
9798,Adventure
9798,Fantasy
33478,Action
33478,Fantasy
33478,Sci-Fi
50985,Comedy
42205,Action
42205,Adventure
42205,Supernatural
31559,Sports
33080,Action
44516,Action
44516,Romance
59688,Action
59688,Comedy
59688,Sci-Fi
58854,Slice of Life
58854,Supernatural
57058,Action
57058,Adventure
57058,Fantasy
56981,Action
56981,Adventure
56981,Fantasy
54041,Comedy
36995,Action
35228,Comedy
35228,Romance
13659,Comedy
13659,Romance
9999,Action
9999,Adventure
9999,Fantasy
38161,Comedy
38161,Drama
38161,Mystery
37860,Comedy
16157,Action
16157,Comedy
16157,Fantasy
16157,Sci-Fi
38431,Action
38431,Supernatural
38235,Sports
32962,Mystery
34227,Fantasy
40578,Action
40578,Adventure
40578,Comedy
40578,Mystery
31909,Slice of Life
3653,Action
3653,Sci-Fi
3424,Drama
9331,Action
9331,Supernatural
8348,Action
38015,Action
38015,Adventure
38015,Fantasy
3654,Comedy
3654,Fantasy
3654,Romance
3654,Ecchi
6509,Comedy
6509,Drama
6280,Action
6280,Fantasy
4851,Action
4851,Adventure
4851,Comedy
4650,Action
4650,Sci-Fi
14749,Comedy
14749,Romance
3734,Drama
3266,Comedy
3266,Drama
3266,Romance
3266,Ecchi
49098,Action
49098,Adventure
49098,Fantasy
49138,Comedy
49138,Mystery
15719,Action
15719,Comedy
15719,Romance
2746,Action
2746,Sci-Fi
2678,Adventure
2678,Fantasy
3318,Drama
3318,Romance
49766,Action
49316,Action
49316,Fantasy
49316,Ecchi
358,Drama
358,Romance
358,Sci-Fi
1897,Adventure
1897,Sci-Fi
1864,Drama
1864,Fantasy
1864,Romance
1797,Comedy
1797,Drama
1774,Action
1774,Adventure
1774,Sci-Fi
50501,Action
50501,Adventure
50501,Fantasy
29101,Ecchi
1152,Action
1152,Comedy
1152,Mystery
1152,Sci-Fi
61345,Comedy
59914,Comedy
59914,Sports
57207,Action
57207,Sci-Fi
55089,Romance
52680,Action
52680,Fantasy
52680,Supernatural
20909,Slice of Life
20909,Supernatural
20843,Comedy
11227,Action
11227,Comedy
11227,Sci-Fi
22189,Comedy
7695,Action
7695,Adventure
7695,Fantasy
10549,Action
28211,Sci-Fi
25719,Comedy
37864,Comedy
37864,Gourmet
37206,Comedy
37206,Sports
6946,Comedy
35868,Action
39388,Slice of Life
39991,Action
39991,Sci-Fi
40064,Action
40064,Adventure
40064,Fantasy
40465,Comedy
4214,Comedy
4214,Romance
4214,Supernatural
4214,Ecchi
40761,Action
40761,Fantasy
37202,Action
37202,Adventure
37202,Fantasy
9675,Comedy
9675,Supernatural
30355,Slice of Life
2751,Adventure
2751,Drama
2751,Fantasy
2722,Action
2722,Adventure
2722,Sci-Fi
2630,Comedy
2630,Sci-Fi
28617,Comedy
28617,Sci-Fi
28617,Supernatural
28617,Ecchi
28423,Comedy
28423,Supernatural
26453,Sports
2157,Sci-Fi
5953,Fantasy
1762,Action
1762,Adventure
1762,Drama
1762,Fantasy
5342,Action
5342,Fantasy
5342,Sci-Fi
5274,Adventure
5274,Comedy
5274,Fantasy
5274,Ecchi
5071,Action
5071,Adventure
5071,Comedy
5071,Fantasy
1400,Action
1400,Adventure
1400,Comedy
1400,Drama
1400,Sci-Fi
19365,Action
19365,Comedy
1104,Comedy
1104,Romance
1104,Sci-Fi
1104,Ecchi
35932,Drama
48481,Adventure
48481,Mystery
48481,Supernatural
1049,Award Winning
1049,Drama
1049,Fantasy
17677,Action
17677,Drama
17677,Sci-Fi
1028,Fantasy
48761,Action
48761,Adventure
48761,Fantasy
936,Action
936,Adventure
936,Fantasy
3077,Comedy
3077,Drama
3077,Supernatural
789,Drama
789,Supernatural
2749,Adventure
2749,Comedy
632,Comedy
632,Romance
632,Sci-Fi
632,Ecchi
2586,Drama
2586,Sci-Fi
507,Boys Love
507,Comedy
2230,Adventure
2230,Drama
419,Action
419,Adventure
419,Comedy
419,Supernatural
11835,Action
11835,Fantasy
11299,Action
11299,Adventure
11299,Comedy
11299,Sci-Fi
303,Comedy
303,Supernatural
244,Mystery
50597,Slice of Life
40979,Action
40979,Sci-Fi
55072,Slice of Life
35285,Comedy
8097,Action
8097,Adventure
8097,Comedy
10592,Action
10592,Adventure
10592,Sci-Fi
30919,Comedy
30919,Fantasy
13411,Action
13411,Drama
13411,Sci-Fi
20745,Slice of Life
38971,Supernatural
33335,Fantasy
40359,Drama
40359,Mystery
31229,Action
31229,Supernatural
31056,Comedy
31056,Ecchi
42392,Action
50923,Drama
50923,Romance
27887,Slice of Life
43591,Comedy
24457,Comedy
2006,Adventure
2006,Comedy
2006,Fantasy
6566,Comedy
6566,Sci-Fi
6554,Adventure
6554,Slice of Life
23425,Comedy
44273,Adventure
44273,Fantasy
3407,Action
3407,Drama
3407,Sci-Fi
5203,Fantasy
5203,Slice of Life
21195,Action
21195,Comedy
21195,Fantasy
1436,Action
1436,Adventure
1436,Comedy
4476,Adventure
4476,Fantasy
1258,Adventure
1258,Sci-Fi
14293,Romance
14293,Sci-Fi
3313,Adventure
3313,Comedy
3313,Mystery
39710,Drama
39710,Romance
3072,Action
3072,Adventure
3072,Drama
3072,Sci-Fi
33475,Action
33475,Comedy
33475,Ecchi
2705,Adventure
49457,Comedy
49457,Drama
49457,Fantasy
49457,Romance
579,Comedy
579,Sci-Fi
579,Ecchi
49830,Romance
50010,Comedy
50010,Mystery
405,Award Winning
405,Horror
405,Supernatural
11079,Comedy
50306,Action
50306,Adventure
50306,Fantasy
50306,Romance
229,Comedy
10249,Comedy
1434,Action
1434,Adventure
1434,Comedy
1434,Mystery
48675,Comedy
48675,Romance
58318,Drama
58318,Sci-Fi
52573,Comedy
52573,Romance
51956,Drama
51956,Sci-Fi
51768,Comedy
22057,Comedy
22057,Romance
22057,Supernatural
8876,Comedy
8876,Ecchi
8250,Action
8250,Drama
8250,Sci-Fi
20673,Adventure
20673,Fantasy
20673,Romance
34032,Sports
9693,Drama
9693,Sports
10122,Drama
10122,Sci-Fi
36793,Romance
37858,Comedy
38130,Drama
29589,Comedy
29589,Romance
30375,Slice of Life
111,Adventure
111,Comedy
111,Sci-Fi
6610,Action
6610,Horror
6610,Mystery
6610,Sci-Fi
6610,Suspense
39539,Action
39539,Drama
39539,Sci-Fi
39606,Comedy
39606,Girls Love
41052,Comedy
3359,Action
3359,Supernatural
3098,Action
3098,Sci-Fi
2998,Drama
2998,Fantasy
2998,Sci-Fi
2797,Action
37926,Adventure
37926,Drama
37926,Mystery
31096,Comedy
42476,Adventure
42476,Mystery
2248,Comedy
25375,Romance
43755,Award Winning
43755,Drama
43755,Fantasy
44513,Action
44513,Fantasy
20423,Fantasy
20423,Mystery
3868,Drama
3868,Romance
4983,Adventure
4983,Comedy
4983,Fantasy
4983,Horror
3447,Comedy
3447,Sci-Fi
3419,Comedy
3419,Romance
3419,Ecchi
3053,Sports
3043,Fantasy
3043,Romance
2819,Action
2819,Adventure
2819,Fantasy
689,Drama
689,Fantasy
673,Comedy
2625,Comedy
2625,Fantasy
2625,Sci-Fi
538,Comedy
538,Romance
538,Sci-Fi
1111,Action
1111,Adventure
1111,Comedy
1111,Sci-Fi
1111,Ecchi
475,Drama
475,Sci-Fi
2223,Fantasy
2223,Slice of Life
12225,Comedy
12225,Sci-Fi
11009,Adventure
11009,Comedy
11009,Fantasy
10934,Action
10934,Comedy
10934,Romance
10934,Supernatural
10934,Ecchi
174,Action
174,Drama
174,Supernatural
174,Ecchi
9810,Comedy
1186,Adventure
1186,Sci-Fi
1186,Sports
50281,Action
60461,Supernatural
58449,Adventure
58449,Supernatural
55149,Gourmet
54858,Sci-Fi
52214,Fantasy
10014,Drama
20045,Action
20045,Comedy
20045,Sci-Fi
17409,Romance
32555,Comedy
38490,Action
38490,Adventure
38490,Fantasy
36497,Action
36497,Comedy
36497,Fantasy
37969,Comedy
37969,Supernatural
38916,Adventure
38916,Sci-Fi
39239,Action
39239,Adventure
39239,Fantasy
12191,Action
3710,Horror
3710,Supernatural
5039,Action
5039,Drama
5039,Horror
5039,Romance
5039,Sci-Fi
9347,Comedy
9347,Fantasy
9347,Romance
28835,Comedy
2595,Drama
2595,Romance
2595,Ecchi
8368,Comedy
8368,Sci-Fi
8023,Comedy
7375,Comedy
4935,Comedy
1504,Drama
1504,Sci-Fi
17635,Romance
1457,Action
1457,Award Winning
1457,Drama
1457,Sci-Fi
4078,Comedy
4078,Ecchi
3737,Adventure
3737,Comedy
31442,Action
31442,Comedy
31442,Fantasy
31442,Ecchi
1022,Action
1022,Adventure
1022,Comedy
1022,Drama
1022,Sci-Fi
21431,Drama
21431,Mystery
21431,Sci-Fi
873,Adventure
873,Drama
873,Fantasy
16385,Action
16385,Adventure
16385,Fantasy
49059,Boys Love
49059,Drama
49059,Sci-Fi
800,Sci-Fi
800,Slice of Life
48417,Action
48417,Fantasy
12499,Comedy
2118,Sports
1843,Drama
10819,Comedy
308,Drama
308,Fantasy
308,Mystery
308,Sci-Fi
50392,Action
50392,Fantasy
50392,Ecchi
1637,Boys Love
1637,Drama
212,Action
212,Adventure
212,Comedy
212,Sci-Fi
10276,Comedy
10191,Comedy
10191,Sci-Fi
1489,Comedy
1489,Ecchi
37722,Comedy
37722,Girls Love
1248,Action
1248,Drama
1248,Romance
1248,Sci-Fi
1151,Comedy
1151,Sci-Fi
49819,Action
58549,Boys Love
58549,Comedy
57623,Comedy
56999,Supernatural
57199,Fantasy
54772,Action
54772,Adventure
54772,Comedy
54772,Fantasy
52909,Drama
52482,Adventure
52482,Comedy
52482,Fantasy
51941,Action
51941,Fantasy
11911,Comedy
36148,Adventure
36148,Comedy
36148,Fantasy
33019,Comedy
33019,Fantasy
36439,Comedy
36683,Comedy
28625,Sci-Fi
38536,Action
38536,Supernatural
39689,Comedy
39689,Ecchi
5155,Drama
5155,Romance
33240,Slice of Life
3457,Drama
3457,Mystery
3457,Romance
3457,Supernatural
2997,Drama
2997,Fantasy
37259,Sports
42949,Comedy
42949,Sci-Fi
8228,Comedy
8228,Horror
8228,Supernatural
7669,Comedy
7669,Fantasy
6779,Comedy
6779,Fantasy
1954,Action
1954,Adventure
1954,Fantasy
44097,Comedy
44097,Drama
44097,Romance
44097,Supernatural
5217,Sports
1587,Supernatural
21653,Action
21653,Comedy
21653,Romance
21653,Sci-Fi
21653,Ecchi
14355,Adventure
14355,Slice of Life
4786,Comedy
4786,Ecchi
20505,Drama
20505,Slice of Life
1214,Slice of Life
37623,Action
37623,Adventure
37623,Award Winning
37623,Drama
37623,Fantasy
17827,Romance
3317,Adventure
3317,Sci-Fi
968,Action
968,Comedy
870,Comedy
870,Fantasy
3012,Sports
2891,Fantasy
49793,Sci-Fi
49793,Slice of Life
43694,Slice of Life
39489,Action
39489,Adventure
39489,Sci-Fi
561,Action
561,Adventure
561,Sci-Fi
2172,Comedy
2172,Ecchi
2039,Comedy
38301,Action
38301,Adventure
1525,Action
1525,Adventure
1525,Comedy
1525,Fantasy
10155,Action
10155,Adventure
10155,Fantasy
126,Comedy
126,Drama
126,Romance
1421,Action
1421,Adventure
1421,Comedy
1421,Mystery
41750,Action
41750,Mystery
41750,Sci-Fi
3574,Action
3574,Mystery
23201,Action
23201,Fantasy
59265,Fantasy
58614,Action
58614,Adventure
58614,Fantasy
55186,Action
55186,Adventure
55186,Fantasy
53026,Action
53026,Sci-Fi
52709,Comedy
52709,Romance
51781,Sports
51772,Comedy
36982,Comedy
35206,Action
35206,Slice of Life
28105,Adventure
28105,Comedy
35840,Sci-Fi
38256,Drama
38256,Suspense
35928,Action
35928,Drama
35928,Romance
35928,Supernatural
38923,Mystery
38923,Supernatural
11837,Action
11837,Drama
11837,Horror
11837,Romance
11837,Sci-Fi
39735,Fantasy
39936,Adventure
40073,Action
40073,Comedy
40073,Fantasy
40073,Sci-Fi
36432,Action
36432,Fantasy
36432,Sci-Fi
30915,Action
30915,Fantasy
30818,Action
30818,Comedy
30818,Mystery
3031,Adventure
3031,Comedy
3031,Drama
3031,Fantasy
42078,Drama
33204,Adventure
33204,Fantasy
33204,Sci-Fi
28257,Comedy
28257,Supernatural
7817,Comedy
7817,Romance
7817,Ecchi
43483,Comedy
43626,Action
43626,Fantasy
23945,Comedy
23945,Supernatural
23945,Ecchi
1844,Action
1844,Comedy
1844,Mystery
5914,Comedy
5914,Girls Love
5914,Ecchi
5031,Action
5031,Adventure
5031,Sci-Fi
4646,Action
4646,Adventure
4646,Sci-Fi
44410,Action
44410,Fantasy
44410,Sci-Fi
3281,Comedy
3281,Sports
900,Action
900,Adventure
900,Comedy
900,Fantasy
900,Sci-Fi
16512,Action
16512,Supernatural
16512,Suspense
49263,Slice of Life
49873,Adventure
49873,Fantasy
461,Action
461,Adventure
461,Fantasy
2121,Sports
1675,Action
1675,Sci-Fi
50400,Action
50400,Adventure
50400,Comedy
1448,Adventure
1448,Sci-Fi
9673,Comedy
1207,Drama
1207,Fantasy
1207,Romance
59301,Fantasy
59433,Action
59433,Fantasy
59433,Romance
59410,Action
59410,Adventure
59410,Fantasy
59179,Comedy
59179,Fantasy
56923,Adventure
56923,Fantasy
56923,Romance
56566,Adventure
56566,Sports
54881,Action
54881,Adventure
54009,Slice of Life
54009,Supernatural
51940,Comedy
51940,Sci-Fi
51645,Comedy
51645,Fantasy
51385,Fantasy
33524,Comedy
10098,Comedy
10098,Drama
10098,Fantasy
37087,Action
37087,Comedy
37087,Fantasy
50538,Action
50538,Adventure
50538,Comedy
50538,Fantasy
10794,Action
10794,Comedy
10794,Romance
10794,Sci-Fi
10794,Ecchi
35720,Slice of Life
36049,Comedy
36049,Gourmet
33421,Action
33421,Supernatural
36864,Comedy
36864,Romance
35182,Comedy
35182,Fantasy
39382,Mystery
39382,Supernatural
18045,Drama
18045,Romance
35686,Comedy
31838,Action
31838,Adventure
31838,Fantasy
29785,Comedy
29785,Romance
29785,Supernatural
29936,Action
29936,Fantasy
8728,Supernatural
8394,Action
8394,Adventure
8394,Sci-Fi
2459,Comedy
2459,Drama
2459,Romance
27727,Comedy
27727,Fantasy
7559,Action
7559,Fantasy
7559,Romance
6973,Action
5526,Comedy
5526,Fantasy
1584,Comedy
1584,Sci-Fi
5152,Action
5152,Adventure
5152,Comedy
5152,Fantasy
4050,Fantasy
35905,Comedy
48577,Sci-Fi
48577,Supernatural
48627,Comedy
993,Comedy
993,Drama
993,Romance
993,Sci-Fi
981,Comedy
981,Romance
981,Ecchi
3271,Adventure
3271,Sci-Fi
884,Action
884,Fantasy
36531,Action
36531,Sci-Fi
49287,Adventure
49287,Drama
49287,Supernatural
636,Action
636,Adventure
636,Comedy
636,Drama
2579,Adventure
2579,Romance
49982,Drama
49982,Girls Love
312,Drama
312,Sports
293,Comedy
293,Fantasy
293,Sci-Fi
1720,Comedy
1720,Drama
1720,Romance
37914,Sci-Fi
1568,Action
1568,Comedy
1568,Romance
50675,Action
50675,Sci-Fi
37210,Action
37210,Comedy
37210,Fantasy
37210,Romance
37210,Ecchi
4151,Action
4151,Adventure
4151,Drama
4151,Supernatural
59514,Action
59514,Adventure
59514,Comedy
59514,Fantasy
55762,Action
55762,Adventure
55762,Comedy
55762,Fantasy
53588,Fantasy
53163,Comedy
53163,Sci-Fi
53077,Comedy
53033,Action
53033,Sci-Fi
52921,Action
52921,Adventure
52921,Fantasy
51526,Gourmet
38089,Slice of Life
8800,Action
17741,Drama
17741,Romance
37781,Action
37781,Comedy
37781,Fantasy
32607,Slice of Life
24821,Slice of Life
35776,Action
35776,Fantasy
35776,Mystery
37496,Action
37496,Comedy
37496,Mystery
37496,Sci-Fi
6794,Action
6794,Supernatural
34283,Comedy
34178,Sports
40460,Adventure
40460,Drama
40460,Mystery
4202,Mystery
4202,Slice of Life
4202,Supernatural
33023,Action
33023,Comedy
33023,Fantasy
40803,Sci-Fi
4334,Action
4334,Sci-Fi
41105,Drama
41105,Sports
2772,Action
2772,Adventure
2772,Fantasy
42880,Comedy
2404,Action
2404,Horror
2404,Supernatural
25011,Comedy
25011,Ecchi
1859,Sports
44942,Action
44942,Drama
44942,Fantasy
21511,Action
21511,Sci-Fi
1465,Action
1465,Sci-Fi
34204,Comedy
4166,Comedy
4166,Romance
4166,Ecchi
1166,Adventure
1166,Sci-Fi
1166,Slice of Life
3631,Adventure
3631,Fantasy
3550,Comedy
1024,Action
1024,Drama
49049,Boys Love
3349,Action
3349,Comedy
3349,Sci-Fi
49291,Drama
49291,Suspense
49109,Fantasy
49109,Slice of Life
642,Romance
642,Ecchi
49487,Comedy
12591,Comedy
2122,Sports
892,Action
892,Adventure
892,Comedy
892,Fantasy
892,Sci-Fi
6324,Action
6324,Comedy
6324,Romance
6324,Supernatural
6324,Ecchi
50206,Award Winning
50206,Slice of Life
50218,Sci-Fi
42129,Action
42129,Horror
42129,Supernatural
1578,Adventure
1578,Comedy
1578,Drama
1578,Fantasy
1578,Romance
1578,Sci-Fi
1553,Action
1553,Adventure
1553,Sci-Fi
1539,Romance
1539,Sports
1129,Comedy
1129,Romance
1129,Sci-Fi
60137,Action
60137,Adventure
60137,Fantasy
60076,Slice of Life
59785,Sci-Fi
58779,Adventure
58779,Comedy
58779,Fantasy
57925,Comedy
57925,Sci-Fi
56449,Fantasy
56449,Slice of Life
56179,Fantasy
56179,Mystery
54730,Comedy
54730,Sports
54339,Action
51196,Action
51196,Fantasy
51196,Sci-Fi
51213,Fantasy
51213,Ecchi
22759,Comedy
21407,Action
33075,Action
33075,Comedy
33075,Fantasy
33075,Ecchi
38020,Action
38020,Drama
38020,Romance
38020,Sci-Fi
33371,Action
33371,Sci-Fi
24629,Gourmet
24629,Slice of Life
30376,Drama
3086,Action
3086,Fantasy
3086,Sci-Fi
41930,Drama
29129,Comedy
29129,Romance
8366,Comedy
8366,Ecchi
29089,Action
29089,Comedy
29089,Fantasy
29089,Romance
27419,Slice of Life
7619,Adventure
7619,Supernatural
30544,Action
30544,Comedy
30544,Fantasy
30544,Romance
30544,Ecchi
23849,Adventure
23849,Fantasy
1829,Adventure
1829,Fantasy
37207,Drama
37207,Romance
45753,Action
45753,Adventure
45753,Comedy
45753,Fantasy
1398,Action
1398,Adventure
1398,Comedy
1398,Sci-Fi
882,Action
882,Supernatural
2933,Action
2933,Comedy
2933,Sci-Fi
811,Comedy
811,Drama
811,Romance
811,Ecchi
796,Adventure
796,Comedy
796,Fantasy
2646,Fantasy
2487,Adventure
2487,Drama
2487,Fantasy
2487,Sci-Fi
2259,Comedy
2259,Fantasy
2259,Romance
2038,Comedy
2038,Slice of Life
1841,Comedy
1841,Fantasy
10842,Comedy
10842,Fantasy
50280,Action
50280,Adventure
50280,Fantasy
1648,Comedy
1648,Romance
1648,Sci-Fi
11809,Comedy
196,Comedy
196,Drama
196,Sci-Fi
143,Drama
143,Girls Love
143,Supernatural
50738,Comedy
50738,Fantasy
1469,Action
1469,Adventure
1469,Comedy
1469,Fantasy
61354,Action
61354,Fantasy
61354,Sci-Fi
61361,Action
61361,Fantasy
57184,Action
57184,Adventure
57184,Mystery
55725,Boys Love
54854,Fantasy
54124,Action
54124,Adventure
54124,Fantasy
51417,Action
51417,Comedy
51417,Romance
8078,Action
8078,Comedy
33173,Comedy
11161,Comedy
11161,Romance
11161,Ecchi
37402,Comedy
37859,Comedy
18677,Comedy
18677,Fantasy
18677,Romance
18677,Ecchi
32323,Comedy
32323,Romance
35589,Action
35589,Fantasy
34835,Action
34835,Comedy
34835,Ecchi
39274,Action
39274,Adventure
39274,Fantasy
5045,Action
5045,Comedy
5045,Ecchi
40148,Drama
32511,Comedy
4051,Action
4051,Adventure
4051,Comedy
4051,Sci-Fi
30363,Action
30363,Supernatural
30363,Ecchi
27509,Action
27509,Comedy
27509,Sci-Fi
2221,Comedy
2221,Romance
2215,Sci-Fi
2201,Action
2201,Adventure
2201,Drama
2201,Fantasy
5996,Sports
5802,Fantasy
5802,Supernatural
44881,Action
44881,Adventure
44881,Drama
44881,Fantasy
5296,Action
5296,Horror
5296,Supernatural
5091,Adventure
5091,Comedy
5091,Supernatural
1256,Adventure
1256,Sci-Fi
4066,Adventure
4066,Romance
4066,Sci-Fi
1020,Action
1020,Boys Love
1020,Drama
1020,Supernatural
899,Action
899,Adventure
899,Comedy
899,Fantasy
899,Sci-Fi
43205,Action
43205,Sci-Fi
641,Comedy
641,Romance
641,Ecchi
2576,Slice of Life
13377,Comedy
13287,Comedy
13287,Sci-Fi
13145,Action
492,Action
492,Sci-Fi
12223,Action
12223,Adventure
12223,Sci-Fi
39188,Action
39188,Comedy
39188,Drama
39188,Fantasy
39188,Romance
11285,Action
11285,Drama
11285,Fantasy
1857,Drama
1857,Sci-Fi
10824,Comedy
10824,Slice of Life
1760,Action
1760,Adventure
1760,Drama
288,Adventure
288,Comedy
288,Sports
169,Action
169,Horror
169,Mystery
169,Romance
169,Supernatural
124,Adventure
124,Drama
124,Fantasy
124,Romance
24133,Action
24133,Fantasy
24133,Romance
24133,Ecchi
9883,Comedy
37324,Comedy
37324,Supernatural
59135,Comedy
59135,Romance
55864,Action
55864,Adventure
55864,Fantasy
55693,Action
55693,Fantasy
54594,Comedy
52359,Adventure
52359,Fantasy
51291,Action
51291,Adventure
51291,Fantasy
38527,Comedy
21325,Slice of Life
21325,Supernatural
16678,Adventure
16678,Comedy
16678,Fantasy
9367,Action
9367,Drama
9367,Romance
9367,Sci-Fi
9367,Ecchi
10348,Sci-Fi
33948,Slice of Life
33997,Adventure
36792,Comedy
36792,Romance
36792,Ecchi
38720,Action
38720,Adventure
38720,Comedy
38720,Mystery
35314,Action
35314,Ecchi
39607,Comedy
39607,Fantasy
39769,Fantasy
39769,Sci-Fi
5343,Action
5343,Adventure
5343,Comedy
5343,Ecchi
5042,Comedy
5042,Romance
5042,Ecchi
40994,Mystery
40994,Sci-Fi
28221,Action
28221,Comedy
28221,Fantasy
32409,Comedy
32409,Supernatural
32409,Ecchi
9063,Comedy
9063,Ecchi
2713,Action
2713,Adventure
2713,Sci-Fi
2692,Action
2692,Comedy
2546,Drama
2546,Slice of Life
7367,Action
7367,Fantasy
7016,Comedy
23991,Action
23991,Adventure
3615,Comedy
3615,Fantasy
3615,Romance
5891,Action
21781,Romance
4807,Action
4807,Adventure
4807,Comedy
3836,Adventure
3807,Drama
3807,Romance
3761,Adventure
48456,Sports
4548,Action
4548,Comedy
4548,Fantasy
48759,Action
48759,Adventure
2715,Adventure
670,Drama
670,Romance
605,Comedy
605,Fantasy
605,Romance
592,Adventure
592,Fantasy
12585,Sports
50099,Sports
1817,Comedy
1817,Romance
1817,Sci-Fi
1817,Ecchi
1415,Action
1415,Adventure
1415,Comedy
1415,Mystery
1727,Drama
1727,Fantasy
1727,Romance
32866,Action
32866,Sci-Fi
32866,Ecchi
49665,Drama
61293,Comedy
61293,Romance
58592,Action
58592,Adventure
58592,Comedy
58592,Fantasy
57562,Comedy
54199,Mystery
54199,Supernatural
54199,Ecchi
53731,Gourmet
53835,Adventure
53835,Fantasy
53835,Romance
52985,Comedy
52985,Fantasy
15431,Slice of Life
37910,Fantasy
37910,Romance
7904,Adventure
7904,Drama
7904,Fantasy
24991,Comedy
24991,Fantasy
24991,Ecchi
109,Action
109,Adventure
109,Sci-Fi
37760,Action
37760,Sci-Fi
32437,Action
32437,Adventure
32437,Fantasy
40897,Adventure
40897,Fantasy
3116,Sports
9988,Drama
9988,Romance
8361,Comedy
8361,Ecchi
28431,Action
28431,Adventure
28431,Fantasy
7135,Adventure
7135,Supernatural
7113,Sci-Fi
25045,Comedy
6726,Drama
6726,Romance
6293,Action
1804,Slice of Life
1804,Supernatural
5688,Adventure
5688,Comedy
5688,Fantasy
5688,Horror
5688,Supernatural
1638,Adventure
1638,Fantasy
1603,Action
1603,Sci-Fi
6112,Adventure
6112,Comedy
6112,Ecchi
1517,Action
1517,Comedy
1517,Drama
1517,Fantasy
1517,Horror
1517,Romance
1517,Sci-Fi
3811,Adventure
3752,Adventure
1074,Action
8630,Action
8630,Comedy
8630,Romance
8630,Ecchi
50963,Action
49197,Avant Garde
49380,Comedy
544,Action
544,Adventure
544,Sci-Fi
514,Drama
514,Horror
514,Romance
514,Supernatural
2119,Sports
423,Comedy
423,Sci-Fi
10532,Comedy
115,Adventure
115,Comedy
115,Fantasy
22117,Action
22117,Supernatural
60547,Comedy
58272,Comedy
58272,Romance
58272,Sci-Fi
57865,Action
57865,Adventure
57865,Fantasy
57435,Action
57253,Avant Garde
57253,Horror
57253,Supernatural
54656,Action
54656,Comedy
53494,Action
53494,Adventure
53494,Fantasy
53488,Fantasy
53488,Romance
52990,Romance
50898,Action
50898,Fantasy
18495,Comedy
35567,Action
35567,Sci-Fi
33433,Action
33433,Fantasy
30533,Action
30533,Sci-Fi
25859,Comedy
25859,Supernatural
23209,Drama
23209,Fantasy
8440,Comedy
36318,Action
36318,Fantasy
36077,Action
36077,Sci-Fi
39609,Slice of Life
38390,Comedy
32664,Slice of Life
32415,Action
32415,Fantasy
41206,Adventure
41206,Drama
31055,Slice of Life
2684,Sci-Fi
2684,Sports
2598,Action
2598,Adventure
2598,Drama
2598,Sci-Fi
8542,Drama
8542,Romance
8542,Sports
25143,Boys Love
25143,Drama
6209,Action
6209,Sci-Fi
6209,Slice of Life
45654,Action
45654,Fantasy
5072,Action
5072,Romance
5072,Sci-Fi
21235,Action
21235,Adventure
21235,Fantasy
37517,Drama
37517,Girls Love
37517,Horror
37517,Suspense
4286,Comedy
4240,Action
4240,Adventure
4240,Sci-Fi
1230,Action
1230,Adventure
1230,Drama
1230,Sci-Fi
1112,Action
1112,Adventure
1112,Comedy
1112,Sci-Fi
1112,Ecchi
3620,Comedy
17743,Adventure
17743,Fantasy
17743,Romance
1032,Adventure
1032,Drama
1032,Romance
3456,Girls Love
965,Comedy
965,Fantasy
965,Slice of Life
3248,Action
3248,Drama
3248,Supernatural
3159,Comedy
3159,Romance
903,Action
903,Adventure
903,Comedy
903,Fantasy
1177,Horror
1177,Sci-Fi
812,Adventure
812,Drama
812,Sci-Fi
15933,Action
15933,Boys Love
15933,Fantasy
15933,Mystery
47162,Action
47162,Adventure
47162,Fantasy
42963,Comedy
42963,Romance
594,Action
594,Adventure
594,Fantasy
580,Comedy
580,Gourmet
13679,Adventure
49718,Comedy
49718,Romance
49718,Supernatural
12001,Action
12001,Adventure
12001,Fantasy
391,Adventure
391,Fantasy
1930,Comedy
1925,Action
1925,Adventure
1925,Comedy
1925,Drama
1925,Romance
1925,Sci-Fi
1837,Action
1837,Adventure
1837,Comedy
1837,Sci-Fi
1795,Action
1795,Adventure
1795,Comedy
1795,Sci-Fi
1768,Action
1768,Adventure
1768,Drama
1768,Sci-Fi
292,Drama
292,Sports
278,Action
278,Comedy
278,Sci-Fi
262,Comedy
262,Romance
1550,Drama
1550,Sports
261,Comedy
261,Romance
118,Adventure
118,Comedy
118,Fantasy
38540,Comedy
38540,Mystery
1260,Adventure
1260,Sci-Fi
1208,Adventure
1208,Fantasy
1208,Supernatural
33950,Action
33950,Comedy
33950,Fantasy
59465,Comedy
58199,Comedy
55597,Romance
53712,Comedy
51504,Fantasy
51366,Action
51366,Adventure
51366,Fantasy
51366,Ecchi
50848,Comedy
37990,Sports
15783,Action
15783,Adventure
15783,Comedy
15783,Mystery
13727,Action
13727,Comedy
13727,Sci-Fi
30088,Slice of Life
36777,Comedy
36777,Fantasy
36827,Comedy
36827,Mystery
15879,Action
37293,Action
37293,Adventure
37293,Comedy
83,Drama
83,Romance
83,Sci-Fi
37964,Mystery
37964,Supernatural
33487,Comedy
33487,Romance
40369,Comedy
40369,Girls Love
3546,Comedy
30651,Comedy
30651,Slice of Life
41913,Fantasy
30365,Action
30365,Supernatural
30365,Ecchi
26111,Drama
33181,Comedy
33181,Romance
23931,Action
23931,Drama
23931,Sci-Fi
43814,Action
43814,Suspense
6165,Drama
6165,Romance
33392,Boys Love
33392,Comedy
44387,Boys Love
44387,Drama
44387,Horror
44387,Mystery
44387,Supernatural
5116,Girls Love
20545,Comedy
20545,Fantasy
20545,Ecchi
4535,Girls Love
4514,Adventure
4514,Drama
1121,Adventure
1121,Comedy
1121,Drama
1121,Fantasy
1018,Adventure
1018,Comedy
1018,Fantasy
2802,Drama
2802,Romance
649,Comedy
649,Romance
649,Ecchi
49523,Action
49523,Adventure
49523,Comedy
49523,Drama
49523,Fantasy
14117,Action
14117,Horror
14117,Supernatural
2578,Adventure
2578,Comedy
2578,Fantasy
595,Action
595,Drama
595,Fantasy
595,Mystery
12137,Boys Love
12137,Sci-Fi
502,Action
502,Adventure
502,Comedy
502,Fantasy
1890,Drama
1890,Fantasy
1890,Sci-Fi
22663,Action
22663,Fantasy
22663,Romance
10622,Action
10622,Adventure
10622,Comedy
10622,Sci-Fi
1654,Comedy
1654,Drama
1654,Girls Love
10431,Comedy
50470,Comedy
50470,Supernatural
10572,Comedy
10572,Sports
10572,Ecchi
8422,Comedy
57167,Mystery
56930,Action
56930,Adventure
56930,Fantasy
56685,Action
54782,Comedy
54782,Horror
53426,Comedy
52357,Action
52357,Adventure
52357,Fantasy
51378,Action
47612,Sports
10604,Action
10604,Comedy
10604,Mystery
10604,Romance
37458,Drama
37458,Mystery
37476,Action
37525,Mystery
37525,Suspense
38658,Comedy
38903,Sci-Fi
39141,Drama
39141,Fantasy
39141,Romance
39480,Fantasy
39480,Ecchi
39583,Sports
33430,Comedy
40151,Comedy
40151,Sci-Fi
33041,Action
33041,Drama
33041,Sci-Fi
31427,Action
31427,Adventure
31427,Comedy
31202,Comedy
31202,Slice of Life
2999,Drama
37393,Adventure
37393,Comedy
37393,Fantasy
8626,Slice of Life
8277,Action
8277,Comedy
8277,Romance
8277,Ecchi
26449,Action
26449,Fantasy
25897,Comedy
6958,Comedy
6958,Gourmet
6056,Action
21729,Action
3829,Drama
1082,Comedy
1082,Drama
1082,Mystery
1082,Sci-Fi
1082,Ecchi
3425,Adventure
3425,Slice of Life
17341,Adventure
17341,Slice of Life
48859,Comedy
48859,Slice of Life
723,Drama
723,Romance
49210,Fantasy
49210,Horror
49210,Sci-Fi
49210,Suspense
2725,Comedy
2725,Sci-Fi
2611,Comedy
12727,Comedy
2205,Action
2205,Comedy
2205,Sci-Fi
2166,Comedy
40083,Action
40083,Adventure
40083,Fantasy
1935,Action
1935,Mystery
1935,Romance
1935,Sci-Fi
285,Action
285,Adventure
285,Drama
285,Sci-Fi
1669,Action
1669,Adventure
1669,Comedy
1669,Sci-Fi
18095,Comedy
18095,Romance
18095,Ecchi
50421,Adventure
50421,Comedy
50421,Fantasy
10351,Comedy
10351,Sci-Fi
1549,Adventure
1549,Drama
1549,Fantasy
1549,Sci-Fi
1533,Comedy
1533,Fantasy
1533,Romance
1219,Comedy
1219,Drama
1219,Romance
1219,Ecchi
13201,Action
13201,Adventure
13201,Comedy
13201,Fantasy
59868,Slice of Life
58357,Action
58357,Fantasy
57694,Gourmet
57694,Slice of Life
56135,Slice of Life
54544,Adventure
54544,Fantasy
54544,Slice of Life
54644,Fantasy
53439,Action
53439,Adventure
53439,Fantasy
51234,Fantasy
20141,Action
20141,Adventure
20141,Comedy
35522,Comedy
35522,Slice of Life
33661,Comedy
33661,Sci-Fi
33661,Ecchi
30381,Romance
30381,Sci-Fi
36817,Comedy
36817,Ecchi
36587,Action
36587,Adventure
36587,Fantasy
6709,Comedy
6709,Romance
39738,Mystery
39738,Supernatural
33102,Comedy
33102,Romance
33018,Action
33018,Fantasy
34280,Comedy
34280,Romance
3618,Comedy
31145,Comedy
29855,Fantasy
29855,Romance
9127,Action
9127,Comedy
8123,Comedy
8123,Gourmet
2090,Action
2090,Adventure
2090,Romance
2090,Sci-Fi
6609,Comedy
6609,Romance
6246,Drama
23487,Comedy
44047,Action
44047,Fantasy
5755,Action
5755,Sci-Fi
1502,Comedy
20473,Comedy
3809,Adventure
3809,Fantasy
3809,Romance
17933,Comedy
48488,Horror
48488,Mystery
48488,Suspense
26351,Comedy
26351,Romance
3196,Drama
3196,Slice of Life
3019,Action
3019,Adventure
3019,Comedy
3019,Mystery
15411,Fantasy
15411,Romance
34321,Action
34321,Fantasy
49470,Comedy
49470,Romance
49533,Slice of Life
49533,Supernatural
554,Action
554,Adventure
554,Comedy
554,Drama
554,Romance
509,Comedy
509,Drama
509,Romance
2993,Comedy
2993,Romance
2993,Supernatural
2993,Ecchi
50060,Fantasy
11241,Action
11241,Adventure
11355,Action
11355,Boys Love
11355,Fantasy
11355,Supernatural
10948,Comedy
10948,Sci-Fi
30806,Action
30806,Drama
30806,Sci-Fi
1755,Comedy
10502,Comedy
10502,Slice of Life
10502,Supernatural
10108,Comedy
128,Action
128,Drama
128,Sci-Fi
49515,Action
49515,Adventure
49515,Comedy
49515,Fantasy
1174,Fantasy
1174,Romance
59967,Action
59967,Adventure
59967,Fantasy
59967,Sci-Fi
55731,Drama
55731,Fantasy
53723,Comedy
50452,Action
50452,Suspense
52438,Avant Garde
52438,Mystery
33724,Action
33724,Fantasy
37963,Boys Love
37963,Comedy
34881,Comedy
31680,Boys Love
31680,Comedy
31680,Drama
34904,Action
34904,Fantasy
34742,Comedy
34742,Fantasy
40315,Comedy
32802,Action
32461,Avant Garde
32461,Drama
40982,Action
40982,Fantasy
31521,Romance
41659,Comedy
41659,Drama
41659,Mystery
38924,Slice of Life
32032,Sci-Fi
9005,Comedy
9005,Romance
8767,Comedy
8767,Romance
8767,Sci-Fi
27939,Action
6909,Adventure
1956,Action
1956,Ecchi
23405,Fantasy
44570,Action
44570,Mystery
44570,Sci-Fi
44570,Supernatural
21845,Drama
21845,Romance
21845,Sci-Fi
21639,Action
21639,Fantasy
37209,Drama
37209,Romance
4793,Adventure
4793,Comedy
4793,Fantasy
4208,Action
36882,Action
36882,Adventure
36882,Fantasy
19109,Comedy
19109,Ecchi
3751,Fantasy
3547,Action
3547,Comedy
3547,Mystery
1068,Adventure
1068,Sci-Fi
3501,Adventure
3501,Fantasy
3501,Romance
3438,Sports
48567,Supernatural
865,Adventure
865,Sci-Fi
630,Comedy
630,Fantasy
630,Romance
630,Sci-Fi
623,Adventure
623,Comedy
623,Romance
2556,Adventure
2556,Drama
12863,Sports
12783,Comedy
12783,Sci-Fi
12783,Supernatural
12783,Ecchi
11307,Drama
11307,Sci-Fi
891,Action
891,Adventure
891,Comedy
891,Fantasy
891,Sci-Fi
1848,Action
1848,Adventure
1848,Fantasy
1593,Comedy
219,Action
219,Award Winning
219,Drama
219,Sci-Fi
193,Comedy
193,Drama
193,Romance
193,Ecchi
10114,Comedy
1431,Action
1431,Adventure
1431,Comedy
1431,Mystery
9618,Comedy
9618,Romance
9618,Sci-Fi
9618,Ecchi
57520,Boys Love
57520,Comedy
57520,Drama
57520,Fantasy
57239,Drama
57239,Fantasy
57239,Horror
57239,Mystery
55694,Action
55694,Adventure
55694,Fantasy
54449,Action
54449,Adventure
54449,Fantasy
53237,Action
53237,Drama
53097,Romance
53097,Sci-Fi
53069,Comedy
37487,Mystery
37487,Supernatural
21881,Action
21881,Adventure
21881,Fantasy
21881,Romance
31980,Comedy
31980,Romance
31980,Ecchi
30652,Comedy
30652,Sports
23459,Action
23459,Comedy
23459,Fantasy
37294,Adventure
37294,Comedy
37294,Fantasy
38276,Comedy
33668,Supernatural
25939,Action
25939,Adventure
89,Action
89,Drama
89,Sci-Fi
62,Drama
62,Romance
39116,Adventure
39116,Fantasy
34647,Drama
39846,Drama
39846,Sci-Fi
39987,Comedy
39987,Sci-Fi
41519,Action
41519,Fantasy
30464,Comedy
30464,Supernatural
30464,Ecchi
2783,Adventure
2783,Fantasy
6479,Girls Love
6032,Drama
6032,Fantasy
23115,Comedy
23115,Mystery
21701,Mystery
5023,Action
5023,Adventure
4201,Drama
4201,Slice of Life
4075,Action
4075,Comedy
19261,Comedy
1243,Drama
1243,Mystery
1243,Sci-Fi
1243,Suspense
18845,Comedy
18391,Comedy
3760,Adventure
3760,Fantasy
18053,Drama
18053,Romance
3579,Action
3579,Sci-Fi
38940,Action
38940,Fantasy
38940,Mystery
984,Adventure
984,Comedy
984,Fantasy
984,Sci-Fi
3024,Action
3024,Fantasy
3024,Mystery
3024,Romance
2912,Comedy
2912,Slice of Life
694,Comedy
694,Drama
694,Romance
2717,Action
2717,Adventure
2717,Drama
2717,Sci-Fi
2707,Adventure
48480,Adventure
48480,Fantasy
14627,Comedy
2584,Action
2584,Drama
2584,Sci-Fi
13677,Comedy
49820,Action
2217,Comedy
2217,Romance
2217,Sci-Fi
2217,Ecchi
50036,Supernatural
11703,Action
2017,Drama
2017,Fantasy
2017,Horror
2017,Mystery
42004,Comedy
42004,Romance
42004,Supernatural
10897,Comedy
10897,Romance
50378,Action
50378,Fantasy
45604,Drama
45604,Romance
1721,Drama
1721,Romance
149,Boys Love
149,Drama
149,Mystery
149,Supernatural
9630,Comedy
59806,Comedy
58531,Action
58531,Fantasy
57656,Action
57656,Adventure
57656,Comedy
57656,Fantasy
57575,Drama
57575,Fantasy
54275,Comedy
54275,Romance
54275,Ecchi
53848,Action
53848,Drama
52611,Fantasy
51517,Action
51517,Adventure
51517,Fantasy
51403,Comedy
51403,Romance
51403,Sci-Fi
51403,Ecchi
43206,Action
43206,Sci-Fi
21415,Action
21415,Fantasy
21415,Ecchi
17919,Action
17919,Sci-Fi
37970,Drama
37970,Sci-Fi
8017,Action
8017,Drama
8017,Sci-Fi
38022,Action
38022,Fantasy
35774,Slice of Life
7322,Comedy
7322,Ecchi
36654,Supernatural
34866,Action
34866,Fantasy
34866,Sci-Fi
38009,Slice of Life
36833,Comedy
33238,Drama
40554,Action
40554,Drama
40554,Sci-Fi
32311,Action
32311,Drama
32311,Sci-Fi
30953,Comedy
30379,Comedy
41769,Drama
40595,Action
40595,Fantasy
40595,Romance
40677,Drama
8140,Adventure
8140,Comedy
8140,Drama
4262,Action
4262,Adventure
4262,Ecchi
27891,Action
27891,Adventure
27891,Fantasy
7088,Action
7088,Comedy
7088,Fantasy
7088,Romance
7088,Ecchi
2178,Action
2178,Horror
2178,Sci-Fi
6418,Sports
43780,Comedy
7580,Action
7580,Ecchi
4119,Action
4119,Sci-Fi
4023,Fantasy
19157,Comedy
19157,Supernatural
3991,Adventure
3991,Comedy
3991,Fantasy
41911,Action
41911,Adventure
41911,Fantasy
4804,Romance
3465,Drama
38778,Comedy
38778,Romance
38778,Ecchi
17115,Action
17115,Adventure
17115,Comedy
17115,Fantasy
3008,Action
3008,Adventure
3008,Comedy
860,Action
860,Comedy
860,Fantasy
16419,Action
50919,Mystery
2836,Adventure
2836,Comedy
2826,Adventure
2826,Fantasy
50446,Action
50446,Fantasy
48363,Comedy
48363,Fantasy
2682,Sports
2520,Comedy
2520,Fantasy
466,Action
466,Adventure
466,Fantasy
1923,Action
1923,Adventure
1923,Comedy
1923,Drama
1923,Romance
1923,Sci-Fi
300,Action
300,Fantasy
300,Horror
300,Romance
49385,Comedy
49385,Fantasy
10074,Action
10074,Adventure
10074,Comedy
10074,Gourmet
5734,Romance
5734,Supernatural
19841,Comedy
18001,Action
18001,Drama
18001,Romance
18001,Sci-Fi
18001,Ecchi
48862,Action
48862,Drama
59666,Slice of Life
59138,Comedy
58351,Fantasy
58004,Fantasy
57448,Drama
54117,Comedy
53012,Comedy
53012,Mystery
51549,Drama
51693,Action
51693,Comedy
51693,Fantasy
51207,Action
51207,Drama
51207,Fantasy
51197,Action
51197,Fantasy
12461,Romance
12461,Supernatural
12505,Action
12505,Comedy
12505,Supernatural
12505,Ecchi
15377,Action
15377,Comedy
15377,Ecchi
36871,Action
36871,Sci-Fi
15633,Action
15633,Comedy
15633,Ecchi
37968,Fantasy
37968,Slice of Life
33733,Sports
6734,Sci-Fi
6527,Action
6527,Comedy
15609,Comedy
15609,Romance
15609,Ecchi
4196,Action
4196,Ecchi
32543,Action
32543,Adventure
32543,Comedy
40807,Comedy
40807,Romance
3367,Drama
9119,Slice of Life
42514,Comedy
8908,Comedy
8624,Action
8624,Adventure
8624,Comedy
8624,Fantasy
7955,Slice of Life
7857,Comedy
7474,Comedy
7474,Drama
7474,Romance
7474,Sci-Fi
6741,Action
6741,Comedy
6741,Fantasy
6162,Action
6162,Adventure
6162,Sci-Fi
23233,Action
23233,Supernatural
23233,Ecchi
5534,Romance
34839,Slice of Life
46971,Fantasy
3954,Comedy
18121,Comedy
48425,Horror
48425,Supernatural
48425,Suspense
3227,Action
3227,Fantasy
928,Action
928,Adventure
928,Sci-Fi
896,Action
896,Adventure
896,Comedy
896,Fantasy
896,Sci-Fi
48897,Comedy
48897,Fantasy
2620,Action
2620,Adventure
2614,Adventure
2614,Drama
2614,Sci-Fi
1127,Comedy
1127,Sci-Fi
1127,Ecchi
13161,Action
13161,Fantasy
13161,Ecchi
2235,Drama
2235,Sci-Fi
2235,Suspense
49981,Action
49981,Fantasy
49981,Romance
2029,Drama
2029,Fantasy
2029,Romance
1996,Comedy
1996,Fantasy
1996,Supernatural
373,Adventure
373,Comedy
373,Sci-Fi
1893,Comedy
1893,Romance
296,Action
296,Adventure
296,Fantasy
296,Sci-Fi
266,Action
266,Drama
266,Romance
266,Sci-Fi
50475,Action
50475,Drama
50475,Sci-Fi
1445,Adventure
1377,Drama
1377,Sci-Fi
4810,Action
4810,Adventure
4810,Sci-Fi
146,Comedy
146,Drama
146,Romance
146,Sci-Fi
146,Ecchi
41623,Action
41623,Comedy
41623,Fantasy
41623,Romance
41623,Ecchi
24451,Comedy
24451,Romance
61352,Gourmet
60775,Comedy
60775,Sports
58926,Avant Garde
58926,Comedy
58866,Fantasy
57702,Action
57702,Fantasy
57702,Supernatural
57380,Adventure
57380,Fantasy
57380,Slice of Life
56247,Adventure
56247,Sci-Fi
54398,Action
54398,Horror
54398,Sci-Fi
53919,Fantasy
52635,Action
52635,Adventure
52635,Drama
52635,Fantasy
52635,Mystery
52608,Action
52608,Fantasy
52608,Romance
51817,Comedy
51817,Girls Love
17855,Comedy
17855,Fantasy
16928,Comedy
16928,Supernatural
50443,Action
8950,Adventure
37498,Action
38006,Sci-Fi
38939,Comedy
38939,Suspense
34754,Fantasy
34754,Slice of Life
34314,Action
34314,Comedy
34314,Ecchi
34077,Action
21541,Comedy
40208,Comedy
40208,Slice of Life
32534,Adventure
32534,Fantasy
32534,Supernatural
4136,Comedy
4136,Ecchi
31675,Comedy
31675,Fantasy
31196,Action
41555,Slice of Life
42302,Comedy
42302,Fantasy
40957,Comedy
40957,Gourmet
8208,Comedy
8208,Horror
8208,Supernatural
2403,Comedy
2403,Drama
2403,Ecchi
44062,Action
44062,Fantasy
44062,Romance
44062,Sci-Fi
5848,Fantasy
5505,Action
5505,Sci-Fi
21707,Sports
43690,Action
43690,Horror
43690,Mystery
43690,Suspense
45572,Fantasy
45572,Sci-Fi
4773,Action
4773,Adventure
4773,Fantasy
4773,Sci-Fi
47398,Comedy
4411,Action
4411,Sci-Fi
19919,Comedy
3935,Action
3935,Adventure
3854,Drama
3854,Sci-Fi
1123,Action
1123,Adventure
1123,Fantasy
3484,Comedy
3484,Drama
3484,Romance
926,Action
926,Adventure
926,Sci-Fi
50864,Adventure
50864,Drama
50864,Fantasy
15895,Romance
2832,Adventure
2832,Comedy
2832,Drama
2832,Fantasy
2832,Sci-Fi
2832,Supernatural
704,Drama
704,Romance
704,Supernatural
447,Action
447,Drama
420,Adventure
420,Sci-Fi
404,Action
404,Adventure
404,Fantasy
404,Ecchi
2016,Drama
2016,Fantasy
2016,Horror
2016,Mystery
11595,Comedy
1957,Adventure
1957,Comedy
1957,Romance
11083,Action
11083,Supernatural
1800,Action
1800,Adventure
1800,Drama
318,Comedy
318,Romance
318,Sci-Fi
318,Ecchi
273,Fantasy
273,Slice of Life
1541,Action
1501,Comedy
9957,Slice of Life
33197,Suspense
31537,Fantasy
31537,Slice of Life
60834,Slice of Life
60148,Gourmet
60148,Romance
59182,Slice of Life
56695,Boys Love
56695,Comedy
56695,Drama
56695,Fantasy
56647,Action
55997,Action
55997,Adventure
55997,Comedy
55997,Fantasy
55829,Action
55829,Adventure
55829,Fantasy
55570,Sports
54917,Action
54917,Adventure
54917,Fantasy
54917,Sci-Fi
54233,Drama
54233,Girls Love
53213,Action
53213,Drama
53213,Mystery
53200,Comedy
53200,Supernatural
41306,Action
41306,Supernatural
36661,Action
36661,Adventure
36661,Fantasy
7082,Comedy
33569,Comedy
33456,Comedy
33456,Ecchi
33305,Drama
33305,Fantasy
33129,Drama
10079,Comedy
10079,Romance
10079,Ecchi
13247,Adventure
13247,Comedy
33850,Romance
33850,Supernatural
36250,Comedy
36368,Adventure
36368,Drama
36368,Fantasy
86,Action
86,Comedy
86,Drama
86,Sci-Fi
35602,Romance
35369,Sci-Fi
4657,Action
4657,Adventure
4657,Comedy
4657,Fantasy
4999,Action
4999,Comedy
4999,Romance
4999,Ecchi
42074,Drama
28817,Action
28817,Comedy
28817,Girls Love
8365,Comedy
8365,Ecchi
26395,Comedy
7160,Action
7160,Comedy
7160,Mystery
23369,Comedy
22419,Avant Garde
22013,Comedy
6201,Comedy
6201,Romance
6201,Ecchi
5136,Action
19889,Slice of Life
4052,Action
4052,Adventure
4052,Sci-Fi
3947,Comedy
3947,Drama
1181,Action
1181,Adventure
1181,Comedy
1181,Fantasy
1043,Action
1043,Drama
1043,Mystery
1043,Supernatural
48694,Comedy
48694,Drama
48694,Romance
48694,Supernatural
16964,Comedy
924,Action
924,Adventure
924,Sci-Fi
711,Drama
711,Sci-Fi
2041,Comedy
2041,Fantasy
2041,Romance
377,Action
377,Adventure
377,Comedy
377,Sci-Fi
1916,Sci-Fi
10947,Comedy
10947,Sci-Fi
297,Action
297,Adventure
297,Comedy
297,Ecchi
50673,Action
50673,Adventure
50673,Comedy
50673,Fantasy
9875,Fantasy
1290,Mystery
1290,Sci-Fi
31404,Comedy
31404,Romance
31404,Ecchi
59363,Comedy
59363,Supernatural
57519,Action
57096,Action
57096,Adventure
57096,Fantasy
52159,Sports
48861,Comedy
44345,Supernatural
36790,Fantasy
19855,Action
19855,Sci-Fi
14515,Comedy
14515,Romance
14515,Supernatural
33185,Action
33185,Comedy
8536,Comedy
8536,Romance
8536,Supernatural
37283,Action
37283,Adventure
37283,Sci-Fi
37587,Fantasy
39417,Action
39417,Sci-Fi
39605,Comedy
25099,Comedy
25099,Romance
25099,Ecchi
32483,Sports
31456,Fantasy
31456,Romance
30567,Comedy
42104,Supernatural
2928,Adventure
2928,Drama
2928,Fantasy
7333,Fantasy
7333,Romance
6855,Adventure
30056,Comedy
6275,Adventure
6275,Fantasy
1670,Action
1670,Adventure
1670,Comedy
1670,Sci-Fi
5037,Action
5037,Drama
5037,Sci-Fi
4515,Drama
4485,Drama
4485,Romance
18851,Comedy
18851,Fantasy
48235,Action
48235,Comedy
48235,Romance
3326,Avant Garde
3326,Award Winning
3326,Drama
956,Action
956,Adventure
956,Sci-Fi
942,Comedy
942,Drama
942,Fantasy
942,Mystery
942,Romance
3071,Action
3071,Drama
3071,Sci-Fi
2964,Drama
2964,Girls Love
2964,Sci-Fi
2709,Action
2695,Action
2695,Adventure
2695,Sci-Fi
635,Action
635,Adventure
635,Comedy
635,Drama
618,Action
618,Adventure
618,Fantasy
618,Horror
2511,Action
2511,Sci-Fi
2120,Sports
11787,Action
11787,Adventure
11787,Comedy
11787,Gourmet
50072,Drama
1962,Action
1962,Comedy
1962,Drama
1962,Sci-Fi
10810,Action
10810,Comedy
10810,Romance
1756,Comedy
22877,Action
22877,Comedy
22877,Fantasy
22877,Romance
22877,Ecchi
9795,Comedy
1218,Comedy
1218,Romance
1218,Ecchi
41392,Adventure
41392,Fantasy
41392,Mystery
41392,Suspense
33142,Comedy
60154,Action
60154,Fantasy
60154,Sci-Fi
59080,Drama
56605,Action
56605,Comedy
56605,Horror
56605,Suspense
55883,Drama
52031,Drama
52031,Horror
52031,Supernatural
51726,Action
51726,Adventure
51726,Fantasy
44585,Adventure
44585,Drama
44585,Sci-Fi
44585,Suspense
8465,Comedy
8465,Fantasy
8465,Ecchi
9917,Adventure
9917,Comedy
9917,Drama
9917,Fantasy
31231,Adventure
31231,Fantasy
27857,Comedy
37928,Action
37928,Mystery
37928,Romance
18097,Sports
37433,Comedy
37433,Slice of Life
37433,Supernatural
35983,Sports
39935,Action
39935,Sci-Fi
33308,Comedy
33308,Mystery
40167,Action
4362,Comedy
4362,Sci-Fi
31049,Adventure
31049,Sci-Fi
31049,Sports
41439,Action
41439,Adventure
41439,Sci-Fi
37345,Action
37345,Fantasy
37345,Romance
37345,Ecchi
42136,Action
42136,Adventure
42136,Comedy
42136,Fantasy
9353,Drama
9353,Romance
2784,Comedy
2784,Romance
2784,Ecchi
8599,Comedy
8599,Ecchi
43229,Action
43229,Award Winning
43229,Mystery
43229,Sci-Fi
7697,Action
7479,Adventure
7479,Sports
1805,Action
1805,Adventure
1805,Comedy
1805,Supernatural
4468,Adventure
4468,Fantasy
4406,Action
19877,Adventure
19877,Fantasy
19581,Fantasy
4069,Comedy
4069,Romance
4054,Comedy
4054,Slice of Life
3325,Action
3325,Sci-Fi
48875,Drama
48875,Romance
3069,Action
3069,Adventure
3069,Drama
3069,Sci-Fi
16355,Action
16355,Fantasy
16355,Romance
16355,Suspense
50633,Action
50633,Fantasy
688,Drama
688,Fantasy
10213,Action
10213,Comedy
10213,Romance
10213,Ecchi
14629,Action
14629,Sci-Fi
557,Comedy
557,Romance
557,Sci-Fi
2491,Drama
2491,Romance
2491,Sports
48413,Comedy
48413,Supernatural
13029,Adventure
13029,Drama
2212,Action
2212,Sci-Fi
422,Comedy
422,Sci-Fi
45783,Action
45783,Adventure
45783,Comedy
45783,Drama
45783,Supernatural
1898,Action
1898,Comedy
1898,Ecchi
1752,Comedy
1599,Action
1599,Adventure
1599,Sci-Fi
1597,Comedy
10359,Comedy
58493,Action
58493,Adventure
58493,Fantasy
58494,Action
58494,Adventure
58494,Fantasy
57614,Fantasy
55009,Comedy
55009,Romance
55009,Supernatural
54737,Action
54737,Adventure
54737,Fantasy
50217,Comedy
50217,Fantasy
42776,Comedy
42776,Fantasy
42776,Suspense
38693,Action
38693,Comedy
38693,Fantasy
36902,Comedy
10740,Adventure
10740,Comedy
10740,Drama
10740,Fantasy
34834,Action
34834,Comedy
34834,Fantasy
33546,Action
33546,Fantasy
10197,Comedy
10197,Supernatural
10936,Comedy
10936,Supernatural
13263,Comedy
25907,Sci-Fi
24371,Drama
31716,Action
31716,Comedy
31716,Romance
31716,Supernatural
34812,Action
34812,Drama
34927,Fantasy
34927,Slice of Life
20543,Action
20543,Fantasy
5940,Action
5940,Adventure
5940,Fantasy
39674,Comedy
39674,Fantasy
39674,Sci-Fi
33788,Comedy
31147,Action
31147,Fantasy
31147,Mystery
31147,Sci-Fi
30437,Gourmet
30437,Slice of Life
3081,Romance
3081,Sports
30030,Comedy
42808,Action
42808,Adventure
42914,Action
42914,Adventure
42914,Comedy
42914,Fantasy
28351,Action
28351,Fantasy
42966,Action
42966,Comedy
7774,Comedy
7774,Fantasy
7774,Ecchi
7590,Comedy
7590,Romance
7396,Comedy
7396,Fantasy
7396,Romance
6882,Comedy
6882,Ecchi
2055,Adventure
2055,Drama
2055,Mystery
2055,Slice of Life
6182,Drama
6182,Romance
6069,Comedy
6069,Horror
6069,Mystery
6069,Supernatural
5104,Adventure
4332,Action
4332,Mystery
19099,Adventure
19099,Fantasy
1109,Drama
1109,Mystery
1109,Suspense
3436,Adventure
3436,Sci-Fi
48829,Slice of Life
48914,Action
48914,Adventure
2965,Mystery
2965,Sci-Fi
797,Comedy
797,Romance
797,Ecchi
2814,Comedy
2766,Adventure
2766,Comedy
48777,Fantasy
2703,Sports
2696,Action
2696,Adventure
2696,Sci-Fi
14685,Comedy
14685,Romance
14685,Sci-Fi
646,Comedy
646,Supernatural
2629,Comedy
2629,Sci-Fi
615,Comedy
615,Fantasy
533,Comedy
495,Adventure
495,Comedy
495,Fantasy
495,Ecchi
12471,Action
12471,Adventure
12471,Drama
12471,Sci-Fi
1902,Comedy
1902,Fantasy
10933,Adventure
10933,Comedy
10933,Romance
10933,Ecchi
2494,Comedy
2494,Fantasy
2494,Ecchi
271,Action
271,Adventure
271,Sci-Fi
1645,Action
1645,Adventure
1645,Drama
1645,Sci-Fi
17082,Slice of Life
60749,Comedy
60749,Mystery
58978,Drama
58978,Romance
59327,Action
59327,Fantasy
58056,Action
58056,Supernatural
55014,Action
55014,Adventure
55014,Fantasy
54022,Gourmet
53632,Comedy
53632,Romance
53235,Action
53235,Adventure
53235,Fantasy
53137,Drama
37894,Fantasy
37139,Comedy
38004,Comedy
38004,Sci-Fi
34148,Slice of Life
25805,Adventure
25805,Fantasy
24075,Adventure
24075,Mystery
24075,Sci-Fi
24075,Supernatural
35883,Comedy
31430,Action
31430,Horror
31430,Sci-Fi
31430,Suspense
33566,Sports
9335,Comedy
9335,Romance
34167,Sci-Fi
40076,Comedy
33069,Sci-Fi
4031,Action
4031,Comedy
32202,Fantasy
32202,Romance
41531,Action
41660,Drama
41660,Romance
30292,Slice of Life
2970,Action
2970,Adventure
2970,Fantasy
37982,Drama
37982,Romance
28391,Sci-Fi
28391,Sports
8245,Adventure
8245,Comedy
8245,Sports
2497,Adventure
2497,Comedy
2497,Sci-Fi
2497,Ecchi
7329,Adventure
7329,Comedy
25689,Ecchi
37828,Action
37828,Comedy
37828,Drama
21177,Action
21177,Sci-Fi
21027,Drama
21027,Suspense
4353,Comedy
4320,Action
4320,Adventure
4320,Comedy
4320,Mystery
4073,Action
1149,Action
1149,Adventure
1149,Comedy
1149,Sci-Fi
3686,Comedy
37272,Comedy
37272,Drama
37272,Fantasy
37272,Mystery
3037,Comedy
3037,Fantasy
771,Drama
771,Fantasy
2804,Adventure
2804,Fantasy
49467,Fantasy
626,Comedy
626,Fantasy
626,Romance
49522,Comedy
49522,Fantasy
13173,Fantasy
13173,Slice of Life
2255,Action
2255,Sci-Fi
12745,Action
12745,Drama
2131,Comedy
2131,Supernatural
2131,Ecchi
11635,Action
11635,Sci-Fi
1703,Action
1703,Drama
1660,Action
1660,Adventure
1660,Drama
1660,Sci-Fi
234,Adventure
234,Sports
50521,Fantasy
50521,Romance
9716,Action
9716,Comedy
9922,Comedy
9922,Drama
9922,Romance
9922,Ecchi
60666,Action
60666,Sci-Fi
60534,Slice of Life
60094,Horror
60094,Mystery
59078,Action
59078,Fantasy
57513,Action
57513,Fantasy
57513,Sci-Fi
51457,Action
51457,Adventure
51457,Fantasy
17655,Action
17655,Drama
17655,Sci-Fi
11491,Comedy
34776,Action
34776,Adventure
34776,Drama
34776,Sci-Fi
33811,Comedy
9934,Comedy
9934,Supernatural
12565,Action
12565,Fantasy
12565,Romance
31763,Action
31763,Romance
31763,Sci-Fi
36444,Action
36444,Comedy
36444,Fantasy
37967,Comedy
9515,Comedy
9515,Supernatural
9515,Ecchi
19391,Comedy
6890,Comedy
6890,Slice of Life
39767,Fantasy
39767,Romance
40228,Slice of Life
32228,Comedy
40901,Action
40901,Fantasy
41503,Comedy
42220,Action
29697,Comedy
2457,Comedy
8062,Comedy
7845,Adventure
7845,Fantasy
7366,Drama
7366,Romance
7366,Sci-Fi
2097,Action
2097,Comedy
2097,Sci-Fi
1853,Action
1853,Adventure
1853,Comedy
1853,Romance
1853,Sci-Fi
1853,Ecchi
5859,Action
5859,Sci-Fi
45643,Fantasy
3690,Adventure
3690,Comedy
3690,Romance
3689,Adventure
3689,Comedy
3689,Sci-Fi
1103,Comedy
1103,Romance
1103,Sci-Fi
1103,Ecchi
12857,Action
12857,Romance
12857,Sci-Fi
921,Comedy
921,Fantasy
3130,Comedy
3130,Horror
894,Action
894,Adventure
894,Comedy
894,Fantasy
894,Sci-Fi
38302,Comedy
782,Drama
782,Supernatural
757,Adventure
757,Drama
757,Fantasy
2786,Action
2786,Adventure
2786,Fantasy
14893,Comedy
14893,Romance
14893,Supernatural
14893,Ecchi
2632,Adventure
2632,Comedy
2632,Sci-Fi
36407,Action
36407,Comedy
36407,Fantasy
36407,Romance
563,Comedy
563,Romance
563,Sci-Fi
2492,Drama
2492,Romance
2492,Sports
31629,Action
31629,Adventure
31629,Fantasy
49849,Adventure
49849,Fantasy
49849,Slice of Life
49866,Slice of Life
49866,Ecchi
12481,Comedy
12481,Horror
12481,Mystery
12481,Supernatural
33314,Action
33314,Adventure
33314,Comedy
33314,Fantasy
33314,Sci-Fi
421,Comedy
421,Sci-Fi
12035,Drama
12035,Suspense
11841,Action
11841,Fantasy
11615,Comedy
11615,Slice of Life
347,Action
347,Adventure
347,Fantasy
347,Sci-Fi
1757,Comedy
886,Comedy
886,Romance
886,Supernatural
886,Ecchi
10470,Action
10470,Fantasy
10470,Sci-Fi
222,Action
222,Adventure
222,Comedy
222,Mystery
222,Sci-Fi
42128,Comedy
179,Comedy
179,Fantasy
179,Romance
1487,Adventure
1487,Comedy
1487,Fantasy
1487,Sci-Fi
1481,Action
1481,Adventure
1481,Comedy
1481,Drama
1481,Romance
1481,Sci-Fi
1420,Action
1420,Adventure
1420,Comedy
1420,Mystery
1532,Boys Love
1532,Comedy
1532,Drama
1194,Action
1194,Adventure
1194,Comedy
1194,Sci-Fi
34966,Horror
34966,Mystery
34966,Supernatural
61327,Fantasy
58822,Adventure
58822,Fantasy
56285,Action
56285,Sci-Fi
54976,Comedy
53365,Action
53365,Sci-Fi
52274,Action
52274,Fantasy
51569,Action
51569,Drama
51569,Sci-Fi
51376,Fantasy
35814,Fantasy
9362,Ecchi
28063,Comedy
14333,Adventure
14333,Fantasy
38325,Action
38325,Supernatural
50876,Supernatural
35118,Comedy
33840,Comedy
36952,Sports
33208,Comedy
33208,Fantasy
32625,Comedy
41589,Romance
41589,Sci-Fi
41917,Action
41917,Adventure
41917,Supernatural
41917,Suspense
8187,Award Winning
8187,Comedy
43204,Action
43204,Sci-Fi
7805,Comedy
7805,Romance
2231,Romance
9330,Action
9330,Fantasy
9330,Romance
1816,Action
1816,Adventure
1816,Comedy
1816,Sci-Fi
20743,Action
20743,Adventure
20743,Comedy
20743,Fantasy
3858,Adventure
3858,Comedy
3858,Drama
3835,Drama
3835,Slice of Life
3668,Fantasy
50934,Comedy
50575,Romance
50575,Suspense
667,Comedy
667,Drama
667,Girls Love
2615,Comedy
2615,Romance
2580,Avant Garde
2580,Comedy
2580,Slice of Life
2493,Drama
2493,Sports
496,Adventure
496,Drama
496,Fantasy
49854,Slice of Life
49854,Ecchi
248,Comedy
248,Romance
248,Ecchi
10297,Comedy
1544,Action
1544,Sci-Fi
1509,Adventure
1509,Comedy
1509,Romance
50760,Comedy
1317,Sports
1247,Adventure
1247,Comedy
1247,Sci-Fi
9624,Comedy
9624,Romance
9624,Ecchi
1192,Horror
1192,Supernatural
1182,Action
1182,Fantasy
1182,Romance
45560,Action
45560,Adventure
45560,Fantasy
60987,Adventure
60987,Comedy
60987,Fantasy
59349,Adventure
59349,Comedy
59349,Fantasy
57796,Drama
57796,Suspense
57192,Comedy
57192,Drama
57192,Romance
56975,Mystery
56958,Action
56958,Adventure
56958,Fantasy
56474,Sci-Fi
55647,Action
55647,Adventure
55647,Comedy
55647,Fantasy
53720,Drama
53720,Romance
53720,Sci-Fi
53720,Supernatural
53720,Suspense
52079,Action
51706,Action
51706,Comedy
51706,Fantasy
51706,Ecchi
7698,Action
9549,Drama
32011,Supernatural
25285,Action
25285,Comedy
25285,Fantasy
25285,Ecchi
36993,Comedy
36993,Sports
38664,Action
6748,Comedy
34535,Boys Love
34535,Comedy
39999,Drama
39999,Romance
39999,Sci-Fi
32359,Action
32359,Adventure
32359,Fantasy
31168,Action
31168,Fantasy
41688,Comedy
41688,Fantasy
29223,Action
29223,Sci-Fi
8230,Drama
8230,Romance
6245,Comedy
6245,Sci-Fi
6093,Comedy
5305,Comedy
5305,Fantasy
5305,Ecchi
32262,Comedy
32262,Romance
32262,Supernatural
31636,Comedy
31636,Gourmet
50953,Action
50953,Adventure
50953,Fantasy
50953,Ecchi
14853,Supernatural
2467,Adventure
2399,Adventure
2399,Comedy
2316,Sports
2289,Adventure
2289,Comedy
2289,Sci-Fi
2040,Fantasy
2032,Action
2032,Adventure
2032,Comedy
2032,Drama
2032,Fantasy
10732,Adventure
10732,Comedy
10732,Supernatural
1749,Comedy
1749,Romance
1749,Supernatural
1749,Ecchi
1672,Comedy
1672,Sci-Fi
260,Comedy
260,Drama
260,Romance
1629,Action
1629,Drama
1629,Horror
1629,Suspense
6129,Drama
6129,Fantasy
6129,Romance
38799,Action
38799,Sci-Fi
9041,Action
9041,Comedy
9041,Romance
9041,Sci-Fi
9041,Ecchi
58012,Slice of Life
57877,Action
57877,Adventure
57877,Fantasy
57812,Sci-Fi
54767,Fantasy
54535,Comedy
54535,Fantasy
53645,Romance
51564,Fantasy
36791,Fantasy
51162,Action
51162,Adventure
51162,Fantasy
21879,Comedy
35135,Adventure
35135,Drama
35135,Sci-Fi
32561,Comedy
23605,Action
37589,Slice of Life
88,Action
88,Drama
88,Sci-Fi
39030,Comedy
39030,Fantasy
39277,Comedy
39277,Supernatural
5973,Comedy
5973,Sci-Fi
5973,Ecchi
34453,Sports
39456,Adventure
39456,Comedy
39456,Suspense
23539,Comedy
23539,Gourmet
39967,Action
39967,Sci-Fi
3948,Action
3948,Comedy
3948,Romance
3948,Supernatural
3948,Ecchi
41194,Action
41194,Mystery
41194,Sci-Fi
41194,Suspense
41222,Action
41222,Fantasy
2905,Action
2905,Ecchi
8632,Comedy
8632,Sports
43001,Comedy
27709,Comedy
27709,Slice of Life
7775,Drama
7330,Adventure
7330,Comedy
7285,Adventure
7285,Drama
7285,Sci-Fi
25087,Adventure
25087,Drama
6587,Action
6587,Supernatural
6303,Adventure
6303,Comedy
5945,Sci-Fi
1480,Sci-Fi
19429,Action
19429,Girls Love
19429,Suspense
48097,Fantasy
1161,Action
1161,Adventure
1161,Comedy
1161,Fantasy
18099,Comedy
3265,Drama
3265,Mystery
3265,Romance
17092,Sports
3193,Action
3193,Adventure
3193,Comedy
3193,Sci-Fi
919,Drama
919,Romance
919,Sci-Fi
3129,Comedy
3129,Horror
2801,Drama
2801,Romance
15347,Adventure
15347,Comedy
15347,Mystery
2704,Action
2704,Mystery
2688,Action
2688,Adventure
2688,Sci-Fi
2501,Adventure
2501,Comedy
487,Comedy
487,Fantasy
487,Romance
487,Ecchi
472,Drama
472,Romance
2224,Romance
2224,Sports
385,Drama
385,Sci-Fi
385,Suspense
10702,Action
10702,Fantasy
10702,Sci-Fi
10702,Supernatural
1423,Action
1423,Adventure
1423,Comedy
1423,Mystery
9837,Action
9837,Drama
9581,Comedy
9581,Ecchi
1204,Award Winning
1204,Drama
1204,Fantasy
9568,Action
9568,Comedy
9568,Drama
34620,Drama
34620,Sci-Fi
60701,Action
60701,Fantasy
60821,Comedy
60821,Fantasy
60821,Romance
59946,Sci-Fi
59935,Comedy
59935,Fantasy
59935,Romance
59063,Action
59063,Adventure
59063,Fantasy
58853,Comedy
58853,Romance
58707,Sports
58265,Boys Love
58265,Comedy
58265,Supernatural
58055,Fantasy
58055,Romance
57924,Slice of Life
53109,Action
53109,Adventure
53109,Comedy
53109,Mystery
51673,Action
51673,Adventure
51673,Supernatural
37895,Fantasy
13833,Romance
34734,Sports
7536,Sci-Fi
11209,Action
11209,Ecchi
33419,Romance
24695,Comedy
24695,Sci-Fi
24695,Ecchi
37831,Action
39362,Sci-Fi
40136,Comedy
32287,Drama
32287,Girls Love
32287,Supernatural
32240,Comedy
32240,Ecchi
31373,Adventure
10156,Action
10156,Sci-Fi
42794,Action
42794,Adventure
42794,Fantasy
42794,Romance
43353,Comedy
7307,Comedy
7307,Supernatural
6975,Adventure
1960,Comedy
1960,Fantasy
5725,Action
5725,Adventure
5725,Sci-Fi
5484,Comedy
5484,Supernatural
4723,Drama
4723,Romance
25867,Action
25867,Adventure
25867,Sci-Fi
19781,Adventure
19781,Fantasy
1136,Action
1136,Adventure
1136,Drama
1136,Horror
1136,Mystery
1136,Sci-Fi
1005,Adventure
1005,Fantasy
1005,Sci-Fi
3185,Adventure
3185,Comedy
3185,Fantasy
3054,Action
3054,Adventure
3054,Drama
41265,Action
41265,Supernatural
2980,Action
2980,Adventure
2980,Fantasy
2934,Comedy
49396,Slice of Life
2653,Adventure
2653,Comedy
2653,Fantasy
2571,Adventure
2571,Comedy
49581,Sports
473,Action
473,Adventure
473,Drama
12343,Action
12343,Adventure
12343,Comedy
12343,Sci-Fi
12343,Ecchi
2050,Comedy
2050,Sports
50038,Supernatural
2042,Action
2042,Drama
2042,Fantasy
2042,Sci-Fi
1894,Adventure
1894,Comedy
1894,Fantasy
299,Mystery
259,Comedy
259,Romance
50411,Comedy
236,Action
236,Adventure
236,Drama
236,Sci-Fi
1572,Adventure
50515,Slice of Life
50515,Supernatural
1540,Romance
1540,Sports
175,Action
175,Adventure
175,Romance
175,Sci-Fi
10017,Adventure
10017,Fantasy
10017,Sci-Fi
35609,Adventure
35609,Fantasy
2161,Action
2161,Mystery
2161,Supernatural
1277,Adventure
1277,Drama
1277,Fantasy
1141,Adventure
1141,Drama
1141,Fantasy
1141,Romance
37377,Comedy
37377,Romance
60700,Fantasy
60779,Sci-Fi
59957,Drama
59957,Romance
57891,Action
57891,Adventure
57891,Fantasy
55289,Action
55289,Adventure
55289,Comedy
55289,Fantasy
51837,Comedy
51837,Romance
31848,Comedy
31848,Romance
19255,Comedy
19255,Ecchi
28619,Mystery
28619,Suspense
37505,Action
37505,Drama
37505,Fantasy
38419,Action
38419,Adventure
33232,Action
33232,Adventure
33232,Drama
33232,Romance
34055,Action
34055,Adventure
34055,Drama
34055,Fantasy
34055,Horror
31128,Action
31128,Adventure
31128,Drama
31128,Fantasy
2603,Action
2603,Fantasy
2603,Sci-Fi
42832,Adventure
42832,Fantasy
8235,Adventure
8235,Fantasy
8235,Slice of Life
8108,Adventure
8108,Comedy
2299,Action
2299,Sci-Fi
7579,Comedy
7579,Romance
7435,Action
7435,Adventure
7435,Fantasy
6971,Adventure
6971,Supernatural
6736,Mystery
6736,Supernatural
6736,Suspense
6330,Comedy
6330,Fantasy
5583,Action
5337,Adventure
5337,Fantasy
21497,Action
4792,Adventure
4792,Comedy
4792,Fantasy
47795,Action
47795,Fantasy
47795,Romance
47795,Sci-Fi
4190,Comedy
4190,Fantasy
1300,Comedy
4083,Action
4083,Sci-Fi
3964,Action
3964,Drama
3964,Sci-Fi
3847,Fantasy
1001,Adventure
1001,Drama
895,Action
895,Adventure
895,Comedy
895,Fantasy
895,Sci-Fi
761,Adventure
761,Comedy
14913,Adventure
14913,Fantasy
13731,Adventure
13731,Drama
13731,Romance
13731,Sci-Fi
13619,Comedy
49825,Fantasy
378,Action
378,Adventure
378,Comedy
378,Sci-Fi
10950,Comedy
10950,Sci-Fi
10823,Comedy
10823,Slice of Life
1802,Action
1802,Adventure
1802,Comedy
1802,Sci-Fi
1802,Ecchi
1761,Action
1761,Adventure
1761,Drama
1748,Comedy
1748,Sci-Fi
10578,Action
10578,Comedy
10578,Supernatural
10578,Ecchi
1265,Adventure
1265,Fantasy
9495,Drama
51005,Fantasy
41491,Action
41491,Adventure
41491,Fantasy
55608,Action
55608,Fantasy
55578,Action
55578,Adventure
55578,Comedy
55578,Fantasy
55578,Romance
54716,Action
53911,Action
53911,Adventure
53911,Fantasy
51379,Slice of Life
23133,Action
23133,Drama
23133,Mystery
23133,Sci-Fi
23133,Suspense
35298,Comedy
35298,Gourmet
15005,Comedy
15005,Ecchi
7593,Comedy
7593,Romance
7593,Ecchi
32603,Comedy
32603,Romance
32603,Ecchi
31387,Drama
36022,Action
36492,Drama
36492,Romance
36588,Comedy
36760,Sci-Fi
37398,Slice of Life
38735,Adventure
38735,Drama
38735,Mystery
38735,Sci-Fi
38735,Suspense
36124,Drama
36124,Horror
36124,Mystery
36124,Supernatural
36124,Suspense
35458,Supernatural
35370,Comedy
39332,Drama
39332,Mystery
39332,Suspense
39823,Action
39823,Fantasy
39545,Girls Love
39545,Supernatural
31440,Comedy
3085,Comedy
3085,Sci-Fi
3085,Ecchi
41945,Drama
41945,Supernatural
2795,Action
2795,Drama
2795,Fantasy
2795,Romance
2795,Sci-Fi
9203,Comedy
2619,Action
2619,Adventure
42947,Action
42947,Adventure
42947,Fantasy
6229,Action
6229,Drama
6166,Comedy
6166,Romance
6166,Sci-Fi
6166,Ecchi
6068,Comedy
5997,Action
5997,Adventure
5997,Drama
5997,Slice of Life
40233,Action
40233,Adventure
40233,Fantasy
40233,Romance
5002,Action
5002,Drama
20441,Adventure
20441,Comedy
20441,Mystery
4554,Comedy
4306,Fantasy
4306,Romance
1169,Adventure
1169,Drama
1169,Sci-Fi
3356,Fantasy
776,Comedy
776,Drama
776,Romance
49402,Action
49402,Sci-Fi
2645,Adventure
2645,Comedy
2645,Fantasy
2645,Sci-Fi
49478,Sci-Fi
590,Comedy
590,Romance
504,Action
504,Adventure
504,Drama
504,Romance
403,Comedy
403,Romance
403,Ecchi
11255,Action
11255,Ecchi
1822,Action
1822,Adventure
863,Comedy
863,Ecchi
34481,Slice of Life
34481,Ecchi
10513,Comedy
50481,Action
50481,Fantasy
50582,Action
50582,Fantasy
155,Action
155,Drama
155,Fantasy
155,Mystery
1466,Adventure
1466,Sci-Fi
148,Drama
148,Romance
289,Comedy
289,Drama
1350,Action
1350,Sci-Fi
9754,Comedy
59730,Action
59730,Adventure
59730,Fantasy
59730,Romance
58321,Sci-Fi
58462,Action
57391,Comedy
57391,Romance
57391,Sci-Fi
56690,Action
56690,Adventure
56690,Fantasy
54616,Adventure
54616,Fantasy
54171,Action
54171,Supernatural
54018,Comedy
53150,Action
51562,Action
51562,Adventure
51562,Comedy
51562,Fantasy
8648,Comedy
8648,Fantasy
10172,Action
10172,Comedy
10172,Ecchi
14921,Drama
14921,Romance
14921,Supernatural
28819,Comedy
28819,Romance
28819,Ecchi
38297,Action
38297,Adventure
38297,Fantasy
36556,Action
36556,Comedy
37778,Slice of Life
38714,Action
38714,Sci-Fi
38897,Action
38897,Comedy
35347,Comedy
35347,Fantasy
35081,Comedy
39410,Action
39410,Adventure
39410,Fantasy
39410,Sci-Fi
34522,Drama
34257,Comedy
39590,Comedy
33964,Action
33964,Drama
33964,Suspense
40286,Romance
4197,Adventure
4197,Comedy
4197,Fantasy
32324,Sports
9040,Action
9040,Sci-Fi
2606,Action
2606,Adventure
2606,Comedy
2606,Fantasy
7547,Slice of Life
26019,Comedy
26019,Romance
26019,Supernatural
7245,Fantasy
6885,Comedy
6885,Romance
23871,Comedy
23871,Slice of Life
44050,Action
44050,Sci-Fi
5938,Comedy
5938,Fantasy
5865,Comedy
5865,Drama
5865,Romance
1758,Comedy
5266,Action
5266,Sci-Fi
5256,Adventure
5256,Fantasy
1581,Comedy
1581,Drama
1581,Romance
4782,Comedy
4782,Slice of Life
4712,Action
4712,Adventure
4712,Comedy
4712,Fantasy
4712,Sci-Fi
4712,Supernatural
20267,Comedy
20267,Fantasy
20267,Slice of Life
20021,Action
20021,Fantasy
37920,Comedy
37920,Romance
1165,Action
1165,Adventure
1165,Sci-Fi
913,Action
913,Ecchi
16614,Action
16614,Sci-Fi
3021,Action
3021,Comedy
3021,Romance
15125,Comedy
15125,Sports
13517,Comedy
13517,Supernatural
49841,Adventure
49841,Fantasy
1952,Action
1952,Adventure
1952,Drama
1952,Fantasy
987,Action
987,Adventure
987,Comedy
987,Fantasy
1806,Action
1806,Adventure
1806,Comedy
1806,Supernatural
1754,Comedy
298,Adventure
298,Comedy
298,Fantasy
1618,Action
1618,Adventure
1618,Sci-Fi
50441,Action
50441,Fantasy
50441,Sci-Fi
1325,Adventure
1325,Drama
1325,Fantasy
60185,Comedy
60185,Fantasy
58319,Fantasy
55015,Action
55015,Adventure
55015,Fantasy
53852,Comedy
53852,Mystery
52971,Romance
51212,Comedy
51212,Fantasy
51212,Ecchi
37599,Action
37599,Fantasy
21241,Comedy
33118,Comedy
15951,Romance
13159,Comedy
13159,Slice of Life
23299,Action
23299,Adventure
23299,Comedy
23299,Fantasy
31452,Adventure
31452,Fantasy
31452,Romance
31452,Sci-Fi
34447,Ecchi
10491,Comedy
10491,Mystery
36083,Suspense
37422,Comedy
34964,Action
34964,Sci-Fi
34964,Ecchi
38810,Action
38810,Supernatural
34655,Fantasy
33877,Comedy
33474,Adventure
33474,Drama
33474,Slice of Life
40394,Action
40394,Sci-Fi
4503,Action
4503,Drama
4503,Sci-Fi
40823,Action
40823,Adventure
40823,Fantasy
40823,Sci-Fi
31861,Action
31861,Comedy
31861,Sci-Fi
40873,Adventure
40873,Fantasy
3602,Action
3602,Drama
3602,Sci-Fi
3464,Action
3464,Comedy
3464,Romance
3464,Sci-Fi
3464,Ecchi
41915,Action
41915,Adventure
41915,Drama
41915,Fantasy
28511,Action
28511,Comedy
63,Comedy
63,Romance
63,Sci-Fi
63,Ecchi
27815,Action
23569,Slice of Life
22695,Action
22695,Adventure
22695,Comedy
22695,Fantasy
22215,Sports
38707,Adventure
38707,Comedy
38707,Sci-Fi
5353,Comedy
5353,Ecchi
4742,Comedy
20391,Slice of Life
4508,Comedy
4508,Romance
19585,Comedy
19585,Slice of Life
32946,Mystery
3295,Adventure
3295,Comedy
897,Action
897,Adventure
897,Fantasy
897,Sci-Fi
2884,Action
2884,Comedy
2831,Adventure
2831,Drama
21353,Action
21353,Sci-Fi
679,Action
679,Adventure
679,Drama
679,Fantasy
49556,Sports
2510,Action
2510,Sci-Fi
370,Action
370,Adventure
370,Comedy
370,Mystery
370,Sci-Fi
370,Ecchi
42568,Slice of Life
1750,Comedy
1750,Romance
1750,Supernatural
1750,Ecchi
50559,Action
50559,Sci-Fi
35204,Action
35204,Adventure
35204,Drama
35204,Romance
9690,Action
9690,Adventure
9690,Fantasy
1163,Adventure
1163,Horror
28833,Action
28833,Adventure
28833,Fantasy
51043,Action
51043,Fantasy
37887,Action
37887,Adventure
37887,Fantasy
59500,Sports
59456,Avant Garde
58359,Fantasy
56903,Comedy
56903,Gourmet
56835,Action
56835,Drama
56835,Sci-Fi
56820,Action
56820,Drama
56036,Horror
56036,Supernatural
54835,Adventure
54835,Fantasy
52822,Romance
52763,Comedy
52763,Supernatural
52199,Action
52199,Adventure
52199,Fantasy
51293,Slice of Life
21569,Adventure
21569,Fantasy
19825,Adventure
34972,Romance
7148,Comedy
7148,Romance
7148,Ecchi
48582,Action
10490,Action
10490,Horror
10490,Mystery
10490,Supernatural
37737,Action
37737,Mystery
37737,Romance
12549,Comedy
12549,Romance
12549,Supernatural
12549,Ecchi
38985,Adventure
38985,Fantasy
5333,Comedy
5333,Ecchi
39864,Comedy
40280,Supernatural
40708,Comedy
40708,Fantasy
40708,Romance
40708,Ecchi
42653,Slice of Life
29087,Comedy
29087,Fantasy
29087,Supernatural
8211,Action
8211,Supernatural
27911,Comedy
2387,Drama
2387,Romance
7254,Action
7254,Fantasy
23627,Comedy
6202,Adventure
6202,Drama
1771,Sports
4533,Comedy
4533,Fantasy
4533,Sci-Fi
4486,Action
4486,Sci-Fi
4244,Action
4244,Adventure
18781,Comedy
18781,Slice of Life
3875,Comedy
3839,Comedy
3839,Fantasy
31630,Comedy
31630,Drama
31630,Mystery
3570,Adventure
3570,Fantasy
3570,Slice of Life
3410,Comedy
3410,Sci-Fi
3182,Comedy
3182,Slice of Life
3028,Action
3028,Fantasy
3028,Sci-Fi
49146,Comedy
2793,Adventure
2793,Drama
2793,Fantasy
2793,Romance
2793,Sci-Fi
743,Drama
743,Romance
44390,Drama
44390,Romance
44390,Supernatural
2284,Adventure
2284,Comedy
2284,Sci-Fi
50048,Romance
357,Comedy
357,Supernatural
357,Ecchi
36039,Action
36039,Sci-Fi
11103,Action
11103,Sci-Fi
50284,Mystery
50284,Sci-Fi
10582,Comedy
10582,Fantasy
10582,Romance
10582,Ecchi
35076,Action
35076,Suspense
10308,Action
10308,Comedy
10308,Sci-Fi
1497,Award Winning
1497,Drama
1497,Romance
50678,Action
50678,Sci-Fi
9774,Comedy
9774,Slice of Life
9773,Drama
1232,Action
1232,Comedy
1232,Sci-Fi
59493,Action
59493,Adventure
59493,Comedy
59493,Fantasy
55998,Romance
55998,Supernatural
53787,Drama
53787,Sci-Fi
53787,Suspense
53682,Avant Garde
53682,Suspense
53071,Mystery
51860,Action
51860,Fantasy
51309,Comedy
51309,Fantasy
36816,Action
36816,Adventure
36816,Sci-Fi
28283,Action
26183,Action
26183,Ecchi
38556,Drama
38556,Romance
37988,Comedy
37988,Sci-Fi
17637,Slice of Life
36266,Action
36266,Drama
36266,Horror
36266,Suspense
35652,Comedy
35652,Supernatural
38920,Action
38920,Drama
6375,Action
6375,Adventure
6375,Sci-Fi
33879,Comedy
35593,Adventure
35593,Slice of Life
33150,Mystery
40356,Action
40356,Adventure
40356,Drama
40356,Fantasy
40934,Adventure
40934,Fantasy
41380,Action
41380,Adventure
41380,Drama
41380,Fantasy
42151,Action
42151,Sci-Fi
37651,Action
37651,Fantasy
25241,Comedy
25117,Comedy
2106,Sci-Fi
17821,Sports
6672,Action
6672,Sci-Fi
23439,Slice of Life
5916,Award Winning
5916,Drama
22699,Action
22699,Adventure
22699,Comedy
22699,Fantasy
1693,Action
1693,Sci-Fi
21065,Drama
46381,Action
46381,Sci-Fi
4800,Adventure
30749,Action
30749,Fantasy
30749,Romance
30749,Ecchi
4387,Action
4387,Sci-Fi
43969,Comedy
43969,Romance
3735,Action
3735,Comedy
3735,Sci-Fi
6633,Action
6633,Adventure
6633,Fantasy
6633,Ecchi
17679,Action
17573,Comedy
17573,Sci-Fi
17573,Slice of Life
937,Action
937,Sci-Fi
916,Action
916,Horror
916,Mystery
916,Supernatural
16756,Action
16756,Adventure
16756,Fantasy
3101,Action
3101,Adventure
3101,Sci-Fi
48942,Fantasy
840,Comedy
840,Romance
840,Sci-Fi
799,Slice of Life
2811,Adventure
2811,Drama
2811,Sci-Fi
2628,Fantasy
599,Action
599,Adventure
599,Comedy
599,Supernatural
564,Comedy
564,Fantasy
564,Sci-Fi
564,Ecchi
6791,Romance
6791,Ecchi
2252,Action
2252,Horror
2252,Supernatural
446,Action
446,Drama
12279,Action
12279,Comedy
12279,Drama
12279,Romance
50053,Supernatural
11281,Action
11281,Comedy
50209,Sports
1718,Drama
1718,Romance
1706,Action
1706,Adventure
1706,Drama
1706,Sci-Fi
1676,Action
1676,Adventure
1676,Sci-Fi
10384,Comedy
10384,Girls Love
50638,Action
50638,Drama
50638,Sci-Fi
10016,Comedy
1348,Action
1348,Adventure
1348,Sci-Fi
1836,Comedy
1836,Fantasy
1836,Romance
1836,Ecchi
1067,Action
1067,Drama
1067,Fantasy
1067,Romance
1067,Sci-Fi
31621,Slice of Life
1198,Comedy
1198,Romance
50999,Sci-Fi
50999,Sports
60140,Action
60140,Adventure
60140,Fantasy
59562,Action
59562,Fantasy
59562,Sci-Fi
58015,Action
58015,Adventure
58015,Comedy
58015,Fantasy
57834,Action
57834,Adventure
57834,Fantasy
56364,Fantasy
55358,Comedy
55358,Supernatural
51345,Comedy
8456,Action
8456,Adventure
8456,Fantasy
8456,Ecchi
33222,Comedy
9548,Drama
31560,Comedy
31121,Comedy
31121,Fantasy
26359,Adventure
26359,Drama
26359,Mystery
26359,Supernatural
36290,Action
36290,Fantasy
37290,Sports
38520,Adventure
38520,Slice of Life
33743,Drama
33743,Romance
33743,Ecchi
17831,Comedy
17831,Supernatural
36259,Comedy
34800,Comedy
34800,Slice of Life
35334,Comedy
34751,Action
34751,Fantasy
4232,Sci-Fi
32412,Comedy
32383,Comedy
3641,Romance
30412,Action
30412,Comedy
30412,Horror
29017,Comedy
29017,Fantasy
29017,Slice of Life
8507,Comedy
8507,Ecchi
43291,Action
43291,Adventure
43291,Romance
7744,Comedy
7744,Sci-Fi
7744,Ecchi
7664,Adventure
7664,Fantasy
7436,Action
7436,Adventure
7436,Fantasy
7377,Drama
7377,Romance
6674,Comedy
6674,Mystery
6297,Action
6297,Adventure
6297,Comedy
4874,Adventure
4874,Comedy
4874,Fantasy
38192,Action
38192,Adventure
38192,Sci-Fi
4795,Adventure
4795,Comedy
4795,Fantasy
20723,Action
20723,Fantasy
19845,Comedy
3878,Comedy
3878,Slice of Life
973,Adventure
973,Sci-Fi
15781,Comedy
15781,Slice of Life
684,Fantasy
684,Romance
2650,Adventure
2650,Fantasy
2650,Sci-Fi
637,Comedy
637,Romance
637,Ecchi
2633,Adventure
2633,Comedy
2633,Fantasy
2633,Sci-Fi
2288,Adventure
2288,Sci-Fi
12699,Comedy
412,Comedy
412,Ecchi
10554,Drama
10554,Sports
1409,Sci-Fi
1409,Sports
225,Action
225,Adventure
225,Comedy
225,Fantasy
9421,Action
9421,Comedy
1143,Adventure
1143,Fantasy
1143,Mystery
1143,Sci-Fi
60941,Comedy
58623,Comedy
58196,Slice of Life
57909,Gourmet
57909,Slice of Life
54997,Action
54997,Adventure
54997,Comedy
54997,Fantasy
41043,Comedy
41043,Drama
52967,Drama
52967,Romance
51383,Action
51383,Adventure
51383,Fantasy
51198,Action
51198,Fantasy
51198,Sci-Fi
33797,Sci-Fi
27907,Comedy
25717,Adventure
25717,Fantasy
36424,Action
36424,Mystery
37047,Comedy
33741,Action
33741,Comedy
33741,Sci-Fi
35988,Adventure
35988,Comedy
35988,Fantasy
50955,Comedy
50955,Fantasy
39506,Action
39506,Sci-Fi
38397,Comedy
38397,Ecchi
40550,Action
40550,Fantasy
4067,Action
4067,Adventure
4067,Fantasy
4067,Sci-Fi
4067,Supernatural
32214,Action
32214,Comedy
32214,Sci-Fi
32214,Ecchi
41008,Comedy
31236,Adventure
31236,Fantasy
30795,Comedy
9383,Comedy
9383,Drama
9220,Comedy
9220,Supernatural
42506,Comedy
8314,Comedy
28155,Action
28155,Adventure
28155,Comedy
28155,Drama
8194,Adventure
8194,Fantasy
8194,Horror
8194,Supernatural
7591,Comedy
7540,Action
7540,Comedy
7540,Ecchi
26063,Adventure
26063,Comedy
26063,Horror
26063,Supernatural
6877,Adventure
6877,Comedy
6877,Fantasy
6653,Drama
6653,Sci-Fi
43767,Drama
43767,Mystery
43767,Sci-Fi
43767,Suspense
44078,Action
44078,Adventure
44078,Comedy
22123,Comedy
22123,Girls Love
22049,Action
22049,Sci-Fi
20987,Comedy
4794,Adventure
4794,Comedy
4794,Fantasy
4504,Action
4504,Adventure
4504,Comedy
4504,Sci-Fi
4211,Action
4211,Comedy
4211,Fantasy
47972,Romance
1070,Comedy
1070,Romance
2842,Adventure
2842,Fantasy
2729,Drama
671,Drama
2647,Fantasy
2356,Horror
2356,Supernatural
497,Adventure
497,Fantasy
497,Girls Love
497,Mystery
497,Ecchi
12885,Action
12885,Sci-Fi
12663,Adventure
12663,Boys Love
12663,Comedy
41812,Comedy
41812,Romance
41812,Ecchi
1980,Action
1980,Comedy
1980,Sci-Fi
375,Action
375,Adventure
375,Comedy
375,Sci-Fi
365,Boys Love
365,Comedy
365,Mystery
1917,Action
1917,Sci-Fi
40453,Adventure
40453,Comedy
40453,Fantasy
40453,Ecchi
22537,Avant Garde
22537,Horror
22537,Supernatural
1527,Adventure
1527,Comedy
1527,Fantasy
50588,Action
50588,Fantasy
119,Comedy
119,Drama
119,Romance
979,Action
979,Drama
9884,Comedy
37232,Action
37232,Adventure
37232,Fantasy
1221,Action
9494,Action
9494,Drama
9494,Sci-Fi
49605,Comedy
49605,Romance
49605,Ecchi
59908,Action
59908,Adventure
59908,Comedy
59908,Fantasy
56888,Sci-Fi
56741,Comedy
56741,Romance
56741,Ecchi
56106,Comedy
56106,Fantasy
56106,Sports
52020,Adventure
52020,Sci-Fi
52020,Slice of Life
8145,Action
8145,Fantasy
8145,Horror
8145,Supernatural
10671,Comedy
10671,Slice of Life
23787,Comedy
37764,Action
37764,Drama
37764,Sci-Fi
36468,Comedy
36500,Comedy
11685,Adventure
11685,Drama
11685,Mystery
11685,Supernatural
15729,Comedy
15729,Ecchi
35315,Mystery
35315,Sci-Fi
35315,Supernatural
6735,Sci-Fi
35235,Comedy
35235,Gourmet
35235,Slice of Life
39720,Action
39720,Mystery
39720,Romance
33454,Comedy
33454,Mystery
10187,Comedy
10187,Ecchi
40097,Action
40097,Comedy
40097,Sci-Fi
40156,Fantasy
40156,Mystery
33341,Adventure
33341,Sci-Fi
41074,Action
41074,Adventure
41074,Comedy
41074,Fantasy
41286,Comedy
41286,Fantasy
30573,Action
41783,Sports
8754,Comedy
8754,Slice of Life
8635,Ecchi
8415,Adventure
8415,Drama
8215,Action
8215,Comedy
8215,Sci-Fi
7578,Comedy
7578,Drama
7578,Romance
7229,Drama
24751,Action
24751,Comedy
24751,Girls Love
24751,Ecchi
5763,Action
5763,Drama
5763,Sci-Fi
21201,Comedy
21201,Sports
4808,Action
4808,Adventure
4808,Sci-Fi
20235,Drama
4450,Adventure
4450,Comedy
4450,Supernatural
41877,Adventure
41877,Supernatural
17731,Comedy
3023,Comedy
3023,Supernatural
3023,Ecchi
3005,Action
3005,Adventure
3005,Drama
3005,Fantasy
682,Comedy
682,Fantasy
682,Romance
14827,Drama
14827,Romance
14827,Ecchi
612,Comedy
612,Romance
602,Action
602,Adventure
602,Comedy
602,Fantasy
602,Supernatural
49985,Action
406,Sci-Fi
406,Sports
1658,Action
1658,Comedy
1658,Fantasy
1658,Horror
197,Comedy
197,Romance
197,Sci-Fi
197,Ecchi
14647,Comedy
14647,Mystery
1266,Adventure
1266,Fantasy
9750,Action
9750,Comedy
9750,Romance
9750,Supernatural
9750,Ecchi
13367,Comedy
13367,Mystery
13367,Romance
13367,Ecchi
30250,Action
30250,Ecchi
61430,Fantasy
60247,Action
60247,Fantasy
60247,Sci-Fi
59455,Comedy
59162,Comedy
59162,Sports
58790,Fantasy
58663,Action
58663,Adventure
58663,Comedy
58663,Fantasy
57892,Action
57892,Adventure
57892,Fantasy
57518,Action
57518,Sci-Fi
55636,Comedy
54631,Action
54631,Fantasy
53355,Romance
52969,Adventure
52969,Fantasy
51834,Action
51834,Adventure
51834,Fantasy
51665,Gourmet
12671,Action
12671,Adventure
12671,Comedy
12671,Drama
12671,Fantasy
35757,Adventure
35757,Fantasy
8487,Action
8487,Award Winning
8487,Supernatural
33396,Action
33396,Adventure
33396,Drama
33396,Romance
33164,Comedy
33164,Fantasy
32993,Comedy
10338,Comedy
10338,Supernatural
30384,Comedy
27967,Action
27967,Comedy
27967,Ecchi
23325,Action
36194,Action
36194,Sci-Fi
37045,Comedy
37328,Fantasy
37328,Slice of Life
37563,Adventure
37563,Boys Love
37563,Drama
37563,Mystery
34934,Drama
34934,Romance
35231,Drama
35231,Mystery
35231,Supernatural
39094,Comedy
35136,Adventure
35136,Drama
35136,Sci-Fi
5957,Comedy
33874,Comedy
33874,Mystery
50905,Comedy
50905,Slice of Life
40154,Action
40154,Mystery
40154,Sci-Fi
32190,Slice of Life
32190,Sports
29935,Action
29935,Fantasy
8705,Comedy
22661,Drama
22661,Fantasy
1724,Adventure
1724,Fantasy
5618,Comedy
5618,Slice of Life
21695,Action
21695,Adventure
21695,Comedy
21695,Fantasy
5153,Action
5153,Fantasy
5153,Sci-Fi
5014,Adventure
5014,Sci-Fi
20871,Comedy
20871,Fantasy
34051,Action
34051,Comedy
34051,Fantasy
34051,Ecchi
4013,Action
4013,Adventure
18989,Action
18989,Sci-Fi
3823,Comedy
3823,Slice of Life
1044,Adventure
1044,Drama
3435,Mystery
1019,Action
1019,Boys Love
1019,Drama
1019,Supernatural
3394,Drama
3394,Romance
3381,Adventure
3381,Sci-Fi
3366,Action
3366,Mystery
3366,Sci-Fi
3366,Supernatural
48678,Drama
2915,Drama
744,Comedy
744,Romance
744,Sci-Fi
2626,Fantasy
2420,Drama
2420,Sci-Fi
13185,Action
13185,Adventure
2334,Adventure
2334,Romance
2280,Comedy
2211,Adventure
2156,Action
2156,Fantasy
12455,Comedy
2128,Action
2128,Adventure
2128,Sci-Fi
12347,Action
12347,Adventure
12347,Comedy
12347,Sci-Fi
12347,Ecchi
2010,Action
2010,Comedy
2010,Mystery
10109,Comedy
10109,Sports
10109,Ecchi
50657,Action
50657,Adventure
50657,Fantasy
9706,Action
9706,Mystery
9706,Sci-Fi
1233,Action
1233,Comedy
1233,Romance
55,Action
55,Adventure
55,Fantasy
55,Horror
55,Sci-Fi
41093,Action
41093,Fantasy
41093,Ecchi
30127,Slice of Life
61579,Comedy
60782,Slice of Life
60782,Sports
58816,Suspense
59029,Action
59029,Adventure
59029,Comedy
59029,Fantasy
56562,Comedy
55397,Slice of Life
55397,Supernatural
54745,Supernatural
54851,Action
54851,Sci-Fi
54796,Slice of Life
54329,Fantasy
52601,Comedy
52601,Slice of Life
52101,Action
52101,Fantasy
35842,Action
35842,Avant Garde
35842,Comedy
35842,Sci-Fi
8101,Comedy
8101,Ecchi
9479,Action
9479,Drama
9479,Sci-Fi
10808,Action
10808,Sci-Fi
27741,Drama
36729,Action
36729,Drama
36729,Fantasy
37036,Comedy
37036,Fantasy
37504,Comedy
38767,Comedy
35473,Comedy
39588,Comedy
40045,Adventure
40045,Comedy
33455,Comedy
40638,Action
40638,Adventure
40638,Romance
39701,Action
39701,Adventure
39701,Fantasy
40890,Action
40890,Sci-Fi
31573,Adventure
31561,Action
31561,Drama
41205,Action
41205,Adventure
41307,Comedy
41307,Slice of Life
2911,Drama
2911,Romance
42268,Action
42268,Fantasy
2741,Action
2741,Drama
9001,Sci-Fi
41463,Comedy
41463,Ecchi
42885,Action
42885,Adventure
42885,Comedy
42885,Sci-Fi
7875,Ecchi
25437,Romance
6964,Action
6964,Supernatural
2089,Action
2089,Adventure
2089,Romance
2089,Sci-Fi
6883,Comedy
6883,Fantasy
6883,Supernatural
6657,Comedy
44276,Action
44276,Comedy
44276,Fantasy
4943,Adventure
4943,Fantasy
20533,Adventure
20533,Fantasy
20533,Sci-Fi
20155,Comedy
20155,Sports
20155,Ecchi
4439,Action
4421,Comedy
4421,Ecchi
3915,Adventure
3915,Comedy
1187,Comedy
1187,Drama
1187,Sci-Fi
3853,Action
3853,Comedy
3806,Adventure
3806,Comedy
3806,Romance
3806,Sports
3800,Drama
17467,Action
17467,Drama
45731,Drama
14173,Comedy
14173,Ecchi
13551,Comedy
13551,Drama
13551,Slice of Life
471,Comedy
471,Drama
471,Romance
2105,Drama
2105,Fantasy
2105,Romance
2105,Ecchi
2074,Adventure
2074,Comedy
2074,Fantasy
1673,Sci-Fi
163,Adventure
163,Comedy
163,Fantasy
50689,Sci-Fi
1296,Action
1296,Comedy
1296,Sci-Fi
4720,Drama
4720,Romance
14093,Action
14093,Adventure
14093,Comedy
14093,Fantasy
39326,Comedy
39326,Romance
39326,Ecchi
58717,Action
56553,Mystery
56553,Sci-Fi
56553,Suspense
55970,Drama
55970,Romance
55970,Sci-Fi
55970,Supernatural
55970,Suspense
53476,Action
53476,Adventure
53476,Fantasy
9924,Comedy
9924,Fantasy
9924,Ecchi
36418,Slice of Life
33925,Adventure
33925,Drama
33925,Romance
50439,Sci-Fi
37799,Action
37799,Fantasy
37799,Horror
37799,Suspense
35237,Comedy
35237,Romance
35237,Ecchi
30237,Ecchi
37586,Comedy
37586,Fantasy
38681,Action
23121,Comedy
32360,Action
32360,Fantasy
32360,Sci-Fi
35472,Comedy
34884,Comedy
34884,Ecchi
33704,Action
33704,Adventure
33704,Fantasy
33704,Sci-Fi
40031,Comedy
40031,Fantasy
32039,Comedy
41137,Adventure
41137,Sci-Fi
31344,Comedy
3389,Action
3389,Drama
3389,Mystery
3355,Adventure
3288,Action
3288,Sci-Fi
3285,Comedy
3285,Fantasy
30481,Adventure
30481,Drama
30481,Sci-Fi
42438,Drama
29231,Comedy
29231,Fantasy
7643,Comedy
7643,Slice of Life
7109,Action
7109,Adventure
7109,Fantasy
7103,Fantasy
7090,Action
7090,Comedy
7090,Fantasy
7090,Sci-Fi
6374,Action
6374,Adventure
6374,Sci-Fi
1879,Action
1879,Mystery
1879,Sci-Fi
22335,Comedy
22335,Sports
4183,Action
4074,Adventure
4074,Drama
3874,Sports
3838,Comedy
3838,Fantasy
3660,Comedy
3660,Fantasy
3576,Adventure
3576,Fantasy
3481,Action
3481,Sci-Fi
1035,Adventure
1035,Boys Love
1035,Comedy
1035,Fantasy
3444,Action
3444,Sci-Fi
50862,Sci-Fi
49124,Drama
2740,Action
2740,Drama
2568,Drama
2237,Comedy
2237,Mystery
12685,Comedy
12685,Fantasy
12503,Comedy
12503,Supernatural
1907,Comedy
1907,Fantasy
1907,Supernatural
1742,Drama
1742,Mystery
1742,Supernatural
1737,Action
1737,Adventure
1737,Drama
1737,Sci-Fi
10623,Adventure
1062,Action
1062,Comedy
9736,Comedy
9736,Fantasy
9736,Romance
9736,Ecchi
2031,Action
2031,Adventure
2031,Fantasy
41283,Action
41283,Adventure
41283,Comedy
57100,Action
57100,Adventure
57100,Fantasy
55593,Comedy
55192,Action
55192,Adventure
55192,Fantasy
53901,Horror
52751,Comedy
52619,Comedy
52619,Fantasy
50349,Fantasy
38672,Action
37938,Drama
37938,Fantasy
37938,Mystery
37938,Romance
19799,Comedy
17879,Comedy
18247,Action
18247,Comedy
18247,Romance
18247,Sci-Fi
18247,Ecchi
36291,Fantasy
12429,Action
12429,Adventure
12429,Sci-Fi
37247,Action
37247,Sci-Fi
38854,Fantasy
38854,Romance
6733,Drama
6733,Sci-Fi
39194,Comedy
39194,Gourmet
39315,Adventure
39315,Comedy
39315,Fantasy
39363,Sci-Fi
40066,Fantasy
40358,Comedy
40431,Slice of Life
40515,Drama
40515,Sci-Fi
40613,Action
40613,Drama
40613,Sci-Fi
40786,Sports
31797,Comedy
31797,Romance
31797,Ecchi
31674,Comedy
31070,Action
31070,Comedy
31070,Fantasy
41372,Action
42491,Slice of Life
8546,Comedy
8546,Sci-Fi
42913,Comedy
28353,Drama
28353,Slice of Life
1854,Action
1854,Adventure
1854,Sci-Fi
23067,Action
23067,Adventure
23067,Comedy
23067,Sci-Fi
1694,Action
1694,Comedy
1694,Sci-Fi
5529,Comedy
5529,Fantasy
4361,Comedy
4361,Ecchi
3963,Action
3963,Drama
3963,Sci-Fi
39235,Action
39235,Adventure
39235,Fantasy
3900,Action
3900,Sci-Fi
18799,Action
18799,Supernatural
3827,Sports
48365,Comedy
48365,Supernatural
17893,Comedy
17893,Drama
17893,Sports
37711,Drama
37711,Romance
950,Adventure
3154,Action
3154,Adventure
3154,Sci-Fi
32407,Fantasy
32407,Sci-Fi
49844,Fantasy
15325,Comedy
15325,Romance
15325,Supernatural
15325,Ecchi
706,Comedy
706,Drama
48418,Action
48418,Fantasy
660,Comedy
660,Fantasy
660,Romance
49432,Fantasy
13769,Action
13769,Fantasy
2290,Adventure
2290,Fantasy
12317,Action
12317,Comedy
12317,Ecchi
417,Action
417,Fantasy
2067,Action
2067,Comedy
2067,Sci-Fi
1978,Action
1978,Fantasy
1978,Sci-Fi
50422,Sci-Fi
40960,Comedy
40960,Fantasy
50431,Action
50431,Comedy
50431,Sci-Fi
9107,Action
9107,Adventure
9107,Comedy
9107,Fantasy
1189,Action
1189,Adventure
1189,Fantasy
1189,Romance
1189,Sci-Fi
9493,Action
9493,Comedy
9493,Supernatural
9493,Ecchi
1130,Action
1130,Drama
1130,Fantasy
1130,Romance
1130,Sci-Fi
60535,Comedy
57229,Slice of Life
57229,Supernatural
57000,Girls Love
56743,Comedy
55339,Action
55339,Comedy
55339,Fantasy
55342,Romance
53336,Suspense
51915,Boys Love
51915,Comedy
50427,Adventure
50427,Award Winning
50427,Fantasy
50427,Suspense
21373,Action
21373,Comedy
21373,Sci-Fi
21373,Ecchi
36023,Action
33027,Action
33027,Sci-Fi
27629,Comedy
27629,Mystery
31851,Fantasy
31851,Ecchi
36455,Adventure
36455,Fantasy
36455,Romance
36455,Supernatural
36569,Comedy
36637,Fantasy
37564,Adventure
37564,Comedy
37564,Fantasy
37564,Romance
37564,Supernatural
37646,Comedy
37522,Mystery
37522,Supernatural
37522,Suspense
38663,Action
38663,Drama
38663,Sci-Fi
33360,Comedy
4962,Adventure
4962,Comedy
4962,Fantasy
33087,Fantasy
33087,Romance
40667,Supernatural
38768,Comedy
38768,Fantasy
40835,Comedy
40835,Romance
31883,Comedy
41634,Comedy
30218,Comedy
29611,Adventure
29611,Comedy
29413,Action
29413,Adventure
29413,Fantasy
8764,Comedy
8109,Adventure
8109,Comedy
6511,Action
6511,Adventure
6511,Sci-Fi
23427,Comedy
23427,Slice of Life
23363,Comedy
23363,Romance
6096,Action
6096,Comedy
5828,Action
5828,Supernatural
20929,Comedy
1433,Action
1433,Adventure
1433,Comedy
1433,Mystery
19687,Action
19687,Adventure
19687,Fantasy
4132,Drama
4132,Slice of Life
4068,Action
4068,Adventure
4068,Fantasy
4068,Sci-Fi
4068,Supernatural
3659,Adventure
3659,Comedy
3519,Award Winning
3519,Comedy
1998,Adventure
1998,Mystery
1998,Romance
1998,Sci-Fi
48869,Avant Garde
16718,Comedy
3057,Boys Love
3057,Comedy
3057,Supernatural
850,Boys Love
850,Comedy
850,Drama
13799,Adventure
13799,Comedy
13799,Fantasy
2495,Drama
2495,Slice of Life
438,Action
438,Drama
11073,Fantasy
336,Drama
336,Fantasy
1839,Adventure
1839,Fantasy
1839,Slice of Life
10886,Sports
10886,Supernatural
1107,Action
1107,Adventure
1107,Drama
1107,Horror
10036,Drama
10036,Romance
10036,Sci-Fi
10015,Action
10015,Fantasy
10013,Drama
9905,Sports
1185,Comedy
1185,Sci-Fi
1185,Sports
1185,Ecchi
60790,Action
59097,Fantasy
55732,Action
55732,Adventure
55732,Fantasy
53748,Action
53748,Adventure
53748,Fantasy
53748,Sci-Fi
53473,Action
53473,Fantasy
53428,Fantasy
38601,Action
38601,Comedy
38601,Fantasy
33244,Comedy
33244,Supernatural
33024,Action
33024,Sci-Fi
32321,Action
32321,Adventure
32321,Comedy
13139,Comedy
50445,Sci-Fi
36108,Comedy
36108,Gourmet
37507,Sci-Fi
38788,Comedy
38788,Mystery
38837,Action
38837,Comedy
38837,Sci-Fi
35346,Comedy
39760,Fantasy
39760,Supernatural
33697,Action
33697,Fantasy
33697,Sci-Fi
33149,Mystery
40256,Action
40256,Adventure
40256,Fantasy
40256,Sci-Fi
4209,Action
4209,Comedy
4209,Sci-Fi
34497,Adventure
34497,Fantasy
31233,Action
31233,Adventure
31233,Comedy
33783,Action
33783,Adventure
33783,Sci-Fi
42156,Action
42156,Drama
42156,Fantasy
42291,Action
42291,Fantasy
42291,Supernatural
8966,Adventure
8966,Comedy
8713,Drama
8713,Romance
8373,Adventure
8373,Comedy
8189,Comedy
7430,Action
7430,Adventure
7430,Comedy
7430,Romance
7430,Supernatural
7430,Ecchi
7395,Adventure
7395,Fantasy
7176,Comedy
7176,Slice of Life
25661,Fantasy
25661,Slice of Life
6714,Action
6714,Adventure
6714,Comedy
6714,Fantasy
1988,Comedy
1988,Romance
6067,Action
6067,Adventure
6067,Comedy
22249,Adventure
5311,Action
5311,Sci-Fi
5201,Adventure
5201,Comedy
4173,Comedy
19587,Adventure
19587,Comedy
8560,Romance
3609,Action
3609,Adventure
3609,Sci-Fi
943,Drama
943,Fantasy
943,Slice of Life
6251,Slice of Life
2953,Slice of Life
810,Comedy
810,Drama
810,Sci-Fi
2806,Adventure
2806,Comedy
2806,Fantasy
2732,Comedy
2732,Drama
49163,Sci-Fi
2726,Action
2726,Drama
49454,Action
49454,Sci-Fi
2613,Adventure
2613,Drama
2613,Sci-Fi
14283,Action
14283,Sci-Fi
14283,Ecchi
2572,Adventure
2572,Fantasy
2565,Adventure
2243,Action
2243,Adventure
2243,Drama
49976,Award Winning
49976,Slice of Life
2075,Adventure
2075,Comedy
2075,Slice of Life
11755,Action
11755,Adventure
11755,Sci-Fi
348,Comedy
348,Fantasy
10916,Adventure
10916,Comedy
10916,Fantasy
10076,Action
10076,Comedy
10076,Romance
10076,Ecchi
34382,Drama
34382,Girls Love
9916,Sports
9789,Adventure
60546,Comedy
60546,Romance
60024,Drama
59843,Action
59843,Sci-Fi
58925,Sports
58894,Action
58894,Fantasy
58510,Action
57939,Fantasy
57939,Slice of Life
57782,Comedy
57629,Action
57629,Sci-Fi
55845,Action
55845,Sci-Fi
55848,Action
55848,Fantasy
54760,Adventure
54760,Fantasy
54196,Action
54196,Adventure
53890,Action
53890,Adventure
53890,Comedy
53890,Fantasy
53618,Action
53618,Adventure
53618,Fantasy
53443,Gourmet
52755,Action
52755,Fantasy
51347,Action
38262,Comedy
16906,Comedy
17345,Ecchi
14989,Action
37755,Comedy
37561,Action
37561,Sci-Fi
37598,Action
37598,Supernatural
34525,Fantasy
34525,Slice of Life
34501,Action
34394,Comedy
39572,Adventure
39572,Comedy
39572,Fantasy
33880,Comedy
33739,Comedy
33145,Mystery
40464,Drama
40526,Comedy
40526,Fantasy
40830,Drama
31785,Action
31785,Drama
31785,Romance
31785,Supernatural
40893,Comedy
40893,Romance
31683,Slice of Life
31673,Comedy
31157,Comedy
41364,Slice of Life
9391,Action
9391,Adventure
9391,Sci-Fi
9291,Fantasy
9061,Adventure
9061,Fantasy
25861,Comedy
25861,Girls Love
6917,Comedy
2086,Adventure
2086,Comedy
2086,Fantasy
24705,Action
24705,Comedy
24705,Romance
24705,Sci-Fi
23897,Slice of Life
23697,Action
23697,Comedy
22745,Romance
5454,Comedy
37262,Action
37262,Adventure
37262,Fantasy
5070,Action
5070,Sci-Fi
21167,Fantasy
46471,Comedy
46471,Mystery
46471,Romance
4790,Drama
20799,Adventure
20799,Fantasy
4536,Comedy
4536,Sci-Fi
4511,Adventure
4511,Slice of Life
3923,Action
3923,Adventure
3923,Comedy
3866,Drama
925,Action
925,Adventure
925,Sci-Fi
16518,Adventure
16518,Fantasy
16149,Comedy
16149,Romance
16149,Sports
808,Action
808,Adventure
808,Comedy
808,Fantasy
808,Romance
808,Ecchi
783,Comedy
783,Ecchi
15067,Adventure
15067,Comedy
38982,Action
38982,Drama
38982,Sci-Fi
622,Drama
622,Romance
622,Sci-Fi
14317,Sci-Fi
591,Comedy
591,Romance
591,Supernatural
591,Ecchi
13757,Drama
13757,Romance
2046,Comedy
2046,Fantasy
2046,Romance
10260,Action
10260,Adventure
10260,Fantasy
10244,Adventure
10244,Comedy
1495,Drama
1495,Sci-Fi
10138,Adventure
50606,Action
50606,Comedy
50606,Romance
50606,Supernatural
50606,Ecchi
9818,Comedy
59596,Action
59596,Adventure
59596,Comedy
59596,Fantasy
58901,Supernatural
56207,Action
56207,Fantasy
59505,Horror
59505,Mystery
58628,Drama
58628,Fantasy
58628,Mystery
57876,Action
57876,Adventure
57876,Fantasy
55185,Action
54259,Comedy
54259,Romance
53627,Sci-Fi
53603,Action
53603,Sci-Fi
51632,Adventure
51632,Comedy
51632,Fantasy
51632,Romance
32682,Horror
32682,Mystery
32682,Supernatural
31598,Action
31598,Fantasy
14199,Comedy
14199,Romance
14199,Ecchi
37608,Romance
15037,Horror
15037,Mystery
39728,Fantasy
39728,Sci-Fi
39728,Slice of Life
33881,Comedy
31593,Action
31593,Adventure
31593,Fantasy
31593,Mystery
42149,Action
42149,Sci-Fi
39199,Action
39199,Drama
39199,Fantasy
23499,Comedy
6127,Comedy
6127,Gourmet
21333,Drama
4667,Adventure
4667,Fantasy
25397,Action
25397,Fantasy
25397,Romance
25397,Ecchi
48543,Action
48543,Fantasy
2973,Fantasy
2973,Sci-Fi
16101,Fantasy
15961,Action
15961,Comedy
50571,Comedy
50571,Fantasy
608,Adventure
608,Sci-Fi
34454,Fantasy
2560,Action
2560,Drama
2560,Sci-Fi
2419,Romance
2419,Sci-Fi
13169,Adventure
13169,Comedy
13169,Fantasy
49952,Fantasy
12665,Comedy
12665,Girls Love
2028,Sci-Fi
11385,Action
11385,Adventure
11385,Comedy
11385,Fantasy
10723,Comedy
10723,Drama
10723,Romance
19367,Action
19367,Adventure
19367,Sci-Fi
10516,Drama
10516,Supernatural
1456,Action
1456,Adventure
1456,Mystery
125,Comedy
125,Romance
3003,Drama
3003,Fantasy
60167,Romance
56713,Slice of Life
54925,Romance
54973,Comedy
54369,Avant Garde
54021,Action
54021,Fantasy
52992,Slice of Life
51482,Sports
51252,Action
51252,Mystery
13283,Slice of Life
12921,Comedy
12921,Slice of Life
34475,Action
34475,Fantasy
32601,Romance
18771,Action
36784,Comedy
36185,Romance
37531,Drama
37531,Supernatural
21677,Action
21677,Romance
21677,Sci-Fi
39230,Slice of Life
39231,Action
39231,Sci-Fi
34368,Drama
34368,Mystery
34368,Supernatural
40178,Comedy
40178,Sci-Fi
37346,Action
37346,Comedy
37346,Fantasy
34213,Slice of Life
34213,Ecchi
41421,Comedy
30625,Comedy
9390,Action
9390,Adventure
9390,Sci-Fi
9095,Adventure
8999,Action
8999,Adventure
28861,Comedy
40176,Ecchi
7681,Adventure
7681,Fantasy
7681,Sci-Fi
2142,Adventure
2142,Comedy
2142,Fantasy
2127,Action
2127,Adventure
2127,Sci-Fi
5908,Comedy
21033,Comedy
21033,Fantasy
21033,Romance
21033,Ecchi
4941,Mystery
4467,Fantasy
4154,Action
4154,Adventure
4154,Comedy
4154,Fantasy
999,Action
999,Adventure
999,Drama
999,Horror
999,Mystery
999,Supernatural
49119,Comedy
49112,Comedy
49869,Comedy
49869,Romance
49869,Ecchi
12611,Comedy
12611,Fantasy
2180,Comedy
2180,Romance
2180,Sports
2114,Action
2114,Fantasy
10917,Adventure
10917,Comedy
10917,Fantasy
10611,Comedy
10611,Romance
10611,Ecchi
1661,Action
1661,Sci-Fi
1661,Ecchi
20971,Romance
9857,Adventure
1276,Action
1276,Adventure
1276,Drama
1276,Fantasy
1153,Action
1153,Drama
1153,Romance
51119,Action
61349,Action
61349,Sci-Fi
61259,Sci-Fi
60380,Action
57996,Fantasy
57650,Romance
54431,Action
54431,Adventure
54431,Comedy
54431,Fantasy
52881,Slice of Life
51602,Comedy
51735,Action
51735,Adventure
51735,Fantasy
35183,Sports
17651,Action
17651,Drama
37179,Adventure
37179,Comedy
37179,Fantasy
38180,Action
38549,Adventure
38549,Comedy
38935,Ecchi
35122,Action
35122,Fantasy
35116,Comedy
35116,Drama
35116,Supernatural
34208,Sci-Fi
34208,Slice of Life
34117,Drama
34117,Slice of Life
39699,Sports
32353,Comedy
32353,Slice of Life
40876,Action
40876,Fantasy
40876,Romance
40876,Sci-Fi
41179,Slice of Life
41190,Adventure
30803,Comedy
30803,Slice of Life
38610,Comedy
38610,Romance
38610,Ecchi
42435,Romance
28207,Comedy
2367,Comedy
2367,Ecchi
43444,Drama
7083,Adventure
7083,Supernatural
6730,Supernatural
1999,Drama
1999,Sci-Fi
23581,Adventure
23581,Drama
23309,Action
23309,Ecchi
44072,Comedy
1807,Action
1807,Comedy
1807,Fantasy
1807,Romance
5819,Fantasy
1746,Action
1746,Adventure
1746,Sci-Fi
5742,Action
5742,Adventure
5742,Sci-Fi
4760,Ecchi
4756,Drama
4756,Mystery
20469,Drama
3819,Drama
48842,Action
48842,Adventure
48842,Comedy
48842,Fantasy
677,Drama
677,Romance
2564,Comedy
2564,Romance
2564,Sci-Fi
2319,Action
2319,Adventure
2319,Sci-Fi
2085,Adventure
2085,Comedy
2085,Fantasy
315,Action
315,Drama
315,Fantasy
315,Romance
10739,Action
10739,Avant Garde
10739,Comedy
10739,Supernatural
10739,Ecchi
1733,Action
1733,Sci-Fi
10547,Drama
10547,Fantasy
10547,Romance
10547,Ecchi
50383,Fantasy
10324,Comedy
48776,Fantasy
61674,Action
61674,Adventure
61674,Comedy
61674,Fantasy
57600,Boys Love
57600,Comedy
57600,Supernatural
57488,Fantasy
56579,Action
56579,Adventure
56579,Fantasy
53076,Adventure
53076,Comedy
52948,Action
51490,Action
51490,Fantasy
50202,Comedy
16680,Action
16680,Adventure
16680,Comedy
16680,Fantasy
38254,Drama
7017,Comedy
31156,Action
31156,Drama
31156,Fantasy
35770,Romance
36571,Action
36571,Adventure
36571,Sci-Fi
36992,Drama
36992,Horror
36992,Supernatural
37046,Comedy
37395,Action
37395,Adventure
37395,Comedy
37395,Sci-Fi
38835,Comedy
34802,Slice of Life
34799,Comedy
34799,Sci-Fi
5772,Comedy
5772,Romance
5772,Ecchi
33876,Comedy
32476,Comedy
40849,Action
40849,Adventure
40849,Comedy
40849,Fantasy
41030,Action
41030,Sci-Fi
41374,Fantasy
30524,Horror
30524,Mystery
30524,Supernatural
42319,Comedy
42319,Supernatural
42829,Comedy
42829,Sports
28673,Mystery
28673,Sci-Fi
28673,Suspense
42959,Comedy
27721,Fantasy
7364,Action
7364,Adventure
7364,Fantasy
1964,Action
1964,Adventure
1964,Sci-Fi
105,Comedy
105,Romance
1810,Drama
1810,Fantasy
1810,Romance
44213,Action
44213,Adventure
44213,Fantasy
44213,Mystery
5849,Action
5849,Comedy
9035,Adventure
45053,Action
45557,Action
45557,Drama
5147,Comedy
30757,Action
30757,Fantasy
4910,Adventure
4910,Comedy
4910,Fantasy
4242,Action
4242,Adventure
4101,Comedy
4101,Fantasy
3952,Action
3952,Adventure
3952,Drama
3952,Horror
3952,Mystery
3952,Romance
3952,Supernatural
3905,Adventure
3905,Award Winning
3905,Fantasy
3488,Drama
3488,Romance
17211,Comedy
3190,Sci-Fi
836,Comedy
836,Drama
836,Romance
833,Action
833,Comedy
833,Sci-Fi
16119,Comedy
817,Comedy
817,Romance
817,Sci-Fi
49392,Comedy
2686,Adventure
2686,Sci-Fi
49757,Adventure
49757,Comedy
49757,Fantasy
49796,Slice of Life
2285,Action
2285,Adventure
2285,Sci-Fi
21679,Comedy
21679,Romance
21679,Supernatural
21679,Ecchi
12437,Comedy
12437,Girls Love
4744,Comedy
4744,Romance
4744,Ecchi
50653,Drama
50653,Mystery
50653,Suspense
42892,Action
42892,Drama
42892,Supernatural
9882,Horror
9882,Mystery
9796,Comedy
1270,Action
1270,Sci-Fi
51045,Adventure
58644,Comedy
58491,Sports
56093,Romance
55913,Avant Garde
55307,Slice of Life
53878,Adventure
53878,Comedy
53878,Fantasy
50001,Comedy
53730,Action
53730,Adventure
53730,Comedy
53730,Fantasy
52216,Supernatural
51618,Suspense
42135,Action
42135,Adventure
42135,Comedy
42135,Fantasy
20033,Comedy
36404,Slice of Life
8248,Drama
8248,Sci-Fi
31866,Action
31866,Adventure
31866,Sci-Fi
10905,Slice of Life
31144,Slice of Life
33242,Comedy
33242,Romance
36241,Fantasy
36423,Action
36825,Action
36825,Adventure
36825,Comedy
36825,Fantasy
37641,Comedy
37641,Supernatural
6492,Drama
6492,Fantasy
39414,Supernatural
33957,Action
40035,Slice of Life
33498,Comedy
33498,Drama
33498,Sports
32751,Comedy
32751,Fantasy
40714,Comedy
40714,Supernatural
31530,Sci-Fi
41080,Action
41080,Sci-Fi
31448,Comedy
41191,Supernatural
29863,Adventure
29863,Fantasy
28447,Action
28447,Adventure
28447,Fantasy
43438,Fantasy
43438,Supernatural
6310,Comedy
6310,Sports
6130,Comedy
5496,Action
5496,Adventure
9202,Action
9202,Fantasy
9202,Ecchi
20185,Adventure
20185,Comedy
4339,Drama
4339,Sports
4199,Adventure
4199,Drama
4199,Romance
3877,Adventure
3433,Sci-Fi
3433,Sports
17493,Drama
920,Comedy
36511,Action
36511,Fantasy
36511,Horror
36511,Suspense
16331,Action
16331,Sci-Fi
2771,Comedy
2771,Romance
685,Drama
685,Romance
685,Sci-Fi
14957,Comedy
14957,Fantasy
49683,Romance
12715,Action
12715,Adventure
12439,Action
12439,Drama
12439,Sci-Fi
50062,Suspense
4459,Adventure
4459,Award Winning
4459,Comedy
4459,Fantasy
1918,Comedy
1904,Fantasy
1904,Romance
1799,Action
1799,Adventure
1799,Drama
1799,Romance
1682,Action
1682,Drama
1682,Sci-Fi
257,Action
257,Ecchi
1617,Comedy
1617,Slice of Life
10196,Ecchi
10005,Action
10005,Adventure
10005,Sci-Fi
1298,Action
1298,Comedy
1298,Sci-Fi
1178,Action
1178,Sci-Fi
41802,Action
41802,Adventure
41802,Fantasy
41802,Romance
37740,Romance
35427,Comedy
60009,Mystery
60009,Supernatural
59561,Fantasy
59499,Adventure
57544,Action
57544,Gourmet
57544,Sci-Fi
57099,Drama
55739,Action
55739,Adventure
55739,Fantasy
55302,Fantasy
52754,Action
52754,Fantasy
52221,Action
52221,Fantasy
51711,Action
51711,Fantasy
42139,Action
42139,Adventure
42139,Comedy
42139,Fantasy
42137,Action
42137,Adventure
42137,Comedy
42137,Fantasy
37188,Slice of Life
36485,Slice of Life
36246,Action
36246,Fantasy
30721,Comedy
30721,Sci-Fi
8302,Ecchi
37090,Action
37090,Supernatural
37424,Comedy
37424,Slice of Life
38149,Action
38179,Adventure
36267,Action
36267,Comedy
36267,Sci-Fi
39115,Comedy
39115,Sci-Fi
35129,Drama
5225,Action
5225,Comedy
40180,Fantasy
32805,Comedy
39960,Comedy
32010,Comedy
32010,Gourmet
41667,Action
41667,Adventure
41667,Fantasy
34427,Action
34427,Sci-Fi
29419,Action
29419,Adventure
29419,Comedy
29419,Fantasy
8438,Adventure
8438,Comedy
8438,Fantasy
7793,Sports
7522,Action
7522,Adventure
7522,Fantasy
7334,Action
7334,Adventure
7334,Fantasy
37254,Action
37254,Adventure
37254,Comedy
37254,Fantasy
22053,Comedy
22053,Horror
22053,Mystery
22053,Supernatural
5288,Action
5288,Drama
5288,Mystery
5288,Romance
5288,Sci-Fi
21495,Comedy
45961,Comedy
45961,Fantasy
38046,Action
38046,Fantasy
38046,Sci-Fi
20907,Adventure
4574,Action
4574,Sci-Fi
1370,Avant Garde
1370,Award Winning
1370,Comedy
1370,Fantasy
1370,Suspense
48177,Drama
17233,Drama
17233,Fantasy
3202,Fantasy
3022,Action
3022,Romance
3022,Sci-Fi
4640,Comedy
4640,Drama
4640,Sci-Fi
2710,Comedy
14693,Slice of Life
2617,Comedy
2601,Action
2601,Sci-Fi
562,Adventure
562,Sci-Fi
49913,Sports
2060,Action
2060,Adventure
2060,Sci-Fi
1905,Fantasy
1905,Romance
1905,Supernatural
50398,Action
50398,Fantasy
50398,Supernatural
39523,Action
39523,Adventure
39523,Fantasy
10210,Adventure
10210,Comedy
1396,Drama
1396,Sci-Fi
1396,Sports
9858,Adventure
3503,Comedy
3503,Romance
3503,Supernatural
3503,Ecchi
23,Sports
51131,Action
51131,Adventure
51131,Fantasy
59875,Fantasy
56588,Slice of Life
55891,Romance
54841,Avant Garde
54841,Horror
54841,Suspense
53584,Romance
31422,Sports
31608,Comedy
31608,Sports
37152,Action
37152,Adventure
37152,Mystery
37152,Romance
35215,Slice of Life
39244,Action
39333,Action
39333,Romance
39333,Sci-Fi
39421,Supernatural
32728,Drama
31150,Adventure
31150,Comedy
29910,Action
29910,Fantasy
29722,Comedy
29722,Gourmet
2550,Comedy
7117,Drama
6981,Comedy
25083,Adventure
25083,Slice of Life
43711,Drama
6226,Action
6226,Drama
6226,Fantasy
5933,Adventure
5933,Drama
44233,Action
44233,Sci-Fi
21121,Romance
4933,Action
4933,Fantasy
4933,Sci-Fi
24175,Comedy
24175,Romance
24175,Ecchi
4469,Comedy
4469,Fantasy
4469,Sci-Fi
4121,Sports
3399,Action
3399,Sci-Fi
38464,Action
38464,Drama
38464,Romance
38464,Sci-Fi
769,Action
769,Comedy
769,Sci-Fi
769,Ecchi
707,Comedy
707,Drama
2698,Action
2698,Drama
2698,Suspense
13251,Adventure
13251,Comedy
13251,Fantasy
2207,Adventure
2207,Comedy
2207,Fantasy
2045,Comedy
2045,Fantasy
2045,Romance
1867,Adventure
1867,Sci-Fi
1704,Action
1704,Adventure
1704,Sci-Fi
39811,Action
39811,Fantasy
241,Comedy
241,Fantasy
241,Romance
241,Ecchi
10207,Adventure
10207,Comedy
10207,Supernatural
6205,Action
6205,Comedy
6205,Romance
6205,Ecchi
9731,Action
9731,Supernatural
19685,Comedy
19685,Romance
59744,Drama
59744,Fantasy
59115,Sci-Fi
58445,Action
58445,Adventure
58445,Fantasy
58275,Action
58275,Supernatural
57070,Fantasy
56791,Comedy
42753,Comedy
52830,Action
52830,Adventure
52830,Fantasy
52558,Fantasy
51377,Action
51381,Action
13449,Sports
38425,Action
38425,Ecchi
33875,Comedy
35805,Comedy
36240,Fantasy
37112,Comedy
37112,Sci-Fi
38937,Action
38937,Supernatural
6117,Comedy
6117,Romance
39339,Comedy
39849,Comedy
40157,Drama
40157,Sci-Fi
40249,Comedy
40249,Fantasy
30313,Adventure
30313,Comedy
42285,Action
42285,Fantasy
8450,Drama
43020,Slice of Life
8026,Action
8026,Adventure
7336,Action
7336,Sci-Fi
6468,Comedy
6468,Slice of Life
5386,Action
5276,Fantasy
5276,Slice of Life
21861,Avant Garde
21861,Award Winning
21861,Drama
21861,Horror
21571,Adventure
21571,Comedy
21571,Fantasy
4961,Action
4961,Adventure
4961,Fantasy
4961,Sci-Fi
20965,Fantasy
4470,Action
4470,Adventure
4470,Fantasy
4470,Sci-Fi
19271,Sports
1235,Comedy
1235,Romance
1235,Ecchi
3522,Action
3522,Sci-Fi
1012,Comedy
17205,Comedy
3075,Adventure
3075,Sci-Fi
715,Comedy
715,Drama
715,Romance
715,Ecchi
48742,Adventure
48742,Comedy
48742,Fantasy
49471,Drama
2631,Comedy
2631,Fantasy
2631,Sci-Fi
2631,Sports
2485,Comedy
2485,Fantasy
2485,Romance
425,Boys Love
425,Comedy
425,Sports
2073,Horror
1884,Comedy
10774,Sports
1570,Comedy
1570,Romance
1444,Adventure
1444,Sci-Fi
49297,Action
49297,Adventure
49297,Fantasy
9770,Fantasy
50204,Mystery
50204,Sci-Fi
59144,Action
59144,Adventure
59144,Fantasy
56744,Fantasy
56005,Drama
56005,Fantasy
54468,Fantasy
54468,Mystery
53907,Comedy
36914,Comedy
9121,Action
9121,Sci-Fi
33010,Action
33010,Avant Garde
33010,Comedy
33010,Sci-Fi
24489,Action
24489,Drama
36345,Action
36345,Adventure
36345,Fantasy
36345,Sci-Fi
32379,Action
32379,Adventure
32379,Drama
32379,Fantasy
32379,Horror
37661,Fantasy
37777,Drama
38078,Sci-Fi
38412,Slice of Life
31994,Avant Garde
31994,Horror
31994,Supernatural
39223,Action
39227,Sports
39709,Comedy
33687,Action
33687,Adventure
33687,Sci-Fi
33686,Action
33686,Adventure
33686,Sci-Fi
33195,Action
33195,Adventure
33195,Comedy
33195,Fantasy
40251,Action
40251,Adventure
40251,Sci-Fi
40594,Adventure
40594,Comedy
40594,Fantasy
31115,Comedy
35714,Avant Garde
35714,Horror
35714,Supernatural
42432,Drama
9028,Comedy
9028,Sports
8985,Comedy
28911,Slice of Life
7601,Fantasy
40964,Action
40964,Fantasy
6900,Comedy
24935,Comedy
6728,Drama
6579,Action
6579,Drama
43760,Adventure
43760,Drama
43760,Fantasy
6230,Action
6230,Drama
6148,Comedy
6148,Slice of Life
1789,Action
1789,Sci-Fi
5240,Comedy
47163,Action
47163,Adventure
47163,Fantasy
37979,Action
37979,Drama
18549,Comedy
3720,Fantasy
1085,Adventure
1085,Horror
1085,Mystery
17873,Action
17873,Adventure
17873,Comedy
17873,Fantasy
3448,Action
980,Comedy
980,Sci-Fi
17020,Drama
17020,Romance
3201,Fantasy
3114,Action
3114,Adventure
3114,Comedy
3114,Sci-Fi
718,Comedy
718,Drama
718,Romance
718,Ecchi
683,Comedy
683,Fantasy
683,Romance
2699,Action
2699,Comedy
2699,Sci-Fi
2687,Comedy
2687,Fantasy
49423,Adventure
49423,Fantasy
14145,Drama
14145,Romance
2567,Adventure
49612,Action
49612,Adventure
49612,Fantasy
2503,Adventure
2503,Comedy
49697,Slice of Life
2456,Adventure
2456,Award Winning
2456,Drama
2456,Fantasy
2312,Action
2312,Romance
2312,Sci-Fi
2281,Adventure
2281,Comedy
2281,Fantasy
2281,Mystery
2281,Sci-Fi
12163,Drama
12163,Sci-Fi
2061,Action
2061,Sci-Fi
402,Adventure
402,Comedy
402,Fantasy
10949,Comedy
10949,Sci-Fi
10901,Drama
1794,Action
1794,Adventure
1794,Comedy
1794,Sci-Fi
36560,Comedy
36560,Romance
36560,Ecchi
10346,Sports
1428,Action
1428,Adventure
1428,Comedy
1428,Mystery
9866,Drama
1297,Action
1297,Comedy
1297,Sci-Fi
9535,Drama
9535,Slice of Life
1159,Adventure
1159,Comedy
1159,Sci-Fi
51000,Comedy
42072,Adventure
42072,Fantasy
59748,Suspense
58302,Slice of Life
57502,Action
56342,Action
56342,Adventure
56342,Fantasy
53196,Action
53196,Fantasy
52928,Sci-Fi
51746,Action
51746,Sci-Fi
51746,Supernatural
51404,Fantasy
49871,Comedy
49871,Ecchi
42138,Action
42138,Adventure
42138,Comedy
42138,Fantasy
18155,Comedy
17219,Comedy
17219,Fantasy
20655,Fantasy
30895,Mystery
30895,Romance
33531,Sci-Fi
36742,Comedy
36894,Action
36894,Comedy
36894,Sci-Fi
36942,Comedy
36942,Slice of Life
37866,Comedy
37866,Sci-Fi
38021,Action
38021,Fantasy
38807,Action
38807,Adventure
38807,Fantasy
39295,Comedy
39295,Supernatural
33882,Comedy
39993,Comedy
39993,Fantasy
40334,Slice of Life
32888,Adventure
32901,Comedy
32901,Romance
32901,Ecchi
40850,Sports
42431,Romance
42723,Action
42723,Adventure
42723,Sci-Fi
8139,Adventure
8139,Comedy
8139,Drama
7405,Adventure
7279,Action
7279,Drama
7279,Sci-Fi
6743,Comedy
6743,Fantasy
5925,Fantasy
22361,Adventure
22361,Comedy
21703,Action
21703,Adventure
21703,Comedy
21703,Fantasy
5022,Action
5022,Sci-Fi
47005,Comedy
19953,Slice of Life
3975,Comedy
3975,Slice of Life
3810,Adventure
3810,Comedy
3810,Fantasy
3736,Comedy
3736,Fantasy
36915,Action
36915,Fantasy
888,Action
888,Sci-Fi
13047,Adventure
2277,Adventure
2277,Comedy
2277,Fantasy
301,Action
301,Adventure
301,Comedy
301,Mystery
50406,Action
50406,Adventure
50406,Fantasy
20931,Comedy
20931,Slice of Life
1607,Drama
1607,Romance
1607,Supernatural
184,Action
184,Sci-Fi
36037,Action
36037,Comedy
36037,Ecchi
60674,Fantasy
60063,Action
60063,Adventure
60063,Fantasy
57746,Supernatural
57556,Action
57556,Adventure
57556,Comedy
57556,Fantasy
56703,Slice of Life
54860,Action
54860,Mystery
54860,Sci-Fi
54017,Action
54017,Horror
54017,Supernatural
53335,Supernatural
53703,Gourmet
51219,Comedy
51219,Fantasy
15177,Action
15177,Romance
15177,Sci-Fi
36397,Sci-Fi
36397,Slice of Life
37245,Action
37245,Sci-Fi
32301,Action
32301,Sci-Fi
10666,Comedy
10666,Sci-Fi
10832,Slice of Life
31804,Comedy
26443,Action
26443,Adventure
26443,Ecchi
36498,Comedy
38068,Sports
38600,Action
38600,Mystery
38600,Sci-Fi
69,Action
69,Fantasy
69,Sci-Fi
38882,Sports
6705,Comedy
35158,Supernatural
35158,Suspense
39298,Action
39298,Comedy
32989,Comedy
32989,Fantasy
32222,Comedy
32222,Supernatural
40971,Sci-Fi
6500,Action
6500,Fantasy
6500,Ecchi
30531,Boys Love
30531,Comedy
29363,Comedy
29363,Romance
8709,Adventure
8709,Comedy
8709,Fantasy
8304,Adventure
6919,Action
6919,Drama
6878,Adventure
6878,Comedy
24763,Comedy
6472,Horror
1734,Comedy
1734,Drama
1734,Romance
21099,Fantasy
4928,Comedy
4928,Drama
4597,Action
4597,Adventure
18857,Comedy
18857,Romance
1083,Drama
17791,Sci-Fi
48466,Action
48466,Sci-Fi
1048,Horror
1048,Supernatural
3417,Comedy
3417,Ecchi
3100,Action
864,Sci-Fi
2895,Adventure
2895,Award Winning
2789,Adventure
2789,Fantasy
614,Romance
13639,Award Winning
13639,Slice of Life
2464,Adventure
2464,Comedy
2464,Fantasy
12991,Comedy
12991,Sci-Fi
2071,Drama
2071,Romance
2062,Action
2062,Sci-Fi
382,Comedy
382,Romance
382,Ecchi
1981,Mystery
1981,Sci-Fi
1793,Action
1793,Avant Garde
1793,Drama
1793,Sci-Fi
3571,Adventure
1328,Comedy
1328,Romance
1328,Sports
9806,Action
9806,Fantasy
1217,Boys Love
1217,Comedy
1217,Drama
51036,Comedy
51036,Fantasy
33012,Drama
33012,Romance
33012,Sci-Fi
58774,Comedy
58774,Romance
57434,Fantasy
57738,Fantasy
56392,Action
56014,Romance
54261,Action
54261,Adventure
54261,Fantasy
54136,Avant Garde
51509,Sci-Fi
51520,Action
51520,Fantasy
51340,Comedy
51340,Fantasy
37044,Drama
37044,Romance
35650,Adventure
35650,Fantasy
35650,Romance
7605,Adventure
7605,Comedy
7605,Fantasy
33759,Action
33759,Fantasy
31044,Fantasy
31044,Slice of Life
31223,Action
31223,Sci-Fi
36542,Romance
36542,Sci-Fi
37789,Comedy
37789,Slice of Life
39589,Action
39589,Adventure
33878,Comedy
35300,Drama
33734,Gourmet
33156,Comedy
3914,Avant Garde
3914,Fantasy
3914,Romance
41217,Fantasy
41299,Comedy
41299,Slice of Life
30921,Supernatural
30485,Mystery
30485,Sci-Fi
30485,Supernatural
30485,Suspense
3166,Action
3166,Fantasy
3166,Horror
3166,Sci-Fi
3146,Adventure
3146,Sci-Fi
30196,Romance
8956,Action
8956,Adventure
27693,Romance
43565,Action
43565,Fantasy
43565,Horror
43565,Supernatural
24681,Adventure
24681,Drama
24681,Slice of Life
34565,Action
34565,Supernatural
5600,Adventure
21595,Action
21595,Fantasy
47391,Action
47391,Adventure
47391,Fantasy
4371,Action
4371,Sci-Fi
38749,Sci-Fi
38749,Suspense
19029,Comedy
3873,Adventure
3812,Adventure
3723,Comedy
48343,Fantasy
3619,Comedy
3619,Romance
8840,Action
48633,Suspense
48644,Action
48644,Comedy
48644,Sci-Fi
3232,Action
3232,Adventure
3232,Comedy
3232,Sci-Fi
3164,Comedy
3164,Slice of Life
910,Adventure
910,Comedy
3065,Action
3065,Adventure
3065,Comedy
3065,Fantasy
2881,Action
2881,Drama
2791,Action
2791,Award Winning
2791,Comedy
15219,Action
15219,Sci-Fi
49431,Slice of Life
14675,Action
14675,Comedy
14675,Sci-Fi
14237,Action
14237,Sci-Fi
14237,Slice of Life
2267,Mystery
470,Comedy
470,Romance
470,Ecchi
12483,Comedy
12483,Horror
12483,Mystery
12483,Supernatural
2052,Romance
2052,Sports
50091,Fantasy
33047,Action
33047,Fantasy
1624,Drama
1624,Romance
10390,Comedy
1598,Adventure
1598,Sci-Fi
9936,Action
9936,Ecchi
50438,Comedy
10180,Romance
10180,Supernatural
1460,Action
1460,Adventure
1460,Drama
1460,Sci-Fi
1443,Action
1443,Adventure
1443,Sci-Fi
576,Comedy
576,Fantasy
576,Romance
31338,Action
31338,Romance
31338,Sci-Fi
31338,Ecchi
25283,Action
25283,Drama
25283,Fantasy
61271,Comedy
61271,Romance
61271,Supernatural
50385,Action
50385,Adventure
50385,Comedy
50385,Drama
58216,Action
58216,Adventure
58216,Fantasy
56850,Action
56850,Sci-Fi
56401,Sci-Fi
55859,Fantasy
55738,Comedy
55738,Gourmet
55288,Fantasy
55288,Slice of Life
34670,Action
34670,Fantasy
7079,Horror
7079,Mystery
7079,Supernatural
7079,Suspense
33806,Comedy
33806,Sci-Fi
9943,Romance
31319,Romance
29035,Comedy
28385,Comedy
28385,Romance
38328,Action
38328,Sci-Fi
34893,Drama
34893,Fantasy
39334,Fantasy
34550,Comedy
34550,Drama
34455,Fantasy
39654,Comedy
39654,Slice of Life
39736,Action
39736,Mystery
39736,Supernatural
33247,Romance
12929,Action
12929,Adventure
12929,Fantasy
12929,Sci-Fi
31676,Action
31676,Fantasy
31676,Supernatural
31566,Comedy
41182,Comedy
30965,Action
30965,Adventure
30028,Adventure
30028,Fantasy
30028,Supernatural
9333,Comedy
9333,Romance
9333,Sci-Fi
8786,Comedy
8786,Sports
8553,Action
8553,Adventure
8553,Comedy
8553,Sci-Fi
8518,Slice of Life
26189,Adventure
26189,Comedy
26189,Romance
7124,Action
7124,Comedy
7124,Fantasy
7124,Sci-Fi
7112,Avant Garde
7112,Drama
7112,Fantasy
7112,Mystery
2153,Fantasy
25069,Adventure
25069,Drama
23711,Drama
6234,Comedy
6028,Comedy
6028,Sci-Fi
4427,Action
4427,Adventure
1361,Sci-Fi
19151,Romance
19151,Sports
19151,Ecchi
3822,Adventure
17813,Supernatural
1039,Drama
1039,Romance
1039,Supernatural
17551,Comedy
17551,Fantasy
17551,Supernatural
3401,Adventure
3401,Fantasy
17403,Mystery
3011,Romance
835,Drama
835,Romance
15607,Drama
15607,Slice of Life
48415,Action
48415,Fantasy
14889,Comedy
14889,Ecchi
2233,Comedy
374,Action
374,Comedy
374,Romance
374,Sci-Fi
374,Ecchi
11268,Comedy
11268,Slice of Life
11069,Adventure
11069,Comedy
11069,Fantasy
1753,Comedy
1537,Action
1537,Adventure
1537,Sci-Fi
50583,Adventure
50583,Fantasy
1158,Adventure
1158,Comedy
1158,Supernatural
9395,Adventure
59564,Horror
59564,Supernatural
59564,Suspense
56702,Comedy
55341,Gourmet
54464,Fantasy
54330,Slice of Life
53402,Comedy
53402,Romance
53402,Sci-Fi
53402,Supernatural
51060,Avant Garde
10073,Action
10073,Fantasy
10073,Ecchi
8815,Comedy
31631,Fantasy
28915,Slice of Life
38268,Action
38268,Comedy
38268,Fantasy
36544,Action
36544,Comedy
36544,Supernatural
38628,Action
38628,Mystery
38628,Sci-Fi
39185,Drama
34661,Action
34661,Fantasy
19009,Comedy
19009,Fantasy
34198,Fantasy
39643,Comedy
33737,Action
33737,Sci-Fi
40143,Action
40143,Fantasy
33271,Action
33271,Sci-Fi
40606,Sports
33836,Romance
31911,Adventure
31911,Fantasy
30249,Drama
30249,Slice of Life
29165,Comedy
29165,Ecchi
7751,Comedy
7666,Comedy
7666,Sci-Fi
7568,Comedy
6555,Adventure
6555,Comedy
6555,Fantasy
23341,Comedy
1862,Action
1862,Sci-Fi
1862,Ecchi
5844,Adventure
5844,Comedy
5844,Fantasy
5292,Action
5292,Adventure
45600,Fantasy
5056,Comedy
5056,Ecchi
4975,Mystery
4975,Sci-Fi
4975,Supernatural
4975,Suspense
4856,Action
4856,Fantasy
4855,Action
4855,Fantasy
1262,Action
1262,Adventure
1262,Sci-Fi
4049,Adventure
4049,Comedy
4049,Fantasy
3932,Action
3932,Sci-Fi
3869,Comedy
3869,Fantasy
3842,Adventure
3676,Action
3676,Sci-Fi
17689,Drama
17669,Comedy
17669,Sports
909,Adventure
909,Sci-Fi
16740,Comedy
3099,Action
3099,Fantasy
16576,Action
16576,Fantasy
3035,Action
3035,Sci-Fi
3015,Action
3015,Drama
3015,Sci-Fi
825,Adventure
825,Drama
15913,Adventure
15913,Comedy
15913,Fantasy
2823,Comedy
2823,Fantasy
48810,Adventure
48810,Sci-Fi
2534,Drama
2534,Fantasy
2534,Romance
2534,Sci-Fi
2366,Supernatural
13175,Drama
2162,Adventure
1849,Action
1849,Adventure
1849,Fantasy
10924,Action
10924,Adventure
10924,Fantasy
10924,Ecchi
295,Adventure
295,Drama
295,Sci-Fi
50337,Supernatural
1671,Action
1671,Adventure
1671,Sci-Fi
9935,Drama
9935,Supernatural
41899,Action
41899,Adventure
41899,Fantasy
41899,Ecchi
60377,Comedy
60377,Mystery
58975,Girls Love
57478,Mystery
57478,Sci-Fi
57478,Suspense
57688,Action
55996,Comedy
55996,Romance
55372,Action
55372,Fantasy
54075,Comedy
54075,Romance
52132,Action
52132,Supernatural
51059,Romance
48976,Action
48976,Adventure
48976,Drama
48976,Fantasy
7596,Comedy
7596,Sci-Fi
26053,Action
26053,Comedy
34403,Comedy
34403,Romance
34403,Ecchi
37438,Action
37438,Mystery
37438,Sci-Fi
37672,Action
37672,Fantasy
38203,Comedy
35504,Action
39282,Action
39282,Adventure
39282,Sci-Fi
39581,Adventure
39581,Comedy
40090,Supernatural
40508,Slice of Life
31050,Action
31050,Sci-Fi
31050,Supernatural
42317,Slice of Life
29255,Action
28715,Action
28715,Sci-Fi
7550,Adventure
7550,Comedy
7550,Fantasy
25457,Action
25457,Sci-Fi
43779,Comedy
43779,Romance
43779,Ecchi
6087,Action
6087,Drama
6087,Sci-Fi
5845,Action
5845,Comedy
5845,Fantasy
5235,Fantasy
5129,Adventure
5129,Sci-Fi
4599,Fantasy
4383,Comedy
4383,Fantasy
4383,Slice of Life
3989,Action
18639,Comedy
18413,Sci-Fi
17785,Comedy
17681,Comedy
17681,Fantasy
3234,Action
3234,Sci-Fi
16530,Comedy
16530,Slice of Life
16347,Comedy
2827,Comedy
2769,Action
2769,Adventure
2769,Sci-Fi
2718,Adventure
2718,Fantasy
49614,Adventure
49614,Comedy
559,Drama
559,Sci-Fi
555,Comedy
555,Girls Love
555,Sci-Fi
2196,Action
2196,Adventure
2196,Fantasy
2196,Sci-Fi
12123,Slice of Life
2047,Fantasy
1903,Action
1903,Sci-Fi
1903,Ecchi
10527,Action
10527,Adventure
10527,Comedy
10527,Fantasy
1574,Adventure
1574,Sci-Fi
10319,Action
10319,Adventure
10319,Sci-Fi
1503,Adventure
1503,Comedy
15119,Action
15119,Comedy
15119,Ecchi
38830,Action
38830,Fantasy
57759,Slice of Life
54718,Slice of Life
53075,Fantasy
51863,Action
51863,Fantasy
51864,Action
51864,Comedy
51864,Fantasy
51456,Romance
51445,Sci-Fi
51233,Avant Garde
16636,Comedy
10693,Action
10693,Mystery
10693,Sci-Fi
8287,Action
8538,Comedy
8538,Romance
9737,Action
9737,Sci-Fi
32684,Boys Love
32684,Comedy
31091,Comedy
13239,Action
13239,Adventure
13239,Sci-Fi
50869,Fantasy
50869,Suspense
35434,Romance
35706,Drama
35706,Fantasy
36032,Drama
36032,Romance
36032,Supernatural
37643,Action
37643,Mystery
37643,Sci-Fi
37643,Supernatural
38456,Drama
34830,Romance
34830,Supernatural
19947,Sports
34337,Romance
34165,Comedy
34003,Romance
40283,Action
40283,Fantasy
32959,Comedy
32959,Slice of Life
37940,Comedy
32264,Romance
11919,Romance
11919,Sports
30455,Action
30455,Sci-Fi
30143,Adventure
30143,Comedy
30143,Sci-Fi
42442,Drama
8285,Action
8285,Adventure
8285,Sci-Fi
42976,Action
42976,Horror
42976,Sci-Fi
7571,Drama
7571,Slice of Life
7295,Fantasy
25365,Comedy
25365,Fantasy
24071,Comedy
24071,Fantasy
6437,Adventure
6437,Comedy
6437,Sci-Fi
23583,Drama
23367,Comedy
47811,Comedy
6979,Adventure
6979,Fantasy
3637,Action
3637,Adventure
3637,Sci-Fi
3315,Action
3315,Sci-Fi
16690,Drama
16690,Slice of Life
3061,Adventure
3061,Sci-Fi
48981,Action
48981,Suspense
773,Adventure
773,Comedy
773,Sci-Fi
773,Ecchi
2809,Adventure
2809,Comedy
2609,Drama
2609,Romance
2552,Comedy
2552,Slice of Life
13215,Award Winning
13215,Drama
13215,Fantasy
13215,Slice of Life
12905,Drama
2261,Horror
2261,Sci-Fi
12267,Adventure
12267,Fantasy
1900,Action
1900,Comedy
1900,Sci-Fi
1701,Comedy
1701,Romance
1701,Sci-Fi
1701,Ecchi
12967,Action
12967,Fantasy
12967,Romance
159,Action
159,Adventure
159,Fantasy
159,Horror
159,Sci-Fi
50644,Action
50644,Sci-Fi
50644,Supernatural
1314,Action
1314,Sci-Fi
9759,Action
9759,Sci-Fi
61334,Action
61334,Fantasy
61334,Sci-Fi
61179,Sports
60537,Comedy
59702,Fantasy
58224,Action
58224,Adventure
58224,Fantasy
42390,Sci-Fi
51268,Avant Garde
50872,Adventure
50872,Slice of Life
50523,Avant Garde
10330,Action
10330,Adventure
10330,Fantasy
31540,Comedy
36629,Comedy
37050,Comedy
37050,Fantasy
37923,Slice of Life
35541,Adventure
39066,Adventure
39066,Mystery
39568,Drama
34197,Mystery
33377,Drama
33377,Mystery
33377,Sci-Fi
32023,Action
32023,Drama
32023,Sci-Fi
30483,Adventure
30483,Drama
30483,Sci-Fi
30177,Comedy
29756,Adventure
9007,Comedy
9007,Fantasy
28853,Adventure
28853,Fantasy
7981,Comedy
7981,Slice of Life
7981,Supernatural
7816,Comedy
7816,Sci-Fi
7779,Drama
7779,Fantasy
27387,Action
27387,Sci-Fi
27387,Suspense
6771,Adventure
6771,Fantasy
6397,Adventure
6397,Slice of Life
6119,Comedy
6119,Gourmet
5917,Drama
5833,Action
5833,Comedy
5833,Sci-Fi
5539,Action
5539,Drama
5539,Sci-Fi
5088,Mystery
4113,Fantasy
4113,Romance
18449,Sci-Fi
3518,Award Winning
3518,Fantasy
17753,Comedy
17753,Slice of Life
17068,Action
3194,Drama
3194,Fantasy
3194,Romance
3132,Adventure
16646,Comedy
16335,Action
16335,Drama
16335,Sci-Fi
15875,Sports
610,Comedy
610,Drama
610,Supernatural
610,Ecchi
2545,Adventure
2545,Drama
1677,Adventure
1677,Drama
1677,Sci-Fi
10219,Comedy
10219,Romance
10219,Ecchi
1346,Action
1346,Adventure
1346,Horror
1346,Mystery
1346,Sci-Fi
1346,Suspense
9531,Adventure
9525,Drama
51008,Drama
51008,Fantasy
59322,Comedy
59322,Fantasy
57691,Comedy
56927,Adventure
56927,Fantasy
56062,Action
56062,Fantasy
56062,Sci-Fi
55756,Romance
55355,Action
55355,Comedy
55355,Mystery
42441,Fantasy
52887,Action
52887,Fantasy
52864,Comedy
52864,Drama
52864,Sci-Fi
52595,Comedy
22785,Comedy
22785,Girls Love
19257,Comedy
37897,Action
37897,Adventure
37897,Sci-Fi
33278,Action
33278,Fantasy
36782,Sci-Fi
37590,Action
37590,Horror
37590,Supernatural
38646,Sports
38647,Sports
38648,Sports
34502,Action
34502,Comedy
34502,Sci-Fi
40139,Drama
40139,Slice of Life
33193,Comedy
32274,Comedy
8678,Action
8603,Slice of Life
8495,Fantasy
8332,Award Winning
8332,Fantasy
8141,Adventure
8141,Comedy
8141,Drama
7477,Adventure
7477,Supernatural
7004,Comedy
25079,Drama
25079,Romance
23579,Romance
23393,Adventure
23393,Slice of Life
5585,Action
5585,Fantasy
5585,Ecchi
5369,Action
5369,Adventure
21969,Comedy
21969,Fantasy
21959,Comedy
21959,Fantasy
5250,Action
5250,Fantasy
5165,Action
5165,Sci-Fi
4099,Fantasy
3864,Action
17749,Comedy
17749,Slice of Life
3507,Avant Garde
3507,Drama
3507,Supernatural
3147,Action
3147,Drama
49208,Comedy
49208,Supernatural
14875,Action
14875,Adventure
14875,Drama
14875,Sci-Fi
13177,Slice of Life
2099,Adventure
2099,Sci-Fi
2099,Supernatural
11773,Adventure
11773,Comedy
11773,Fantasy
11773,Ecchi
11533,Adventure
11533,Comedy
10815,Action
10815,Sci-Fi
10262,Comedy
171,Adventure
171,Drama
171,Fantasy
50696,Action
50696,Adventure
50696,Fantasy
42627,Action
42627,Adventure
42627,Fantasy
51,Action
51,Drama
51,Romance
51,Supernatural
48455,Action
48455,Adventure
48455,Comedy
48455,Mystery
11859,Action
11859,Adventure
11859,Fantasy
11859,Ecchi
55111,Drama
55111,Girls Love
55111,Sci-Fi
54646,Action
54646,Adventure
54646,Fantasy
52273,Action
52273,Adventure
52273,Fantasy
52273,Sci-Fi
51397,Drama
7598,Mystery
7598,Sci-Fi
7598,Suspense
36197,Action
36197,Sci-Fi
9106,Action
9106,Adventure
9106,Fantasy
9598,Comedy
9598,Sci-Fi
23989,Ecchi
38104,Drama
38104,Horror
38104,Suspense
39226,Sports
33038,Comedy
33038,Fantasy
32735,Drama
29998,Comedy
9389,Adventure
9389,Comedy
9389,Sci-Fi
9376,Action
9376,Adventure
9376,Fantasy
9376,Sci-Fi
29603,Sports
8965,Adventure
8965,Comedy
29301,Drama
29301,Romance
42803,Action
42803,Comedy
42803,Sci-Fi
42803,Ecchi
8158,Adventure
8158,Comedy
8158,Fantasy
8158,Horror
8158,Supernatural
26149,Fantasy
6462,Fantasy
6462,Supernatural
6270,Fantasy
6270,Horror
44274,Sports
5308,Action
5308,Comedy
21467,Comedy
20539,Comedy
20539,Slice of Life
4481,Adventure
4095,Award Winning
4095,Fantasy
4095,Horror
4095,Supernatural
3913,Action
3913,Horror
3913,Supernatural
1193,Comedy
1193,Fantasy
28713,Action
28713,Comedy
28713,Romance
28713,Supernatural
28713,Ecchi
3273,Comedy
3273,Sports
887,Action
887,Sci-Fi
2738,Fantasy
44073,Comedy
44073,Fantasy
14373,Sci-Fi
2256,Action
2256,Drama
2210,Drama
2210,Romance
2168,Adventure
2168,Comedy
2168,Sci-Fi
2133,Drama
2133,Fantasy
2133,Slice of Life
1865,Action
1865,Comedy
1865,Sci-Fi
1865,Ecchi
50239,Romance
50640,Romance
50640,Supernatural
10000,Comedy
10000,Supernatural
47161,Action
47161,Adventure
47161,Fantasy
60401,Comedy
60401,Sci-Fi
60084,Fantasy
60084,Mystery
59819,Action
59819,Adventure
59819,Fantasy
59615,Action
59615,Adventure
59615,Fantasy
57835,Fantasy
55371,Action
55371,Fantasy
54362,Action
54362,Drama
54362,Fantasy
54362,Sci-Fi
53530,Supernatural
52015,Comedy
51764,Adventure
51764,Fantasy
50810,Comedy
50810,Fantasy
7158,Comedy
7158,Sci-Fi
10687,Adventure
10687,Fantasy
10687,Sci-Fi
36858,Action
36858,Fantasy
36858,Supernatural
36991,Action
36991,Suspense
6920,Action
6920,Drama
6920,Horror
6920,Supernatural
35128,Drama
34840,Drama
33192,Drama
40568,Comedy
40568,Supernatural
41725,Avant Garde
41725,Sci-Fi
30291,Comedy
30291,Mystery
30246,Comedy
30246,Sci-Fi
30156,Comedy
30156,Fantasy
8792,Comedy
8156,Sports
8156,Supernatural
8154,Adventure
8154,Comedy
8154,Fantasy
8154,Horror
8154,Supernatural
7376,Drama
7376,Fantasy
7376,Romance
24619,Action
24619,Fantasy
6583,Adventure
6583,Comedy
6583,Fantasy
6583,Sci-Fi
1880,Action
1880,Mystery
1880,Sci-Fi
1600,Comedy
1600,Sci-Fi
5223,Comedy
1591,Comedy
1591,Romance
21575,Sci-Fi
4854,Action
4854,Fantasy
4584,Adventure
4584,Comedy
17277,Action
17277,Drama
17277,Supernatural
17147,Comedy
48872,Comedy
48872,Slice of Life
36516,Action
36516,Drama
36516,Romance
36516,Sci-Fi
16574,Action
16574,Fantasy
16486,Sports
49228,Action
49228,Adventure
49228,Fantasy
2702,Adventure
14947,Comedy
14947,Fantasy
14935,Adventure
14935,Comedy
14935,Fantasy
49550,Drama
49550,Romance
13969,Comedy
2428,Adventure
2428,Fantasy
2302,Action
2302,Comedy
2302,Sci-Fi
2226,Fantasy
12657,Fantasy
12497,Comedy
2103,Drama
2008,Comedy
2008,Romance
2008,Sports
11699,Comedy
11699,Slice of Life
1959,Action
1959,Drama
1959,Mystery
10689,Action
10689,Mystery
10689,Sci-Fi
1666,Adventure
1666,Sci-Fi
1666,Supernatural
10361,Comedy
10361,Slice of Life
10202,Action
10202,Adventure
10202,Comedy
8449,Action
8449,Boys Love
8449,Sci-Fi
8449,Suspense
1337,Comedy
1337,Fantasy
1337,Horror
1337,Supernatural
9817,Comedy
1280,Comedy
1280,Fantasy
1280,Horror
1280,Supernatural
59308,Slice of Life
57967,Supernatural
57031,Romance
57031,Supernatural
56191,Sci-Fi
52823,Drama
52823,Girls Love
52134,Action
52134,Supernatural
15881,Comedy
15881,Ecchi
24713,Comedy
24713,Sports
36119,Comedy
36119,Fantasy
36119,Sports
37577,Comedy
37657,Action
37657,Comedy
37893,Avant Garde
37893,Horror
37893,Supernatural
35465,Fantasy
6287,Comedy
6287,Ecchi
34753,Mystery
34753,Sci-Fi
34753,Supernatural
34623,Comedy
33934,Action
39780,Comedy
33709,Action
33709,Fantasy
39957,Romance
40194,Action
40194,Fantasy
40194,Gourmet
40194,Ecchi
31967,Comedy
31967,Fantasy
31967,Ecchi
31668,Comedy
31668,Sports
42436,Drama
9078,Comedy
9078,Drama
9078,Sports
8848,Comedy
8848,Gourmet
8848,Slice of Life
35712,Comedy
35712,Romance
35712,Ecchi
28179,Comedy
8155,Adventure
8155,Comedy
8155,Fantasy
8155,Horror
8155,Supernatural
43397,Avant Garde
6970,Adventure
6970,Sci-Fi
6701,Adventure
6701,Fantasy
23901,Slice of Life
1868,Adventure
1868,Drama
1868,Romance
6094,Fantasy
5883,Action
5883,Sci-Fi
45195,Action
45195,Fantasy
21971,Comedy
21971,Fantasy
1583,Action
1583,Sci-Fi
47403,Adventure
47403,Fantasy
4475,Award Winning
4475,Drama
19875,Comedy
4070,Comedy
3876,Adventure
3876,Fantasy
17002,Action
17002,Sci-Fi
3135,Action
3135,Adventure
3135,Fantasy
3135,Sci-Fi
49170,Action
49170,Fantasy
13955,Adventure
13955,Comedy
13955,Drama
13955,Mystery
13955,Sci-Fi
2474,Action
2474,Adventure
2474,Comedy
2474,Sci-Fi
38529,Comedy
38529,Sports
2245,Drama
2245,Romance
2245,Sci-Fi
458,Comedy
458,Sci-Fi
458,Ecchi
2100,Adventure
2100,Fantasy
2100,Sci-Fi
40145,Action
40145,Fantasy
1713,Action
1713,Adventure
1713,Sci-Fi
50315,Action
50315,Adventure
50315,Fantasy
1458,Action
1458,Adventure
1458,Sci-Fi
10059,Comedy
10059,Fantasy
9584,Adventure
9584,Supernatural
9519,Comedy
60446,Comedy
58395,Comedy
56967,Action
56967,Suspense
57037,Comedy
57037,Supernatural
54794,Action
54794,Sci-Fi
51168,Comedy
14583,Comedy
30954,Comedy
30954,Fantasy
30954,Ecchi
36913,Comedy
37264,Comedy
37994,Action
37994,Mystery
37994,Suspense
35416,Comedy
34323,Comedy
34323,Sports
34014,Adventure
39734,Slice of Life
33760,Adventure
33760,Fantasy
33685,Action
33685,Adventure
33685,Sci-Fi
32936,Adventure
32936,Fantasy
40480,Sci-Fi
32309,Drama
32309,Slice of Life
31133,Action
31133,Fantasy
3323,Action
3323,Drama
3323,Sci-Fi
30537,Action
30537,Comedy
30537,Mystery
3004,Fantasy
41573,Action
41573,Adventure
41573,Drama
41573,Fantasy
28883,Action
28883,Comedy
8431,Comedy
8431,Slice of Life
24877,Comedy
24663,Comedy
24663,Supernatural
23983,Drama
23741,Drama
23741,Slice of Life
23179,Comedy
23179,Supernatural
5584,Action
5584,Fantasy
4615,Adventure
4615,Fantasy
20381,Adventure
20175,Adventure
19973,Drama
19973,Sports
3881,Comedy
38909,Action
38909,Adventure
38909,Fantasy
3155,Comedy
50539,Action
50539,Fantasy
15815,Drama
14277,Comedy
14277,Romance
12965,Fantasy
2059,Comedy
2059,Romance
11857,Sports
1975,Sci-Fi
50090,Adventure
50090,Slice of Life
50184,Action
50184,Fantasy
10562,Action
1662,Drama
1662,Sci-Fi
1582,Action
1582,Adventure
1582,Sci-Fi
215,Comedy
215,Romance
10342,Action
10342,Adventure
10342,Drama
10342,Sci-Fi
39249,Action
39249,Fantasy
10250,Comedy
1295,Action
1295,Adventure
1295,Comedy
1295,Romance
1295,Sci-Fi
61364,Action
61364,Fantasy
59770,Adventure
59770,Comedy
59622,Fantasy
59622,Slice of Life
55364,Action
52282,Action
51307,Drama
51307,Sci-Fi
35920,Comedy
36104,Drama
38372,Fantasy
38739,Action
33499,Comedy
33499,Drama
33499,Sports
33151,Mystery
31829,Adventure
31221,Mystery
9345,Comedy
9345,Horror
9345,Supernatural
42657,Comedy
28913,Slice of Life
42910,Sci-Fi
8146,Action
8146,Fantasy
8146,Horror
8146,Supernatural
7667,Comedy
7667,Sci-Fi
29976,Romance
29976,Supernatural
7157,Comedy
7157,Sci-Fi
25053,Comedy
25053,Gourmet
6688,Slice of Life
6645,Comedy
6645,Ecchi
6413,Action
6413,Comedy
6413,Supernatural
22441,Comedy
22441,Fantasy
5143,Action
5143,Sci-Fi
5132,Comedy
5132,Ecchi
21077,Action
21077,Sci-Fi
4801,Adventure
4801,Fantasy
1380,Action
1380,Adventure
1380,Drama
1380,Horror
1380,Sci-Fi
4033,Comedy
4033,Drama
4003,Action
4003,Fantasy
4003,Mystery
4003,Ecchi
1057,Action
1057,Comedy
1057,Ecchi
3278,Comedy
3278,Sports
952,Comedy
2882,Adventure
2882,Fantasy
2882,Sci-Fi
14381,Adventure
14381,Comedy
14381,Fantasy
13863,Action
13863,Drama
13863,Mystery
13863,Sci-Fi
13863,Suspense
13843,Action
13843,Drama
13843,Mystery
49654,Slice of Life
13681,Comedy
13681,Supernatural
17777,Comedy
17777,Romance
17777,Supernatural
17777,Ecchi
12861,Comedy
2083,Action
11853,Adventure
11853,Comedy
11853,Fantasy
40239,Action
40239,Adventure
40239,Fantasy
10869,Sci-Fi
50599,Avant Garde
50599,Horror
50599,Supernatural
50607,Action
50607,Fantasy
61029,Comedy
61029,Fantasy
57858,Fantasy
55806,Action
55806,Fantasy
55806,Ecchi
55283,Action
55283,Sci-Fi
54062,Sci-Fi
54062,Slice of Life
51681,Action
51681,Adventure
51681,Fantasy
7468,Comedy
7468,Ecchi
29511,Slice of Life
37966,Action
37966,Adventure
37966,Comedy
37966,Fantasy
36242,Fantasy
36425,Action
36644,Action
36644,Adventure
36644,Mystery
36644,Romance
36730,Comedy
36730,Sci-Fi
36834,Fantasy
36834,Romance
37776,Romance
38211,Comedy
39700,Avant Garde
31750,Action
31750,Adventure
31750,Comedy
31750,Fantasy
31113,Action
31113,Adventure
31113,Sci-Fi
30695,Fantasy
30585,Award Winning
30585,Drama
30585,Sci-Fi
30585,Supernatural
41854,Drama
41854,Fantasy
41854,Romance
42132,Action
42132,Adventure
42132,Sci-Fi
42148,Action
42148,Adventure
42148,Sci-Fi
9177,Sports
42488,Slice of Life
7752,Action
7752,Adventure
7752,Fantasy
7575,Comedy
7575,Drama
7575,Romance
43741,Action
43741,Sci-Fi
23433,Comedy
6074,Comedy
6074,Sci-Fi
5477,Comedy
5477,Sci-Fi
5278,Action
5278,Adventure
5278,Comedy
5278,Romance
5278,Sci-Fi
4614,Adventure
4614,Drama
4614,Romance
4418,Comedy
4418,Fantasy
4418,Slice of Life
4044,Horror
3280,Comedy
3280,Sports
40075,Mystery
40075,Romance
40075,Sci-Fi
3020,Comedy
3020,Slice of Life
13935,Fantasy
581,Comedy
581,Ecchi
499,Adventure
499,Horror
499,Romance
499,Supernatural
2306,Comedy
2293,Action
2293,Horror
2293,Sci-Fi
12867,Drama
445,Adventure
445,Comedy
445,Fantasy
445,Romance
16397,Romance
16397,Ecchi
2068,Action
2068,Adventure
2068,Fantasy
2068,Sci-Fi
1883,Comedy
50482,Avant Garde
10201,Action
10135,Adventure
10135,Comedy
9566,Action
9566,Sci-Fi
9523,Comedy
337,Comedy
337,Romance
337,Ecchi
10465,Action
10465,Comedy
10465,Ecchi
60660,Action
60660,Comedy
60660,Fantasy
60660,Gourmet
58981,Fantasy
58173,Fantasy
57603,Comedy
55311,Slice of Life
53633,Action
53633,Sci-Fi
52863,Drama
52863,Romance
52863,Sci-Fi
52510,Avant Garde
52510,Drama
51455,Romance
51305,Action
51305,Avant Garde
51305,Comedy
51305,Sci-Fi
8961,Comedy
12449,Sports
12449,Ecchi
14073,Comedy
14073,Ecchi
25169,Slice of Life
37784,Avant Garde
13859,Comedy
13859,Sci-Fi
35551,Slice of Life
35284,Gourmet
35284,Slice of Life
34999,Comedy
34999,Supernatural
34999,Ecchi
40179,Action
40179,Comedy
40179,Fantasy
32879,Adventure
32879,Fantasy
32879,Romance
32879,Sci-Fi
32817,Comedy
32817,Sports
31534,Comedy
42380,Romance
8899,Action
8899,Adventure
8899,Sci-Fi
7759,Comedy
7759,Slice of Life
25065,Drama
25065,Romance
24835,Comedy
24679,Drama
24679,Slice of Life
6384,Gourmet
23647,Comedy
23647,Slice of Life
22055,Horror
22055,Mystery
22055,Supernatural
5192,Adventure
20127,Comedy
20127,Slice of Life
20053,Action
20053,Fantasy
4443,Action
4443,Adventure
4443,Comedy
4314,Comedy
19831,Comedy
19573,Fantasy
19573,Sci-Fi
19573,Supernatural
18937,Adventure
18937,Comedy
18937,Fantasy
3834,Adventure
3834,Sci-Fi
1157,Action
1157,Adventure
1157,Fantasy
1157,Sci-Fi
3757,Adventure
3757,Fantasy
18061,Sports
17687,Adventure
17687,Fantasy
3391,Comedy
3391,Ecchi
791,Action
791,Adventure
791,Drama
791,Fantasy
15313,Comedy
15313,Fantasy
15313,Slice of Life
49505,Slice of Life
49505,Supernatural
2063,Action
2063,Sci-Fi
11275,Adventure
11101,Drama
11101,Romance
11049,Fantasy
11049,Slice of Life
11017,Sci-Fi
1777,Action
1777,Adventure
1777,Fantasy
1777,Supernatural
1679,Comedy
1679,Romance
1679,Ecchi
50430,Action
50430,Adventure
50430,Comedy
50430,Fantasy
1542,Action
1542,Adventure
1542,Sci-Fi
10056,Comedy
10056,Fantasy
1344,Action
1344,Drama
1344,Sci-Fi
9424,Sports
46985,Adventure
46985,Fantasy
46985,Romance
60746,Supernatural
60605,Adventure
60605,Fantasy
58844,Fantasy
58844,Slice of Life
56558,Action
56558,Fantasy
55312,Avant Garde
55052,Adventure
55052,Comedy
54133,Comedy
35134,Adventure
35134,Drama
35134,Sci-Fi
7718,Award Winning
7718,Fantasy
15847,Action
37703,Sci-Fi
37703,Sports
35303,Supernatural
39678,Comedy
39678,Supernatural
40104,Action
40104,Boys Love
40104,Drama
40104,Supernatural
33205,Action
33205,Sci-Fi
33056,Comedy
33056,Romance
40990,Slice of Life
3514,Comedy
30865,Award Winning
42433,Adventure
9002,Drama
9002,Romance
42737,Horror
42737,Suspense
8446,Fantasy
7461,Comedy
7461,Fantasy
25635,Comedy
25635,Sci-Fi
6899,Adventure
6899,Comedy
6899,Sci-Fi
6557,Adventure
6557,Comedy
6557,Fantasy
23831,Comedy
1856,Comedy
5936,Award Winning
5936,Drama
5935,Adventure
5628,Comedy
5628,Sci-Fi
5449,Comedy
5238,Adventure
5238,Comedy
21255,Adventure
21255,Drama
21255,Mystery
21255,Supernatural
21041,Drama
21041,Romance
4617,Drama
4617,Sci-Fi
20189,Adventure
20189,Fantasy
20075,Comedy
4088,Action
4088,Adventure
4088,Comedy
4088,Sci-Fi
3977,Comedy
3535,Comedy
3535,Gourmet
17117,Drama
3175,Action
3175,Adventure
3175,Comedy
3175,Drama
3175,Sci-Fi
3153,Action
3153,Adventure
3153,Sci-Fi
16702,Adventure
16702,Fantasy
16702,Sci-Fi
16027,Adventure
16027,Fantasy
15577,Fantasy
15015,Adventure
15015,Comedy
15015,Fantasy
15015,Ecchi
49433,Action
49433,Adventure
49433,Fantasy
13789,Adventure
49794,Fantasy
49942,Fantasy
819,Romance
359,Sports
11099,Action
11099,Comedy
10845,Action
10845,Ecchi
10528,Action
10528,Adventure
10528,Comedy
10528,Fantasy
10477,Comedy
10477,Sci-Fi
9403,Action
9403,Adventure
9403,Comedy
9403,Fantasy
9403,Sci-Fi
24873,Action
24873,Fantasy
24873,Romance
60632,Slice of Life
59990,Action
59990,Adventure
59990,Fantasy
59105,Gourmet
54352,Slice of Life
54352,Sports
55023,Comedy
42972,Comedy
53162,Action
53162,Adventure
53162,Drama
53162,Fantasy
15883,Fantasy
15883,Sci-Fi
16099,Comedy
36979,Comedy
38690,Action
38690,Adventure
38690,Fantasy
38690,Mystery
34815,Fantasy
39416,Fantasy
39416,Sci-Fi
32571,Comedy
32571,Slice of Life
40722,Drama
40722,Fantasy
32152,Fantasy
41586,Sports
30145,Fantasy
30145,Supernatural
42158,Action
42158,Adventure
42158,Fantasy
9163,Drama
9163,Sports
8842,Comedy
8842,Gourmet
8842,Slice of Life
42307,Action
42307,Mystery
42307,Suspense
27837,Sports
27811,Action
27811,Supernatural
7967,Drama
43350,Comedy
43350,Sci-Fi
6628,Comedy
6277,Fantasy
6276,Horror
23615,Adventure
23615,Drama
23615,Romance
6271,Horror
22733,Fantasy
5396,Action
5189,Action
5189,Adventure
5131,Sci-Fi
21475,Comedy
21293,Comedy
21293,Fantasy
1508,Drama
1508,Horror
1508,Sci-Fi
1508,Suspense
4220,Award Winning
4220,Drama
4220,Fantasy
19575,Romance
18637,Action
18637,Sci-Fi
18063,Sports
3512,Comedy
3512,Drama
3475,Horror
3274,Comedy
3274,Sports
16458,Drama
35251,Fantasy
35251,Romance
647,Adventure
647,Drama
647,Fantasy
647,Romance
647,Supernatural
49691,Sports
2314,Adventure
2314,Drama
12351,Comedy
12027,Drama
2406,Comedy
2406,Slice of Life
11545,Drama
1926,Slice of Life
10405,Adventure
10405,Sci-Fi
9799,Action
9799,Comedy
9417,Adventure
58032,Mystery
56164,Sci-Fi
55093,Comedy
55093,Mystery
54810,Drama
50914,Suspense
33562,Action
33562,Comedy
33562,Supernatural
37551,Action
38461,Mystery
38461,Suspense
37998,Action
37998,Sci-Fi
50784,Slice of Life
35624,Comedy
35624,Slice of Life
35542,Adventure
38932,Slice of Life
33225,Comedy
33219,Comedy
33219,Romance
33219,Sci-Fi
33219,Supernatural
33155,Action
41271,Comedy
30390,Comedy
30066,Action
30066,Adventure
30066,Mystery
9100,Comedy
7048,Sports
6796,Comedy
6796,Sci-Fi
24699,Comedy
24699,Sci-Fi
6452,Action
6452,Sci-Fi
6385,Fantasy
6095,Comedy
6095,Romance
22981,Adventure
22981,Comedy
22981,Fantasy
22981,Ecchi
5900,Drama
5535,Adventure
5535,Drama
5535,Slice of Life
5289,Action
5289,Adventure
5289,Sci-Fi
39022,Drama
39022,Romance
20999,Comedy
20999,Slice of Life
17703,Comedy
49211,Action
15141,Fantasy
661,Drama
661,Romance
13563,Slice of Life
547,Drama
547,Romance
547,Supernatural
2468,Drama
2468,Romance
498,Action
498,Adventure
498,Sci-Fi
49848,Drama
49848,Suspense
40679,Drama
40679,Sports
12689,Sci-Fi
2064,Action
2064,Sci-Fi
11873,Comedy
10766,Adventure
10766,Comedy
10766,Mystery
50534,Avant Garde
15565,Action
15565,Ecchi
1468,Action
1468,Sci-Fi
59945,Action
59945,Adventure
59945,Fantasy
59714,Slice of Life
58942,Fantasy
58942,Romance
58234,Sci-Fi
58082,Comedy
58082,Romance
58082,Supernatural
53599,Action
53599,Adventure
53599,Sci-Fi
51155,Action
21809,Action
21809,Comedy
21809,Sci-Fi
21809,Ecchi
16211,Fantasy
36145,Adventure
36890,Comedy
38558,Comedy
38558,Fantasy
35121,Horror
35121,Supernatural
35121,Suspense
39369,Sci-Fi
39490,Fantasy
39582,Mystery
33764,Action
33764,Fantasy
40385,Slice of Life
32107,Comedy
32107,Slice of Life
31246,Adventure
31246,Fantasy
31211,Action
31211,Comedy
30760,Drama
30686,Comedy
30686,Fantasy
42044,Boys Love
42044,Comedy
8763,Comedy
8743,Drama
8743,Sci-Fi
8743,Slice of Life
29235,Adventure
28603,Comedy
28603,Fantasy
43351,Avant Garde
24645,Drama
24645,Slice of Life
6693,Comedy
6629,Comedy
6520,Comedy
6520,Fantasy
6520,Slice of Life
5994,Comedy
5994,Sports
5164,Action
5164,Sci-Fi
45999,Comedy
4991,Slice of Life
46821,Action
46821,Fantasy
20243,Comedy
20243,Slice of Life
3969,Action
3969,Adventure
3969,Sci-Fi
17815,Fantasy
3279,Comedy
3279,Sports
3131,Sports
48917,Mystery
48917,Romance
16526,Comedy
3007,Boys Love
818,Comedy
818,Drama
818,Romance
818,Ecchi
49117,Adventure
2885,Comedy
49290,Drama
49290,Suspense
722,Comedy
722,Romance
693,Action
693,Comedy
693,Drama
693,Mystery
693,Sci-Fi
693,Ecchi
49551,Comedy
2309,Comedy
2309,Sci-Fi
2309,Sports
2291,Action
2291,Sci-Fi
2291,Ecchi
360,Adventure
360,Drama
360,Fantasy
360,Supernatural
11769,Comedy
11769,Girls Love
11769,Ecchi
10263,Action
10263,Adventure
10263,Comedy
10263,Sci-Fi
10149,Adventure
10149,Fantasy
10136,Adventure
10136,Comedy
133,Comedy
133,Romance
133,Ecchi
2155,Romance
51013,Adventure
50565,Action
50565,Adventure
50565,Fantasy
59822,Comedy
57472,Romance
54768,Romance
56845,Action
56845,Adventure
56845,Fantasy
52354,Suspense
50687,Slice of Life
12367,Action
12367,Fantasy
12367,Gourmet
8216,Sports
9911,Action
9911,Sci-Fi
23735,Comedy
23735,Ecchi
35909,Adventure
35909,Comedy
35909,Slice of Life
37806,Action
37806,Adventure
37806,Fantasy
38091,Sports
37300,Adventure
37300,Fantasy
38688,Action
38688,Adventure
38688,Fantasy
38688,Mystery
38688,Supernatural
32382,Drama
40765,Adventure
40765,Drama
12441,Action
12441,Drama
12441,Sci-Fi
41453,Avant Garde
41464,Avant Garde
34675,Action
34675,Adventure
34675,Fantasy
34675,Romance
8896,Drama
8539,Horror
8178,Slice of Life
7740,Action
7740,Adventure
7740,Fantasy
7740,Ecchi
2332,Action
2332,Adventure
2332,Sci-Fi
2332,Ecchi
25875,Comedy
24527,Action
24417,Comedy
22847,Drama
5652,Adventure
5652,Sci-Fi
5375,Comedy
22113,Comedy
22113,Fantasy
4737,Comedy
4719,Action
4719,Adventure
4719,Fantasy
4719,Ecchi
3937,Comedy
3937,Sci-Fi
3870,Sports
3844,Sports
18591,Fantasy
3825,Sports
3275,Comedy
3275,Sports
2851,Action
2851,Adventure
2851,Comedy
15095,Adventure
15095,Comedy
15095,Fantasy
15095,Ecchi
577,Fantasy
2516,Action
2516,Sci-Fi
346,Drama
346,Romance
10688,Award Winning
10688,Drama
258,Drama
258,Horror
10118,Adventure
10118,Drama
10118,Sci-Fi
40197,Comedy
60447,Drama
60447,Mystery
60447,Supernatural
60447,Suspense
58369,Comedy
58369,Romance
57871,Gourmet
57871,Slice of Life
57827,Action
57827,Adventure
57827,Comedy
57827,Sci-Fi
55225,Comedy
55128,Sci-Fi
52162,Comedy
52162,Sci-Fi
52008,Avant Garde
50973,Avant Garde
50973,Sci-Fi
38673,Action
38673,Comedy
38673,Fantasy
31927,Action
31927,Adventure
31927,Fantasy
14049,Romance
37619,Romance
37619,Sports
38444,Fantasy
38444,Sci-Fi
38677,Drama
38677,Romance
35643,Fantasy
35248,Mystery
35248,Supernatural
39046,Comedy
39046,Slice of Life
35072,Action
35072,Adventure
35072,Fantasy
39475,Action
39475,Drama
34239,Comedy
34239,Sports
39766,Mystery
39766,Supernatural
33702,Adventure
33702,Horror
40567,Action
40567,Adventure
40567,Comedy
40567,Sci-Fi
3898,Action
3898,Adventure
3898,Sci-Fi
31137,Action
30679,Action
30679,Adventure
30679,Fantasy
30679,Ecchi
9290,Comedy
9290,Supernatural
42562,Supernatural
8953,Sports
8839,Adventure
8839,Sci-Fi
7532,Fantasy
25749,Adventure
25749,Comedy
7169,Award Winning
7169,Drama
43878,Comedy
6261,Adventure
6261,Comedy
6261,Drama
3840,Action
3840,Mystery
3840,Sci-Fi
23107,Comedy
23107,Fantasy
22979,Adventure
22979,Comedy
22979,Fantasy
22979,Ecchi
5886,Adventure
5886,Fantasy
21943,Comedy
21943,Fantasy
21493,Comedy
21493,Slice of Life
4917,Adventure
4917,Mystery
4917,Romance
4917,Sci-Fi
4591,Comedy
4591,Slice of Life
4591,Ecchi
4563,Adventure
47250,Action
47250,Supernatural
4440,Sports
35203,Adventure
35203,Comedy
35203,Fantasy
35203,Romance
18447,Action
18447,Fantasy
3769,Sports
17959,Drama
17959,Sci-Fi
3472,Award Winning
3472,Comedy
3115,Action
3115,Adventure
3115,Romance
3115,Sci-Fi
16514,Comedy
16514,Drama
16514,Sports
31845,Action
31845,Comedy
31845,Fantasy
31845,Romance
31845,Ecchi
2770,Action
2770,Adventure
2770,Sci-Fi
2636,Fantasy
2422,Action
2422,Adventure
2422,Comedy
2422,Sci-Fi
511,Adventure
511,Comedy
511,Fantasy
12877,Action
12877,Drama
12877,Sci-Fi
12579,Comedy
12579,Romance
12579,Supernatural
12579,Ecchi
12139,Action
12139,Mystery
2027,Drama
2027,Romance
2027,Supernatural
1994,Adventure
1994,Comedy
1994,Fantasy
1994,Sci-Fi
11445,Comedy
11445,Romance
11445,Sci-Fi
10965,Adventure
10965,Mystery
10965,Sci-Fi
10965,Supernatural
10607,Comedy
231,Action
231,Comedy
231,Supernatural
9824,Fantasy
9824,Horror
1188,Comedy
56859,Sci-Fi
54040,Sci-Fi
54040,Suspense
52005,Sci-Fi
52372,Fantasy
51492,Adventure
51492,Fantasy
34948,Fantasy
36196,Comedy
36196,Fantasy
38106,Supernatural
36431,Slice of Life
34498,Romance
34498,Sci-Fi
39011,Comedy
39057,Action
34173,Comedy
34173,Romance
36316,Action
36316,Drama
36316,Fantasy
5112,Comedy
5112,Fantasy
5112,Romance
5112,Ecchi
33434,Comedy
33434,Sci-Fi
31410,Comedy
31410,Slice of Life
41920,Action
30922,Fantasy
30922,Supernatural
29643,Fantasy
8799,Action
8799,Adventure
8799,Sci-Fi
8550,Comedy
8550,Sci-Fi
36517,Action
2523,Adventure
2523,Drama
2523,Fantasy
2523,Romance
27651,Drama
27651,Sci-Fi
25999,Comedy
7106,Action
7106,Adventure
7106,Sci-Fi
6994,Comedy
23985,Comedy
23985,Romance
23985,Ecchi
23737,Comedy
23737,Sports
23659,Drama
23585,Adventure
23585,Drama
23585,Slice of Life
5956,Comedy
5956,Romance
23013,Comedy
5462,Comedy
5462,Sci-Fi
17963,Sci-Fi
17951,Fantasy
17443,Drama
17443,Sports
3180,Comedy
3180,Fantasy
927,Adventure
927,Sci-Fi
16393,Comedy
16393,Mystery
15717,Romance
13927,Action
13927,Comedy
13927,Sci-Fi
13195,Fantasy
2303,Comedy
2303,Sci-Fi
12131,Romance
12131,Ecchi
1977,Action
1977,Drama
363,Drama
363,Romance
309,Comedy
1500,Comedy
1500,Drama
1500,Horror
1500,Supernatural
1500,Ecchi
9906,Adventure
42774,Drama
42774,Sports
61224,Action
61224,Adventure
61224,Fantasy
61224,Romance
57979,Sports
57975,Avant Garde
57975,Horror
56213,Comedy
55995,Mystery
55995,Sci-Fi
55878,Comedy
55878,Fantasy
55894,Action
55247,Gourmet
55247,Sci-Fi
54399,Slice of Life
51859,Action
51859,Fantasy
51183,Comedy
51183,Supernatural
50244,Romance
49611,Comedy
49611,Mystery
36226,Action
36226,Comedy
7551,Action
7551,Adventure
7551,Sci-Fi
8240,Adventure
8240,Comedy
32954,Fantasy
32954,Slice of Life
32878,Action
32878,Sci-Fi
15993,Sports
31551,Slice of Life
36427,Action
37620,Romance
37620,Sports
37775,Sports
37960,Sports
35239,Comedy
35239,Slice of Life
6496,Action
6496,Adventure
6496,Comedy
6496,Romance
6496,Ecchi
39567,Action
39567,Fantasy
39567,Mystery
33357,Action
33357,Comedy
33357,Horror
40762,Action
40762,Fantasy
40762,Mystery
32065,Comedy
32041,Fantasy
3671,Action
30912,Comedy
30909,Adventure
30909,Fantasy
30909,Romance
41558,Adventure
29605,Action
2735,Action
2735,Sci-Fi
8853,Action
8853,Adventure
8853,Comedy
8853,Sci-Fi
42729,Action
8548,Comedy
8548,Sci-Fi
8547,Comedy
8547,Sci-Fi
25839,Gourmet
25839,Romance
28071,Comedy
28071,Ecchi
7230,Adventure
7230,Sci-Fi
7170,Supernatural
6695,Adventure
6695,Comedy
6695,Fantasy
6428,Action
6428,Sci-Fi
5006,Adventure
5006,Fantasy
4680,Comedy
20225,Drama
20207,Drama
19731,Adventure
19731,Fantasy
19351,Comedy
19351,Romance
18533,Adventure
18533,Drama
48570,Romance
854,Action
854,Adventure
854,Comedy
854,Romance
854,Sci-Fi
848,Action
848,Sci-Fi
49179,Comedy
2723,Action
2723,Comedy
2723,Sci-Fi
2697,Action
2697,Sci-Fi
2526,Comedy
2526,Romance
2526,Supernatural
2526,Ecchi
13495,Slice of Life
2234,Action
2234,Comedy
2234,Sci-Fi
454,Comedy
454,Fantasy
2018,Horror
2018,Mystery
362,Drama
362,Romance
1832,Action
1832,Drama
1832,Sci-Fi
310,Comedy
310,Supernatural
176,Adventure
176,Romance
1202,Action
1202,Adventure
1202,Fantasy
1202,Sci-Fi
40755,Comedy
59968,Action
58437,Adventure
58437,Fantasy
58259,Drama
58259,Romance
57890,Supernatural
56525,Fantasy
55640,Action
55640,Girls Love
55640,Sci-Fi
55042,Sci-Fi
54758,Slice of Life
54738,Action
54738,Adventure
54738,Drama
54738,Fantasy
53183,Comedy
52649,Comedy
52649,Supernatural
51934,Fantasy
10796,Comedy
10796,Ecchi
34543,Drama
34543,Sports
36728,Slice of Life
37922,Sci-Fi
38110,Comedy
35603,Sci-Fi
35011,Comedy
32502,Comedy
22831,Sports
41391,Slice of Life
30646,Comedy
30100,Fantasy
8195,Comedy
8153,Adventure
8153,Comedy
8153,Fantasy
8153,Horror
8153,Supernatural
8042,Sports
7770,Comedy
7626,Adventure
7626,Fantasy
2260,Comedy
2260,Sci-Fi
2260,Ecchi
25027,Adventure
25027,Fantasy
6822,Slice of Life
24647,Drama
24647,Slice of Life
6625,Comedy
6625,Slice of Life
23617,Comedy
23617,Fantasy
5923,Adventure
5923,Fantasy
21163,Fantasy
20555,Comedy
3962,Adventure
3962,Comedy
18767,Action
18767,Fantasy
17445,Drama
17445,Sports
3038,Adventure
3038,Fantasy
16131,Action
16131,Sci-Fi
50789,Comedy
2840,Comedy
648,Comedy
648,Drama
648,Romance
648,Sci-Fi
1899,Action
1899,Adventure
1899,Sci-Fi
49592,Comedy
49592,Fantasy
49592,Slice of Life
2535,Adventure
2535,Comedy
2535,Drama
2535,Fantasy
2535,Romance
2535,Sci-Fi
2421,Comedy
2421,Fantasy
12447,Comedy
12337,Action
12337,Drama
12337,Sci-Fi
1938,Action
1938,Adventure
1938,Fantasy
1938,Sci-Fi
1769,Action
1769,Comedy
1769,Sci-Fi
1547,Comedy
1547,Slice of Life
1547,Supernatural
49969,Sci-Fi
49969,Sports
9782,Mystery
9782,Sci-Fi
58035,Comedy
54265,Action
54265,Fantasy
54265,Romance
54265,Ecchi
54013,Action
54013,Comedy
54013,Mystery
54013,Sci-Fi
48994,Comedy
53272,Fantasy
36762,Action
36762,Adventure
36762,Fantasy
36762,Horror
36762,Mystery
36762,Suspense
12677,Action
12677,Adventure
12677,Sci-Fi
38150,Fantasy
36429,Action
36429,Adventure
36429,Sci-Fi
37857,Action
38013,Drama
38013,Supernatural
33795,Comedy
49700,Comedy
49700,Fantasy
35018,Comedy
39221,Action
39221,Supernatural
33940,Slice of Life
33126,Ecchi
32932,Romance
32890,Action
32890,Adventure
32890,Comedy
31065,Action
31065,Sci-Fi
41549,Action
41549,Adventure
41549,Drama
41549,Fantasy
30178,Action
30178,Comedy
30178,Mystery
30178,Sci-Fi
42082,Drama
42082,Fantasy
42381,Romance
9165,Drama
9165,Sports
8964,Adventure
8964,Comedy
2639,Fantasy
28733,Adventure
28733,Drama
28733,Sci-Fi
28593,Comedy
8278,Action
8278,Horror
8278,Mystery
8278,Supernatural
8278,Suspense
2414,Comedy
2414,Sci-Fi
7723,Comedy
7723,Fantasy
7723,Supernatural
7108,Comedy
22445,Fantasy
21487,Comedy
21487,Slice of Life
5027,Adventure
5027,Comedy
4578,Action
4578,Comedy
4578,Sci-Fi
4316,Comedy
19843,Comedy
19843,Fantasy
3884,Action
3884,Comedy
3884,Fantasy
3884,Ecchi
1056,Comedy
1056,Drama
1056,Romance
17439,Drama
17439,Sports
17088,Adventure
38413,Action
38413,Adventure
38413,Fantasy
839,Action
839,Fantasy
14949,Comedy
14949,Slice of Life
33339,Comedy
33339,Supernatural
33339,Suspense
571,Action
571,Romance
571,Sci-Fi
49739,Comedy
13431,Comedy
12039,Comedy
349,Drama
349,Fantasy
349,Ecchi
10751,Action
10751,Fantasy
10751,Sci-Fi
10648,Action
10648,Sci-Fi
10563,Drama
10563,Sports
10217,Fantasy
43007,Comedy
43007,Romance
10058,Comedy
10058,Fantasy
9613,Action
9613,Sci-Fi
1175,Comedy
1175,Sci-Fi
1175,Sports
60799,Action
60799,Adventure
60799,Fantasy
59620,Fantasy
59621,Fantasy
53626,Action
53626,Adventure
53626,Fantasy
52856,Drama
52856,Supernatural
51511,Slice of Life
51243,Comedy
30096,Comedy
36714,Comedy
37388,Action
38783,Fantasy
35494,Adventure
35494,Drama
21479,Adventure
21479,Sports
35009,Action
35009,Adventure
35009,Drama
35009,Fantasy
35009,Horror
34813,Comedy
39329,Adventure
39329,Fantasy
39329,Romance
39529,Comedy
39529,Supernatural
39810,Adventure
39810,Comedy
39810,Fantasy
40102,Comedy
40102,Fantasy
40102,Ecchi
40250,Action
40250,Adventure
40250,Sci-Fi
40469,Comedy
41063,Action
41063,Sci-Fi
41325,Comedy
41325,Horror
3214,Action
3214,Adventure
30410,Action
30410,Adventure
42228,Slice of Life
29937,Action
29937,Fantasy
9243,Romance
9243,Sports
9166,Drama
9166,Sports
29539,Fantasy
8500,Comedy
8443,Comedy
7597,Comedy
7597,Slice of Life
26117,Sci-Fi
7171,Award Winning
7171,Supernatural
2102,Adventure
2102,Comedy
2102,Slice of Life
2102,Supernatural
24883,Fantasy
6215,Action
6215,Adventure
6215,Sci-Fi
5723,Sci-Fi
22231,Fantasy
22231,Romance
20855,Horror
4513,Adventure
4513,Fantasy
4513,Romance
4385,Action
4385,Sci-Fi
19165,Comedy
3936,Adventure
3936,Sci-Fi
18759,Sports
17835,Comedy
17215,Comedy
3276,Comedy
3276,Sports
3151,Adventure
3151,Sci-Fi
49090,Drama
49090,Supernatural
49215,Comedy
49215,Fantasy
2700,Action
2700,Comedy
2700,Sci-Fi
669,Comedy
669,Romance
14663,Action
14663,Fantasy
14663,Ecchi
2566,Comedy
9587,Comedy
9587,Romance
9587,Ecchi
426,Action
426,Adventure
426,Comedy
426,Fantasy
307,Comedy
307,Fantasy
1552,Comedy
1552,Drama
1552,Romance
10199,Action
10199,Adventure
10199,Fantasy
1484,Action
1484,Drama
1484,Horror
1484,Supernatural
1484,Suspense
10060,Comedy
10060,Fantasy
9947,Adventure
9947,Comedy
51098,Action
60651,Action
60651,Adventure
60651,Fantasy
60651,Sci-Fi
60295,Comedy
59010,Avant Garde
59010,Horror
59010,Supernatural
54793,Action
54793,Drama
54793,Sci-Fi
52289,Comedy
52289,Romance
51572,Sci-Fi
51190,Comedy
51190,Fantasy
13855,Ecchi
25567,Boys Love
25567,Drama
25567,Sci-Fi
23151,Drama
34766,Action
34766,Fantasy
36248,Slice of Life
36955,Comedy
36955,Fantasy
37541,Sci-Fi
37607,Sci-Fi
34741,Adventure
34741,Mystery
34741,Sci-Fi
39431,Comedy
34307,Sports
33326,Drama
32663,Adventure
32088,Comedy
32087,Comedy
41786,Drama
41786,Romance
34532,Action
34532,Horror
34532,Sci-Fi
34532,Suspense
8812,Adventure
8157,Adventure
8157,Comedy
8157,Fantasy
8157,Horror
8157,Supernatural
8065,Action
8065,Adventure
2307,Action
2307,Comedy
2307,Ecchi
7252,Adventure
7252,Drama
7252,Fantasy
25543,Action
6195,Slice of Life
32083,Action
32083,Fantasy
41834,Action
41834,Adventure
41834,Fantasy
22435,Action
22435,Sci-Fi
5287,Adventure
5287,Comedy
5287,Sports
4616,Adventure
4616,Comedy
50849,Action
50849,Adventure
50849,Fantasy
1100,Adventure
1100,Comedy
1100,Sci-Fi
48409,Comedy
48672,Comedy
932,Comedy
932,Sci-Fi
932,Slice of Life
16730,Comedy
16730,Slice of Life
3080,Action
2892,Comedy
2892,Fantasy
2679,Comedy
2679,Sci-Fi
2575,Adventure
2575,Slice of Life
556,Drama
556,Romance
556,Sci-Fi
13179,Slice of Life
49894,Action
49894,Fantasy
49894,Ecchi
12791,Adventure
12791,Drama
2179,Drama
2179,Romance
439,Adventure
439,Drama
439,Fantasy
50019,Action
50019,Fantasy
50123,Fantasy
10756,Drama
204,Action
204,Comedy
204,Ecchi
9792,Adventure
53179,Action
53179,Adventure
53179,Fantasy
52226,Comedy
52226,Fantasy
34295,Comedy
8249,Action
8249,Drama
8249,Sci-Fi
28791,Action
28791,Sci-Fi
38416,Action
38416,Adventure
38416,Comedy
38416,Fantasy
23333,Action
23333,Mystery
23333,Sci-Fi
23333,Suspense
38719,Action
38719,Sci-Fi
6875,Action
6875,Drama
34723,Comedy
34723,Fantasy
39704,Drama
39836,Avant Garde
39836,Horror
39836,Supernatural
39885,Slice of Life
4461,Drama
32809,Adventure
32809,Comedy
6682,Action
6682,Supernatural
6682,Ecchi
32600,Romance
32397,Slice of Life
31111,Slice of Life
41632,Action
41632,Sci-Fi
42071,Comedy
9164,Drama
9164,Sports
8967,Drama
8584,Drama
8524,Comedy
8524,Romance
8214,Action
28085,Avant Garde
8182,Adventure
8182,Horror
27495,Adventure
27495,Fantasy
21663,Action
21663,Sci-Fi
21539,Comedy
3845,Adventure
3434,Adventure
16586,Adventure
16586,Fantasy
16586,Romance
767,Action
767,Comedy
767,Sci-Fi
767,Ecchi
39222,Sci-Fi
14077,Comedy
2173,Adventure
2173,Fantasy
12529,Action
12529,Adventure
12433,Mystery
11705,Action
11705,Fantasy
1986,Sci-Fi
11221,Romance
141,Sci-Fi
1284,Comedy
1284,Fantasy
1224,Action
1224,Adventure
1224,Fantasy
1224,Romance
1224,Sci-Fi
9520,Action
9520,Adventure
9520,Sci-Fi
51149,Comedy
56067,Drama
54381,Comedy
53650,Romance
52205,Horror
51623,Action
51623,Fantasy
51438,Supernatural
44628,Comedy
37973,Fantasy
12065,Action
12065,Adventure
12065,Fantasy
12065,Ecchi
37215,Comedy
37642,Action
37642,Fantasy
37790,Slice of Life
38544,Action
38544,Drama
38544,Fantasy
38544,Sci-Fi
35543,Adventure
38957,Comedy
34236,Horror
34236,Supernatural
33201,Comedy
33201,Romance
40205,Slice of Life
32956,Comedy
40903,Avant Garde
40921,Comedy
3805,Fantasy
30263,Fantasy
30061,Action
9242,Romance
9242,Sports
42444,Comedy
8598,Adventure
8598,Fantasy
8551,Comedy
8551,Sci-Fi
2466,Comedy
24093,Comedy
6331,Action
6331,Comedy
6331,Sci-Fi
23037,Action
23037,Comedy
5080,Action
5080,Comedy
5080,Fantasy
21491,Action
21491,Comedy
21491,Slice of Life
4681,Sci-Fi
4386,Action
4386,Sci-Fi
1351,Action
1351,Sci-Fi
19879,Comedy
19133,Comedy
19133,Slice of Life
3704,Comedy
988,Action
988,Comedy
3215,Award Winning
15979,Comedy
15979,Slice of Life
2690,Action
2690,Mystery
22547,Action
22547,Adventure
22547,Fantasy
2473,Action
2473,Adventure
2473,Comedy
2473,Sci-Fi
13231,Adventure
13231,Sports
12581,Comedy
12581,Romance
12581,Ecchi
2033,Avant Garde
2033,Comedy
2033,Sci-Fi
1990,Comedy
1990,Fantasy
11561,Adventure
11561,Drama
11543,Action
11213,Sci-Fi
1872,Adventure
1872,Comedy
1872,Fantasy
1872,Romance
50289,Slice of Life
10594,Comedy
10594,Fantasy
10594,Romance
9881,Action
9881,Sci-Fi
38083,Action
38083,Adventure
38083,Fantasy
1283,Adventure
1283,Comedy
1283,Fantasy
51092,Sci-Fi
54648,Action
54648,Adventure
54648,Comedy
54648,Fantasy
53368,Comedy
44627,Comedy
37787,Adventure
36937,Action
36937,Drama
37180,Adventure
37180,Comedy
37436,Action
37436,Sci-Fi
21587,Sci-Fi
35418,Fantasy
35418,Ecchi
34877,Comedy
34877,Sci-Fi
34410,Comedy
34410,Fantasy
33757,Sci-Fi
39931,Fantasy
33309,Action
33309,Fantasy
33309,Mystery
33309,Supernatural
4566,Action
4566,Comedy
4566,Drama
4566,Fantasy
32832,Drama
32832,Slice of Life
31035,Action
31035,Comedy
41495,Avant Garde
8777,Adventure
8777,Drama
28615,Comedy
27405,Drama
27405,Slice of Life
7610,Fantasy
25915,Slice of Life
6992,Adventure
6992,Sci-Fi
6965,Adventure
6965,Comedy
6918,Action
6918,Drama
6868,Comedy
23975,Fantasy
23099,Comedy
23099,Sci-Fi
22479,Fantasy
4509,Action
4509,Adventure
4509,Sci-Fi
4451,Comedy
4451,Romance
4451,Ecchi
19997,Action
19997,Comedy
19997,Sci-Fi
19957,Adventure
19957,Drama
3768,Sports
17969,Adventure
17969,Fantasy
17671,Sports
16912,Comedy
16912,Fantasy
16233,Drama
49314,Avant Garde
49314,Horror
686,Comedy
686,Sci-Fi
2642,Fantasy
49771,Comedy
49771,Fantasy
1630,Adventure
1630,Comedy
1630,Fantasy
1333,Adventure
1333,Comedy
1333,Fantasy
44961,Drama
44961,Supernatural
44961,Suspense
9542,Comedy
9542,Romance
9542,Ecchi
59560,Action
59560,Adventure
59560,Fantasy
59070,Action
59070,Fantasy
57595,Fantasy
57595,Slice of Life
57003,Comedy
57003,Fantasy
56176,Supernatural
54684,Adventure
54684,Comedy
54684,Fantasy
51499,Adventure
53138,Avant Garde
37896,Fantasy
34939,Fantasy
36577,Fantasy
36577,Gourmet
36856,Adventure
36856,Sci-Fi
37104,Slice of Life
37291,Action
37291,Boys Love
37291,Horror
37291,Supernatural
37291,Suspense
37555,Action
37555,Comedy
37555,Fantasy
37566,Drama
34849,Avant Garde
20093,Comedy
20093,Slice of Life
39449,Drama
40267,Slice of Life
40267,Sports
4713,Fantasy
4713,Romance
31777,Slice of Life
31072,Comedy
41401,Adventure
41401,Comedy
30751,Comedy
30449,Comedy
30449,Sci-Fi
8491,Action
8491,Adventure
8491,Fantasy
8491,Supernatural
28371,Comedy
28371,Sci-Fi
43621,Sci-Fi
6680,Award Winning
6680,Supernatural
6425,Comedy
6425,Ecchi
5986,Adventure
5986,Fantasy
5673,Adventure
5673,Drama
45571,Fantasy
45571,Sci-Fi
46089,Comedy
46089,Fantasy
21037,Fantasy
21037,Mystery
21037,Sci-Fi
20463,Adventure
4444,Adventure
4444,Comedy
4444,Sports
19961,Comedy
19961,Slice of Life
18241,Comedy
3482,Comedy
3482,Sports
17291,Action
17291,Comedy
17291,Fantasy
48864,Slice of Life
16303,Comedy
16303,Sci-Fi
2760,Drama
2760,Sci-Fi
15093,Adventure
15093,Comedy
15093,Ecchi
2574,Adventure
2574,Fantasy
8861,Drama
8861,Romance
8861,Ecchi
2423,Action
2423,Drama
2423,Sci-Fi
515,Action
515,Adventure
515,Fantasy
515,Supernatural
2287,Adventure
2287,Comedy
2287,Fantasy
2287,Gourmet
49507,Comedy
2049,Action
2049,Adventure
2049,Comedy
2049,Fantasy
2049,Romance
1979,Avant Garde
1979,Fantasy
42295,Mystery
10301,Comedy
10301,Ecchi
10194,Action
10194,Adventure
10194,Comedy
10194,Mystery
60984,Comedy
60984,Sports
54655,Action
54655,Adventure
54655,Fantasy
57485,Action
57485,Comedy
55977,Action
55977,Comedy
54084,Comedy
54084,Fantasy
52892,Slice of Life
52612,Comedy
51685,Comedy
51685,Supernatural
48436,Comedy
9344,Slice of Life
24531,Comedy
24531,Ecchi
39271,Sports
34129,Action
34129,Adventure
34129,Drama
34129,Fantasy
34129,Supernatural
33358,Comedy
33194,Comedy
31923,Comedy
31923,Mystery
3846,Action
3846,Sci-Fi
10989,Comedy
41280,Avant Garde
41280,Drama
9244,Romance
9244,Sports
42445,Comedy
29233,Adventure
29233,Comedy
29233,Sci-Fi
42820,Avant Garde
8181,Sci-Fi
7739,Action
7739,Supernatural
7739,Ecchi
22481,Fantasy
45518,Mystery
45518,Sci-Fi
21291,Comedy
21291,Fantasy
4853,Comedy
4853,Horror
4853,Supernatural
3762,Action
3762,Sci-Fi
48508,Comedy
48508,Suspense
1026,Adventure
1026,Horror
1026,Supernatural
17325,Fantasy
17325,Sci-Fi
49495,Comedy
49370,Comedy
14249,Adventure
11791,Comedy
8336,Comedy
1984,Avant Garde
1984,Comedy
1984,Drama
1984,Mystery
11521,Comedy
11521,Fantasy
11505,Sci-Fi
1828,Action
1828,Fantasy
18815,Action
18815,Comedy
18815,Sci-Fi
1494,Horror
1494,Mystery
1494,Sci-Fi
1324,Boys Love
1324,Drama
59094,Adventure
54068,Avant Garde
53265,Supernatural
51371,Action
51061,Sci-Fi
41245,Horror
41245,Mystery
41245,Supernatural
21649,Slice of Life
12755,Fantasy
37177,Suspense
37181,Drama
37181,Romance
34602,Drama
34602,Romance
37481,Slice of Life
36857,Adventure
36857,Sci-Fi
37548,Sci-Fi
37662,Comedy
37662,Slice of Life
50909,Avant Garde
35265,Action
35265,Fantasy
34979,Comedy
34979,Slice of Life
39514,Adventure
39514,Drama
39514,Fantasy
39514,Sci-Fi
33681,Fantasy
33681,Slice of Life
39947,Fantasy
40181,Comedy
32593,Adventure
32593,Comedy
32593,Fantasy
40712,Action
40712,Sci-Fi
40753,Comedy
40753,Slice of Life
40983,Comedy
40983,Fantasy
31555,Comedy
41298,Drama
41298,Sports
30166,Comedy
30166,Fantasy
30166,Supernatural
29517,Sci-Fi
7956,Comedy
7956,Sci-Fi
25077,Mystery
23915,Fantasy
23763,Adventure
23763,Fantasy
22827,Adventure
22827,Comedy
22827,Fantasy
22827,Ecchi
45584,Action
45584,Sci-Fi
45584,Suspense
45618,Slice of Life
36515,Action
4420,Action
4420,Comedy
18669,Comedy
3818,Sci-Fi
15865,Comedy
766,Comedy
766,Drama
766,Sci-Fi
15505,Fantasy
2537,Fantasy
2537,Sci-Fi
545,Comedy
545,Sci-Fi
49735,Comedy
12243,Comedy
11547,Action
11547,Romance
41276,Fantasy
10920,Ecchi
1711,Adventure
1711,Comedy
1711,Romance
1711,Sci-Fi
1711,Ecchi
1580,Adventure
1580,Supernatural
1162,Action
1162,Adventure
1162,Comedy
1162,Fantasy
34566,Action
34566,Adventure
34566,Fantasy
59149,Comedy
51525,Comedy
16363,Action
16363,Adventure
16363,Fantasy
16363,Ecchi
32171,Action
32171,Adventure
32171,Fantasy
32171,Sci-Fi
36016,Fantasy
37318,Action
37318,Comedy
38389,Comedy
34669,Comedy
34669,Fantasy
33266,Sci-Fi
40301,Drama
40645,Drama
41078,Adventure
41078,Fantasy
41335,Action
41426,Slice of Life
29975,Action
29975,Sci-Fi
42343,Action
42343,Adventure
42343,Drama
42343,Sci-Fi
9338,Action
9338,Drama
9338,Mystery
42854,Avant Garde
42854,Fantasy
8442,Action
8442,Adventure
8442,Comedy
8442,Fantasy
8409,Comedy
7867,Action
7867,Adventure
6872,Action
6872,Adventure
6872,Drama
6872,Sci-Fi
24603,Comedy
24603,Fantasy
6227,Comedy
6227,Drama
6227,Ecchi
44775,Comedy
5133,Sci-Fi
46735,Comedy
4471,Adventure
47983,Action
4014,Action
4014,Sci-Fi
18953,Slice of Life
3909,Comedy
3909,Fantasy
3755,Fantasy
3600,Action
17605,Comedy
16738,Comedy
16738,Fantasy
16738,Slice of Life
3060,Action
3060,Sci-Fi
16508,Comedy
16508,Ecchi
16041,Action
16041,Adventure
16041,Sci-Fi
50636,Action
50636,Fantasy
2714,Drama
49668,Slice of Life
1909,Boys Love
1909,Comedy
1908,Boys Love
1908,Drama
34614,Comedy
34614,Sports
1851,Action
1851,Adventure
1851,Comedy
1851,Fantasy
1850,Action
1850,Adventure
1850,Fantasy
328,Drama
328,Romance
319,Comedy
319,Fantasy
319,Romance
319,Ecchi
7463,Comedy
7463,Ecchi
9972,Action
9972,Drama
9972,Sci-Fi
58033,Slice of Life
57846,Action
57201,Sci-Fi
56978,Comedy
56978,Fantasy
55207,Fantasy
54990,Comedy
52824,Adventure
52824,Fantasy
52006,Comedy
32961,Action
32961,Sci-Fi
36339,Comedy
36828,Action
36828,Sci-Fi
38226,Comedy
38226,Romance
38226,Sci-Fi
38016,Comedy
38016,Slice of Life
34489,Comedy
39562,Slice of Life
33011,Comedy
33011,Fantasy
31977,Drama
31977,Romance
40836,Comedy
41873,Action
27569,Fantasy
7549,Action
7549,Comedy
7549,Fantasy
22649,Fantasy
22439,Comedy
22439,Mystery
46924,Fantasy
4419,Comedy
4419,Fantasy
4419,Slice of Life
4213,Drama
4213,Romance
4131,Action
4131,Adventure
3758,Adventure
3525,Action
3525,Avant Garde
3525,Horror
3525,Sci-Fi
17787,Sci-Fi
3509,Action
1037,Action
1037,Fantasy
1037,Supernatural
3451,Adventure
3451,Sci-Fi
3258,Horror
3258,Sci-Fi
3251,Action
838,Drama
838,Horror
838,Sci-Fi
838,Suspense
15085,Fantasy
15085,Mystery
15085,Romance
42516,Comedy
14231,Fantasy
14231,Romance
2322,Comedy
2322,Sci-Fi
2322,Ecchi
2301,Action
2301,Sci-Fi
12589,Adventure
1991,Action
1991,Sci-Fi
11203,Adventure
11203,Comedy
624,Action
624,Comedy
624,Ecchi
10057,Comedy
10057,Fantasy
1156,Action
1156,Drama
1156,Mystery
1156,Sci-Fi
59251,Action
59251,Sci-Fi
56405,Action
56405,Fantasy
54120,Comedy
55365,Gourmet
55365,Slice of Life
52897,Fantasy
52880,Action
52880,Fantasy
52230,Horror
51016,Avant Garde
51016,Suspense
10802,Action
10802,Comedy
35656,Comedy
35656,Fantasy
35656,Mystery
35417,Fantasy
35417,Ecchi
33462,Comedy
32622,Adventure
32622,Fantasy
32503,Ecchi
31890,Comedy
31890,Fantasy
30916,Action
31064,Action
31064,Sci-Fi
35115,Supernatural
36578,Romance
36757,Fantasy
36761,Comedy
37602,Drama
37842,Comedy
38285,Drama
38285,Romance
38385,Adventure
38385,Sci-Fi
38539,Fantasy
38562,Comedy
50930,Comedy
40166,Action
40166,Adventure
40166,Comedy
40166,Sci-Fi
40948,Action
40948,Sci-Fi
34757,Slice of Life
30155,Action
30155,Adventure
30155,Comedy
30155,Fantasy
29943,Avant Garde
9015,Comedy
9015,Fantasy
29135,Adventure
29135,Fantasy
8152,Adventure
8152,Comedy
8152,Fantasy
8152,Horror
8152,Supernatural
7363,Action
6593,Adventure
6593,Fantasy
44075,Action
44075,Fantasy
6012,Drama
22615,Fantasy
21947,Comedy
21947,Fantasy
21427,Comedy
4823,Horror
4823,Supernatural
4537,Comedy
25429,Action
25429,Comedy
25429,Romance
25429,Supernatural
25429,Ecchi
4025,Adventure
4025,Fantasy
19087,Adventure
19087,Comedy
3642,Fantasy
3642,Ecchi
3506,Avant Garde
3506,Sci-Fi
3277,Comedy
3277,Sports
17090,Adventure
16970,Comedy
16970,Ecchi
16163,Adventure
16163,Comedy
749,Comedy
14095,Action
14095,Comedy
2023,Action
2023,Comedy
2023,Supernatural
321,Action
321,Comedy
321,Sci-Fi
321,Ecchi
50318,Fantasy
1628,Action
1628,Horror
1628,Supernatural
9846,Mystery
37888,Action
37888,Adventure
37888,Fantasy
51128,Action
51128,Adventure
51128,Fantasy
59013,Comedy
57302,Comedy
57238,Fantasy
56006,Romance
55214,Adventure
55214,Fantasy
54050,Adventure
54050,Comedy
54050,Fantasy
50878,Adventure
50878,Comedy
53783,Action
53061,Avant Garde
53014,Romance
50882,Comedy
48898,Supernatural
38157,Sci-Fi
38157,Sports
13807,Horror
23551,Comedy
30058,Action
35773,Comedy
37750,Adventure
38361,Fantasy
38368,Horror
38689,Action
38689,Fantasy
35326,Action
35326,Fantasy
6704,Action
6704,Adventure
6704,Fantasy
6704,Ecchi
34016,Comedy
34016,Romance
33532,Fantasy
33152,Mystery
33115,Fantasy
39067,Fantasy
32316,Comedy
41135,Adventure
41135,Fantasy
9385,Action
9385,Sci-Fi
29837,Mystery
29837,Supernatural
8668,Ecchi
8239,Adventure
8239,Drama
28093,Fantasy
43043,Supernatural
25253,Comedy
25253,Mystery
23645,Fantasy
23351,Adventure
23351,Horror
23351,Supernatural
23343,Fantasy
23343,Slice of Life
5636,Action
5636,Adventure
22487,Fantasy
22381,Comedy
22381,Fantasy
47537,Mystery
47537,Supernatural
19897,Comedy
19897,Romance
18827,Fantasy
18389,Comedy
3120,Drama
3120,Romance
49184,Slice of Life
43763,Drama
43763,Sports
14247,Drama
14247,Romance
14007,Action
14007,Drama
14007,Sci-Fi
49831,Action
49831,Drama
49831,Fantasy
2019,Action
2019,Adventure
2019,Drama
2019,Sci-Fi
48517,Comedy
48517,Gourmet
48517,Sports
366,Action
366,Adventure
366,Comedy
366,Sci-Fi
366,Ecchi
10820,Sci-Fi
50604,Adventure
50604,Sci-Fi
9951,Supernatural
21067,Comedy
9880,Fantasy
1269,Action
1269,Horror
19769,Action
19769,Fantasy
54367,Slice of Life
56621,Avant Garde
55319,Slice of Life
55319,Sports
53274,Fantasy
53084,Comedy
52996,Fantasy
52650,Drama
51543,Comedy
50526,Action
50526,Sci-Fi
49311,Sci-Fi
38112,Comedy
38112,Fantasy
6861,Avant Garde
6861,Fantasy
6861,Sci-Fi
34862,Action
34862,Fantasy
33911,Comedy
37706,Comedy
37706,Gourmet
37706,Supernatural
32548,Action
32422,Romance
29801,Drama
9175,Comedy
9175,Slice of Life
8337,Action
8337,Fantasy
42955,Action
42955,Fantasy
7290,Action
7290,Adventure
7290,Sci-Fi
25089,Drama
25089,Slice of Life
6932,Comedy
24275,Comedy
24275,Gourmet
6107,Comedy
6107,Mystery
5927,Comedy
5927,Romance
5927,Sci-Fi
22977,Comedy
22977,Horror
22591,Adventure
22591,Boys Love
22591,Comedy
22591,Fantasy
44752,Action
44752,Adventure
44752,Comedy
22495,Fantasy
4521,Adventure
4521,Sci-Fi
19917,Drama
18819,Fantasy
18819,Mystery
18629,Drama
18629,Slice of Life
17955,Fantasy
3461,Adventure
3461,Fantasy
48615,Comedy
17379,Action
881,Comedy
881,Romance
881,Ecchi
2781,Mystery
2781,Supernatural
12361,Action
1955,Comedy
1955,Fantasy
1955,Sci-Fi
10882,Action
10882,Supernatural
10581,Action
10581,Drama
10581,Sci-Fi
10526,Action
37154,Action
37154,Adventure
37154,Fantasy
1226,Action
1226,Adventure
1226,Comedy
1226,Drama
1226,Romance
1226,Sci-Fi
9498,Action
9498,Comedy
9451,Comedy
55587,Fantasy
58248,Action
58248,Fantasy
57889,Comedy
57609,Action
57609,Drama
55957,Fantasy
53254,Action
53254,Fantasy
53844,Comedy
53766,Comedy
52877,Adventure
52877,Drama
52877,Mystery
51542,Comedy
50473,Comedy
44202,Action
44202,Drama
44202,Supernatural
44202,Suspense
36525,Drama
36525,Suspense
8960,Action
8960,Comedy
37026,Comedy
37026,Sci-Fi
37980,Adventure
37980,Comedy
37980,Fantasy
38676,Comedy
35586,Sci-Fi
35113,Comedy
39264,Adventure
39264,Drama
39264,Romance
39264,Supernatural
33281,Comedy
31581,Comedy
31581,Sci-Fi
31581,Slice of Life
31581,Sports
30097,Action
30097,Comedy
29613,Adventure
29613,Comedy
42507,Slice of Life
8891,Comedy
8891,Romance
42685,Action
42685,Comedy
42685,Romance
42685,Sci-Fi
42685,Ecchi
42825,Action
8184,Adventure
7510,Award Winning
7510,Drama
7510,Supernatural
7491,Action
7491,Adventure
7491,Fantasy
26017,Comedy
25029,Adventure
25029,Fantasy
6731,Comedy
24373,Comedy
6311,Comedy
5862,Sci-Fi
44236,Action
22573,Fantasy
22489,Fantasy
19505,Adventure
1071,Drama
1071,Romance
1036,Romance
1036,Supernatural
17521,Adventure
16510,Adventure
16454,Comedy
16454,Ecchi
16245,Comedy
14519,Comedy
14519,Gourmet
546,Drama
546,Romance
546,Supernatural
11959,Comedy
2015,Comedy
5178,Action
5178,Supernatural
10501,Comedy
10501,Supernatural
50415,Comedy
32613,Action
32613,Fantasy
10061,Comedy
10061,Fantasy
9978,Action
9978,Sci-Fi
1378,Action
1349,Action
1349,Sci-Fi
9768,Adventure
9768,Comedy
9768,Fantasy
1167,Action
9438,Action
9438,Adventure
9438,Sci-Fi
1139,Adventure
1139,Fantasy
42867,Comedy
59899,Comedy
59629,Comedy
59629,Fantasy
59457,Comedy
59457,Romance
59457,Ecchi
59049,Comedy
59049,Romance
58739,Action
58739,Fantasy
58739,Sci-Fi
56400,Action
56400,Adventure
56400,Fantasy
53248,Comedy
53248,Fantasy
37600,Action
37600,Sci-Fi
31793,Comedy
30309,Slice of Life
38087,Comedy
38087,Fantasy
38446,Comedy
38711,Slice of Life
35443,Slice of Life
39097,Drama
34940,Adventure
34940,Supernatural
39310,Action
34292,Comedy
34292,Supernatural
32343,Fantasy
40868,Slice of Life
31827,Adventure
31827,Comedy
31827,Fantasy
41203,Sci-Fi
38572,Fantasy
42593,Comedy
8890,Comedy
8890,Romance
28367,Comedy
28367,Sci-Fi
28235,Comedy
28235,Drama
28235,Romance
28235,Sci-Fi
27789,Drama
27789,Fantasy
27789,Slice of Life
7668,Romance
7427,Action
7427,Comedy
7427,Sci-Fi
7427,Ecchi
25431,Action
25431,Adventure
25431,Fantasy
6942,Sci-Fi
25033,Romance
23721,Fantasy
41379,Drama
41379,Fantasy
22499,Fantasy
4685,Fantasy
4534,Action
4534,Sci-Fi
19681,Comedy
19681,Fantasy
19447,Fantasy
18635,Comedy
18635,Slice of Life
3398,Action
3398,Sci-Fi
17441,Drama
17441,Sports
3290,Comedy
3290,Fantasy
2693,Comedy
2693,Fantasy
2607,Action
2607,Adventure
2607,Comedy
2607,Sci-Fi
13993,Action
13993,Drama
13993,Fantasy
49652,Comedy
13691,Drama
2461,Action
2461,Sci-Fi
12145,Comedy
1928,Action
1928,Adventure
10718,Drama
10718,Sci-Fi
1743,Action
1743,Comedy
1743,Sci-Fi
50302,Avant Garde
50302,Slice of Life
10481,Drama
10481,Mystery
10481,Romance
9991,Adventure
9990,Avant Garde
9990,Drama
49110,Avant Garde
49110,Horror
49110,Supernatural
1234,Comedy
1234,Romance
1234,Sci-Fi
1234,Ecchi
1150,Action
1150,Adventure
1150,Fantasy
1150,Supernatural
51151,Slice of Life
61149,Comedy
56882,Slice of Life
55920,Adventure
55920,Slice of Life
24855,Slice of Life
36585,Drama
36861,Action
36861,Fantasy
37013,Action
37013,Drama
35628,Drama
35628,Romance
38925,Slice of Life
39020,Avant Garde
39020,Comedy
39020,Sci-Fi
39217,Comedy
39513,Romance
40034,Slice of Life
40517,Drama
40517,Sci-Fi
31669,Comedy
11715,Comedy
41062,Action
41062,Adventure
41062,Sci-Fi
30634,Sci-Fi
30923,Fantasy
42740,Action
42740,Adventure
8403,Drama
28433,Drama
28433,Sci-Fi
28433,Slice of Life
28227,Drama
28227,Ecchi
7960,Action
7960,Suspense
22617,Fantasy
5478,Adventure
5478,Fantasy
21967,Comedy
21967,Fantasy
45626,Action
4948,Adventure
4948,Fantasy
20961,Action
20961,Adventure
20961,Fantasy
3787,Comedy
3787,Sci-Fi
45665,Action
45665,Fantasy
45665,Slice of Life
1098,Action
1098,Comedy
1098,Fantasy
18003,Comedy
17887,Action
17887,Sci-Fi
1055,Action
1055,Drama
1055,Sci-Fi
1055,Suspense
17719,Comedy
17167,Action
17167,Adventure
17167,Sci-Fi
16798,Action
16798,Adventure
2906,Action
2906,Sci-Fi
748,Romance
49284,Fantasy
2621,Boys Love
2621,Drama
2066,Action
2066,Adventure
2066,Sci-Fi
1874,Comedy
1874,Romance
1874,Ecchi
50419,Comedy
1267,Adventure
1267,Fantasy
33902,Slice of Life
56141,Action
59656,Action
59656,Fantasy
57358,Comedy
55754,Comedy
55754,Fantasy
54754,Adventure
54754,Drama
54754,Fantasy
52970,Comedy
36229,Fantasy
36229,Romance
33363,Comedy
33363,Drama
27613,Comedy
34600,Slice of Life
36731,Drama
37460,Fantasy
37460,Slice of Life
37460,Supernatural
37865,Action
37865,Adventure
37865,Fantasy
38722,Comedy
35367,Romance
35254,Adventure
35254,Comedy
34367,Comedy
34367,Sports
39653,Adventure
39653,Comedy
39653,Fantasy
39840,Slice of Life
33798,Sports
33669,Action
33669,Fantasy
33669,Slice of Life
40124,Comedy
33226,Comedy
32609,Adventure
40749,Comedy
32139,Avant Garde
40940,Action
40940,Fantasy
41496,Action
41496,Drama
30278,Action
30278,Supernatural
30098,Comedy
9282,Fantasy
8972,Fantasy
42791,Action
25833,Drama
6577,Action
6577,Fantasy
39799,Comedy
39799,Romance
39799,Supernatural
39799,Ecchi
22623,Fantasy
22461,Fantasy
5475,Action
5475,Adventure
5475,Comedy
5475,Sci-Fi
19627,Drama
19627,Slice of Life
3880,Sci-Fi
18683,Action
18683,Comedy
18683,Romance
17621,Action
17621,Sci-Fi
17603,Comedy
17489,Adventure
17489,Comedy
3361,Action
3361,Sci-Fi
841,Comedy
841,Ecchi
11405,Action
11405,Sci-Fi
50150,Romance
294,Adventure
294,Drama
294,Sci-Fi
10139,Adventure
10139,Comedy
10139,Sci-Fi
1452,Comedy
1452,Romance
9665,Sports
1148,Horror
1148,Supernatural
9423,Slice of Life
4524,Action
4524,Adventure
57709,Comedy
54847,Avant Garde
54847,Comedy
52906,Comedy
52906,Drama
52878,Action
52878,Adventure
52878,Fantasy
52811,Action
52811,Drama
52811,Suspense
41612,Action
41612,Adventure
41612,Comedy
41612,Fantasy
30499,Slice of Life
33966,Adventure
33966,Fantasy
37881,Slice of Life
39290,Avant Garde
39290,Drama
19235,Fantasy
33958,Comedy
33473,Comedy
33473,Sports
33325,Comedy
33325,Sports
40894,Comedy
40894,Supernatural
31539,Comedy
31018,Comedy
41470,Comedy
29834,Drama
29834,Sports
8829,Comedy
8829,Slice of Life
8416,Comedy
8183,Adventure
15605,Romance
7216,Adventure
7216,Fantasy
43704,Comedy
43704,Drama
5875,Comedy
5052,Action
5052,Drama
5052,Sci-Fi
20603,Comedy
19431,Comedy
19431,Girls Love
19431,Ecchi
18599,Comedy
17563,Action
17563,Sci-Fi
3406,Comedy
3406,Sci-Fi
41339,Drama
41339,Slice of Life
15769,Fantasy
14253,Fantasy
2304,Comedy
2304,Sci-Fi
2051,Action
2051,Drama
2051,Sci-Fi
50533,Sports
10040,Comedy
9464,Comedy
57798,Action
57798,Sci-Fi
56419,Avant Garde
56419,Drama
55179,Fantasy
54137,Avant Garde
53767,Action
53767,Sci-Fi
52748,Sci-Fi
52743,Avant Garde
52743,Award Winning
22835,Comedy
22835,Ecchi
35859,Comedy
36030,Comedy
37099,Adventure
37099,Comedy
37311,Action
37311,Adventure
37311,Sci-Fi
28537,Action
28537,Fantasy
35411,Fantasy
35230,Comedy
21295,Comedy
21295,Fantasy
6327,Fantasy
39322,Drama
40078,Adventure
40078,Fantasy
40377,Sci-Fi
32256,Fantasy
32256,Romance
32256,Sci-Fi
32255,Drama
31299,Fantasy
30125,Comedy
42439,Drama
42443,Comedy
8855,Fantasy
29367,Adventure
28759,Adventure
28759,Fantasy
8496,Comedy
28369,Comedy
28369,Sci-Fi
25871,Comedy
25871,Slice of Life
2163,Action
2163,Comedy
2163,Ecchi
6985,Romance
6985,Supernatural
6072,Adventure
6072,Fantasy
23213,Comedy
23213,Slice of Life
22627,Fantasy
22477,Fantasy
22457,Fantasy
45658,Comedy
45658,Fantasy
4682,Comedy
20353,Horror
19773,Adventure
19773,Comedy
19773,Supernatural
18205,Comedy
18205,Slice of Life
18083,Fantasy
17983,Fantasy
1084,Drama
1084,Romance
48586,Slice of Life
17351,Comedy
2822,Comedy
33447,Gourmet
33447,Slice of Life
49410,Comedy
49410,Slice of Life
14183,Drama
14183,Romance
49977,Award Winning
11541,Comedy
9646,Action
11005,Fantasy
11005,Ecchi
56186,Horror
55004,Comedy
55004,Fantasy
53275,Slice of Life
53774,Action
52882,Comedy
52882,Mystery
52700,Romance
51889,Comedy
51767,Avant Garde
51485,Supernatural
7980,Comedy
7980,Slice of Life
7980,Supernatural
36073,Comedy
36586,Drama
38525,Adventure
38624,Comedy
35625,Fantasy
39181,Avant Garde
6071,Fantasy
34039,Avant Garde
40117,Comedy
40364,Slice of Life
40474,Fantasy
40642,Drama
40642,Supernatural
12887,Action
12887,Adventure
12887,Sci-Fi
40738,Drama
31965,Comedy
31965,Fantasy
31454,Action
31454,Sci-Fi
30746,Comedy
30519,Comedy
30519,Fantasy
29727,Adventure
9098,Action
9098,Comedy
9098,Fantasy
28983,Adventure
26303,Drama
26303,Fantasy
43418,Avant Garde
7164,Comedy
7164,Fantasy
7164,Slice of Life
24677,Supernatural
24089,Action
24089,Comedy
5928,Drama
5928,Sci-Fi
5013,Adventure
5013,Drama
20109,Comedy
19073,Fantasy
3683,Comedy
49199,Action
49199,Sci-Fi
588,Comedy
588,Fantasy
588,Romance
588,Ecchi
12371,Adventure
12371,Fantasy
2024,Comedy
10889,Comedy
61410,Comedy
61410,Fantasy
58746,Comedy
57180,Avant Garde
57180,Horror
57180,Supernatural
56552,Comedy
56552,Fantasy
54210,Comedy
54210,Fantasy
53619,Comedy
51427,Comedy
27997,Fantasy
37051,Fantasy
37051,Slice of Life
37419,Slice of Life
21507,Action
21507,Comedy
21507,Fantasy
38987,Drama
6443,Action
6443,Adventure
6443,Comedy
6443,Ecchi
39482,Action
39482,Comedy
39482,Fantasy
39482,Romance
36639,Fantasy
33755,Drama
33318,Avant Garde
33318,Drama
33026,Adventure
33026,Comedy
32257,Fantasy
40707,Romance
31164,Slice of Life
31164,Supernatural
30571,Action
30571,Sci-Fi
8900,Adventure
8900,Comedy
8900,Fantasy
8900,Romance
29283,Comedy
29283,Sci-Fi
8011,Action
8011,Comedy
8011,Sci-Fi
25965,Comedy
23829,Comedy
23829,Sci-Fi
23303,Drama
23303,Slice of Life
5829,Action
5829,Sci-Fi
22647,Fantasy
22449,Fantasy
5234,Comedy
5234,Ecchi
46118,Sports
21025,Drama
21025,Suspense
19397,Comedy
19397,Fantasy
3889,Comedy
3889,Romance
3889,Ecchi
18755,Comedy
18755,Sci-Fi
18577,Slice of Life
1097,Drama
1097,Supernatural
1097,Ecchi
17447,Drama
17447,Sports
3178,Action
3178,Adventure
3178,Fantasy
3178,Horror
3178,Supernatural
16415,Comedy
16317,Comedy
16159,Action
16159,Comedy
16159,Sci-Fi
16345,Action
16345,Adventure
16345,Comedy
2830,Adventure
2830,Drama
2830,Slice of Life
2824,Adventure
2824,Comedy
2754,Action
2754,Adventure
2754,Sci-Fi
23423,Comedy
23423,Romance
23423,Ecchi
15043,Comedy
15043,Supernatural
14359,Fantasy
13307,Action
13307,Adventure
13143,Action
2095,Adventure
2095,Sci-Fi
1885,Comedy
1885,Fantasy
1838,Drama
1838,Romance
10306,Comedy
10224,Action
10224,Adventure
10224,Sci-Fi
46604,Action
46604,Drama
46604,Sci-Fi
1228,Action
1228,Comedy
1228,Fantasy
1228,Supernatural
1228,Ecchi
9528,Action
9528,Adventure
9528,Sci-Fi
1155,Adventure
1155,Comedy
1155,Sci-Fi
47639,Fantasy
59614,Action
59614,Sci-Fi
56526,Comedy
56526,Fantasy
49321,Action
49321,Adventure
49321,Comedy
49321,Fantasy
31790,Action
31790,Sci-Fi
35676,Action
35676,Adventure
35676,Drama
35676,Fantasy
35676,Horror
36582,Slice of Life
37391,Adventure
37391,Comedy
35616,Fantasy
34738,Supernatural
34678,Action
34548,Sports
39457,Comedy
39457,Slice of Life
39564,Slice of Life
34006,Sci-Fi
33972,Action
33803,Supernatural
39893,Action
39893,Comedy
39893,Sci-Fi
40367,Action
40367,Adventure
40367,Drama
40367,Sci-Fi
40378,Horror
40378,Supernatural
40405,Action
40405,Fantasy
40405,Mystery
40477,Supernatural
40779,Comedy
31073,Comedy
30862,Avant Garde
41547,Sci-Fi
30193,Drama
9167,Ecchi
8928,Avant Garde
8213,Comedy
8150,Adventure
8150,Comedy
8150,Fantasy
8150,Horror
8150,Supernatural
27619,Comedy
27619,Romance
27619,Ecchi
6889,Action
6889,Adventure
6889,Comedy
6889,Sci-Fi
24817,Sports
6727,Comedy
6727,Sci-Fi
24109,Supernatural
38163,Ecchi
6062,Action
6062,Adventure
6062,Comedy
23189,Comedy
5922,Adventure
5922,Fantasy
5821,Comedy
22485,Fantasy
22393,Fantasy
5314,Adventure
5314,Comedy
5314,Fantasy
5272,Adventure
21775,Comedy
21775,Romance
4484,Drama
4484,Horror
4484,Romance
3669,Adventure
3669,Fantasy
1106,Comedy
17965,Action
17965,Sci-Fi
3595,Action
3595,Horror
3595,Supernatural
17727,Comedy
17727,Supernatural
40608,Action
40608,Drama
40608,Sci-Fi
2079,Adventure
2079,Comedy
2079,Fantasy
2079,Ecchi
50110,Girls Love
10755,Mystery
1643,Action
1643,Comedy
1643,Sci-Fi
10039,Comedy
9522,Action
9522,Adventure
9522,Sci-Fi
56,Adventure
56,Fantasy
56,Sci-Fi
40783,Action
40783,Adventure
40783,Fantasy
59148,Mystery
57753,Comedy
56178,Comedy
56178,Fantasy
55166,Avant Garde
55166,Horror
55166,Supernatural
55033,Comedy
54809,Slice of Life
53867,Avant Garde
53721,Avant Garde
53639,Fantasy
53639,Slice of Life
52935,Fantasy
52935,Slice of Life
52497,Slice of Life
51133,Romance
36797,Comedy
36797,Fantasy
8227,Adventure
8227,Fantasy
8227,Horror
8227,Supernatural
8862,Comedy
31143,Comedy
31143,Supernatural
29269,Sci-Fi
36156,Fantasy
36666,Adventure
36666,Sci-Fi
37058,Action
38295,Comedy
38067,Sports
34852,Drama
34852,Slice of Life
39335,Fantasy
39335,Mystery
39385,Romance
34332,Comedy
34332,Slice of Life
34286,Avant Garde
40452,Slice of Life
40794,Drama
40961,Action
40961,Adventure
40961,Fantasy
41340,Horror
41340,Romance
30450,Comedy
30450,Sci-Fi
37576,Action
37576,Adventure
37576,Drama
37576,Fantasy
29876,Action
29876,Comedy
29876,Fantasy
29876,Romance
29876,Sci-Fi
8936,Drama
8132,Action
6989,Action
6989,Adventure
6989,Sci-Fi
6809,Horror
6761,Comedy
22975,Comedy
22975,Horror
21013,Action
4598,Adventure
4598,Comedy
3152,Action
3152,Adventure
3152,Sci-Fi
49429,Slice of Life
12897,Sci-Fi
1685,Action
1685,Comedy
1685,Fantasy
39990,Comedy
39990,Supernatural
10270,Adventure
10270,Fantasy
9862,Adventure
9862,Fantasy
8241,Comedy
8241,Ecchi
56189,Action
56189,Sci-Fi
55710,Mystery
55710,Sci-Fi
51825,Slice of Life
52879,Romance
52808,Action
52808,Supernatural
51684,Comedy
51193,Comedy
51193,Ecchi
30386,Drama
30386,Slice of Life
36753,Boys Love
37484,Action
37484,Adventure
37484,Comedy
37484,Fantasy
38440,Action
38440,Drama
38440,Sci-Fi
5629,Sci-Fi
39668,Slice of Life
39703,Drama
5421,Action
5421,Fantasy
5421,Sci-Fi
5421,Supernatural
39905,Mystery
39905,Romance
39905,Suspense
40129,Comedy
40155,Sports
40816,Avant Garde
41349,Slice of Life
10540,Comedy
30453,Comedy
30453,Sci-Fi
30264,Fantasy
9393,Action
42725,Fantasy
42831,Comedy
42831,Supernatural
8533,Drama
8533,Romance
8226,Adventure
8226,Fantasy
8226,Horror
8226,Supernatural
7092,Comedy
7092,Sports
6636,Action
6636,Sci-Fi
44208,Avant Garde
44208,Horror
44208,Supernatural
22821,Comedy
37992,Comedy
37992,Fantasy
37992,Romance
44590,Comedy
22459,Fantasy
21997,Action
21997,Adventure
21997,Comedy
21997,Fantasy
31318,Action
31318,Adventure
31318,Fantasy
20145,Comedy
20145,Slice of Life
4331,Comedy
4129,Comedy
4091,Slice of Life
3599,Action
3599,Horror
33184,Action
33184,Sci-Fi
858,Drama
858,Romance
858,Sci-Fi
49164,Horror
49164,Suspense
49342,Action
49342,Ecchi
49368,Action
49368,Comedy
13983,Comedy
13967,Comedy
2292,Action
2292,Adventure
2292,Sci-Fi
216,Comedy
216,Romance
59820,Comedy
59820,Fantasy
59820,Ecchi
59357,Comedy
57646,Action
57646,Adventure
57646,Fantasy
57398,Slice of Life
56172,Comedy
55720,Comedy
55720,Fantasy
54127,Fantasy
52450,Avant Garde
52977,Comedy
52977,Fantasy
52810,Adventure
52810,Fantasy
52810,Mystery
52365,Comedy
16169,Comedy
25257,Comedy
37151,Action
38219,Gourmet
38219,Slice of Life
35313,Adventure
35313,Comedy
39316,Comedy
34162,Award Winning
40252,Fantasy
32927,Action
40403,Action
40403,Adventure
40403,Sci-Fi
31738,Comedy
29716,Adventure
29716,Drama
29716,Sci-Fi
8451,Drama
8196,Comedy
8196,Sports
7836,Sports
43323,Avant Garde
6993,Comedy
6718,Action
6718,Adventure
6718,Sci-Fi
22637,Fantasy
22491,Fantasy
21523,Action
46639,Action
46639,Fantasy
20125,Comedy
20083,Comedy
20083,Sci-Fi
19959,Comedy
19959,Fantasy
19871,Action
19871,Fantasy
19871,Supernatural
48352,Slice of Life
3498,Action
3336,Fantasy
15823,Adventure
2739,Drama
2739,Fantasy
2727,Action
2727,Comedy
2483,Action
2483,Adventure
2183,Comedy
2183,Sports
12485,Comedy
12485,Horror
12485,Mystery
12485,Supernatural
49975,Sports
12259,Comedy
12259,Drama
12259,Mystery
12037,Comedy
11421,Adventure
275,Comedy
275,Romance
275,Ecchi
10595,Romance
1665,Action
1665,Sci-Fi
1625,Adventure
1625,Comedy
1625,Romance
1625,Sci-Fi
1625,Ecchi
10113,Action
9998,Comedy
9998,Drama
9998,Romance
9940,Drama
1245,Action
1245,Drama
1245,Horror
1245,Sci-Fi
1245,Supernatural
61049,Comedy
55939,Comedy
55939,Sci-Fi
55278,Boys Love
55278,Fantasy
55044,Comedy
54798,Action
54798,Suspense
54218,Comedy
52026,Comedy
36805,Fantasy
37308,Comedy
37409,Comedy
37409,Slice of Life
38024,Action
38024,Fantasy
38678,Sci-Fi
38678,Slice of Life
34467,Avant Garde
34467,Horror
34467,Supernatural
37933,Comedy
35635,Action
35635,Fantasy
35501,Comedy
34538,Supernatural
33903,Slice of Life
40013,Comedy
33279,Comedy
33279,Sci-Fi
14045,Comedy
30985,Drama
30617,Comedy
30122,Comedy
30122,Sci-Fi
30095,Action
30095,Comedy
8919,Slice of Life
29291,Action
8745,Action
8745,Fantasy
8745,Supernatural
7953,Adventure
7953,Fantasy
7953,Romance
7953,Sci-Fi
7953,Supernatural
7771,Fantasy
7314,Adventure
7314,Fantasy
7052,Action
24047,Adventure
6524,Adventure
43751,Slice of Life
23661,Fantasy
6156,Adventure
6156,Comedy
31865,Comedy
31865,Romance
5783,Adventure
5783,Comedy
22603,Adventure
22603,Fantasy
22447,Fantasy
5270,Action
5270,Sci-Fi
18085,Fantasy
18029,Fantasy
1099,Action
1099,Adventure
1099,Drama
1099,Fantasy
17987,Fantasy
3294,Mystery
3294,Sci-Fi
16648,Action
16648,Comedy
16648,Fantasy
49005,Avant Garde
824,Comedy
824,Romance
824,Ecchi
15749,Slice of Life
15407,Fantasy
2465,Comedy
13309,Fantasy
1973,Avant Garde
1973,Mystery
1973,Supernatural
1940,Adventure
1940,Comedy
1940,Sci-Fi
1940,Ecchi
10759,Drama
50285,Comedy
50474,Action
50474,Adventure
50474,Fantasy
50021,Action
50021,Sci-Fi
9595,Sci-Fi
60410,Avant Garde
60410,Horror
60410,Supernatural
55316,Action
55316,Avant Garde
55316,Sci-Fi
53395,Slice of Life
53110,Comedy
51923,Action
51923,Fantasy
49616,Comedy
36166,Comedy
36166,Sci-Fi
23259,Action
23259,Sci-Fi
36298,Comedy
37368,Comedy
37368,Slice of Life
37268,Fantasy
37268,Sci-Fi
37687,Mystery
38014,Adventure
38347,Romance
38526,Adventure
39663,Supernatural
33777,Avant Garde
33777,Award Winning
33777,Drama
40085,Comedy
33348,Action
33348,Adventure
33348,Drama
32816,Comedy
32816,Sports
40570,Fantasy
41574,Adventure
41574,Fantasy
42174,Action
42174,Fantasy
9349,Action
9349,Comedy
9349,Drama
29429,Adventure
29429,Fantasy
42641,Action
8619,Ecchi
28381,Fantasy
27915,Sports
27621,Comedy
7466,Comedy
25921,Adventure
24127,Horror
24127,Supernatural
1912,Boys Love
44591,Comedy
44591,Fantasy
4210,Drama
19069,Slice of Life
3906,Horror
3863,Comedy
18419,Comedy
48470,Action
48470,Drama
48470,Fantasy
2775,Action
2775,Horror
2775,Sci-Fi
2910,Comedy
2910,Romance
2910,Sci-Fi
2910,Ecchi
2731,Action
14347,Action
14347,Drama
50084,Sci-Fi
39063,Action
39063,Fantasy
39966,Sports
1427,Action
1427,Adventure
1427,Comedy
1427,Mystery
57489,Boys Love
57489,Fantasy
57109,Comedy
54944,Action
54074,Avant Garde
53135,Fantasy
51738,Comedy
51324,Action
51324,Sci-Fi
51296,Mystery
51296,Sci-Fi
36996,Action
36722,Action
36722,Adventure
36722,Fantasy
36722,Mystery
36722,Supernatural
37174,Slice of Life
38331,Mystery
38331,Romance
38290,Fantasy
38290,Slice of Life
38744,Action
38744,Adventure
38744,Fantasy
26085,Comedy
26085,Ecchi
35250,Comedy
35250,Fantasy
35250,Sci-Fi
34511,Action
34511,Adventure
34511,Comedy
34511,Mystery
33941,Slice of Life
34941,Action
34941,Adventure
34941,Fantasy
34941,Ecchi
40297,Adventure
40297,Avant Garde
33048,Action
33048,Romance
33048,Sci-Fi
32191,Supernatural
8316,Comedy
8316,Sports
28251,Comedy
28251,Romance
8025,Comedy
27677,Action
27677,Sci-Fi
7750,Comedy
7750,Sci-Fi
25967,Comedy
25967,Sports
7294,Adventure
7294,Fantasy
22635,Comedy
22455,Fantasy
21937,Comedy
21937,Fantasy
21773,Comedy
21773,Romance
5157,Action
5157,Adventure
5157,Avant Garde
5157,Mystery
5157,Supernatural
20975,Adventure
20975,Sci-Fi
4553,Fantasy
18081,Fantasy
48391,Fantasy
1076,Action
1076,Adventure
1076,Fantasy
17405,Horror
17201,Adventure
17201,Fantasy
17131,Action
17131,Comedy
17131,Drama
17131,Sci-Fi
756,Drama
756,Romance
11471,Action
50517,Avant Garde
58473,Action
58473,Adventure
58473,Comedy
58473,Fantasy
58473,Ecchi
55279,Boys Love
55279,Fantasy
54902,Action
54902,Sci-Fi
52562,Comedy
51780,Action
51780,Adventure
51780,Comedy
51780,Fantasy
37387,Fantasy
36245,Horror
36245,Suspense
7729,Adventure
33889,Action
33889,Drama
33889,Fantasy
33889,Sci-Fi
29323,Slice of Life
37529,Slice of Life
38061,Slice of Life
38363,Comedy
36458,Action
36458,Fantasy
38954,Slice of Life
34975,Action
34622,Action
39584,Drama
39584,Sci-Fi
39584,Suspense
33986,Comedy
33986,Slice of Life
39890,Drama
40171,Avant Garde
4264,Action
4264,Sci-Fi
30289,Slice of Life
9205,Comedy
9205,Sports
42658,Action
42787,Slice of Life
8493,Adventure
8493,Supernatural
42906,Drama
42906,Horror
5842,Comedy
20113,Adventure
3849,Comedy
3759,Comedy
3759,Romance
17267,Comedy
17267,Mystery
1790,Action
1790,Comedy
1790,Romance
1790,Sci-Fi
1790,Ecchi
10545,Action
10545,Fantasy
10545,Supernatural
1442,Action
1442,Adventure
1442,Fantasy
1442,Sci-Fi
1442,Supernatural
9446,Comedy
60669,Comedy
59002,Action
59002,Adventure
59002,Fantasy
58307,Comedy
54368,Slice of Life
55753,Comedy
55753,Gourmet
55594,Comedy
55544,Avant Garde
55544,Drama
55544,Suspense
54637,Action
54637,Fantasy
54024,Gourmet
54024,Suspense
52761,Fantasy
50127,Comedy
35800,Adventure
35800,Sci-Fi
35858,Slice of Life
36228,Adventure
36228,Comedy
36228,Fantasy
38019,Drama
38019,Romance
35332,Comedy
35332,Slice of Life
34179,Sci-Fi
39939,Drama
33144,Drama
33144,Fantasy
33144,Horror
41183,Avant Garde
41529,Action
41529,Adventure
41529,Comedy
41529,Fantasy
8765,Comedy
8765,Romance
8765,Ecchi
29207,Drama
29207,Fantasy
28925,Comedy
28925,Supernatural
2244,Comedy
7175,Comedy
23409,Action
23409,Adventure
23409,Comedy
23409,Fantasy
6038,Sci-Fi
23029,Comedy
23029,Fantasy
4688,Comedy
4688,Romance
4688,Ecchi
3813,Fantasy
3813,Mystery
3813,Romance
18451,Drama
48452,Sports
17295,Drama
17237,Comedy
17237,Slice of Life
3157,Action
3157,Comedy
3157,Fantasy
3157,Romance
3157,Ecchi
786,Comedy
786,Fantasy
49348,Fantasy
49351,Fantasy
14537,Fantasy
2522,Adventure
2522,Comedy
2522,Sci-Fi
510,Comedy
510,Drama
510,Romance
11693,Drama
10524,Action
10524,Adventure
10524,Comedy
10524,Fantasy
1623,Action
1623,Comedy
1623,Sci-Fi
10353,Comedy
10261,Comedy
23781,Comedy
9608,Comedy
9608,Girls Love
56740,Comedy
55345,Mystery
55345,Supernatural
54928,Comedy
54928,Fantasy
54928,Sports
53958,Comedy
53958,Fantasy
53958,Romance
51412,Adventure
37148,Action
36646,Comedy
37392,Adventure
37392,Comedy
39162,Sci-Fi
35007,Comedy
35007,Supernatural
39252,Ecchi
40616,Slice of Life
32454,Comedy
32454,Sports
30420,Comedy
30420,Sci-Fi
30247,Comedy
29835,Comedy
29835,Romance
9254,Drama
8921,Action
28959,Drama
28959,Romance
28377,Comedy
28185,Comedy
28185,Gourmet
43385,Avant Garde
6800,Action
6800,Sci-Fi
23825,Action
23825,Adventure
23825,Fantasy
23739,Adventure
23739,Fantasy
23621,Slice of Life
6268,Romance
22511,Comedy
20835,Comedy
20835,Ecchi
4709,Adventure
4522,Action
47426,Gourmet
18521,Action
18521,Adventure
18521,Comedy
48313,Slice of Life
3630,Comedy
3630,Sci-Fi
982,Comedy
982,Ecchi
904,Action
904,Adventure
904,Comedy
904,Fantasy
2833,Adventure
2833,Sci-Fi
13373,Slice of Life
12851,Action
12851,Adventure
12851,Sci-Fi
49978,Fantasy
1644,Fantasy
1644,Romance
10459,Comedy
1620,Action
1620,Adventure
1620,Comedy
1620,Sci-Fi
1440,Adventure
1440,Comedy
1440,Supernatural
9878,Adventure
9878,Fantasy
51051,Avant Garde
57415,Comedy
53085,Comedy
53085,Fantasy
50241,Avant Garde
23765,Horror
38803,Comedy
39536,Avant Garde
40476,Avant Garde
40506,Fantasy
32666,Comedy
32666,Gourmet
40757,Slice of Life
41068,Sci-Fi
31238,Adventure
31238,Comedy
31238,Sci-Fi
41279,Avant Garde
41296,Action
41296,Adventure
41296,Fantasy
8723,Comedy
42863,Fantasy
28263,Mystery
28263,Supernatural
7122,Sci-Fi
43697,Action
43697,Fantasy
23353,Action
23353,Drama
5921,Adventure
5921,Fantasy
22657,Comedy
22657,Sci-Fi
22613,Adventure
22613,Fantasy
22563,Fantasy
22483,Fantasy
21869,Award Winning
19971,Drama
19971,Supernatural
4012,Action
18033,Fantasy
17961,Sci-Fi
40623,Action
40623,Comedy
40623,Romance
40623,Sci-Fi
40623,Ecchi
2689,Action
2689,Adventure
2689,Sci-Fi
49501,Comedy
2527,Action
2527,Comedy
2527,Fantasy
2527,Romance
2527,Sci-Fi
2527,Ecchi
2305,Comedy
2305,Sci-Fi
40196,Sci-Fi
40196,Ecchi
12135,Adventure
12135,Sci-Fi
361,Drama
361,Romance
10987,Comedy
37885,Action
37885,Comedy
37885,Fantasy
57424,Slice of Life
55216,Adventure
55216,Fantasy
54781,Comedy
53955,Comedy
53955,Fantasy
51778,Fantasy
11763,Sports
11763,Ecchi
27783,Action
27783,Supernatural
38291,Avant Garde
38291,Comedy
38393,Action
38641,Avant Garde
39519,Action
39519,Adventure
39519,Fantasy
39841,Sci-Fi
33761,Horror
33761,Mystery
33761,Supernatural
33170,Drama
40348,Mystery
41293,Adventure
41293,Fantasy
41399,Comedy
30648,Adventure
30648,Comedy
30468,Fantasy
30013,Comedy
42654,Comedy
28247,Comedy
8180,Adventure
8180,Comedy
27993,Adventure
27993,Sci-Fi
8130,Adventure
8130,Comedy
8130,Sci-Fi
43293,Avant Garde
43433,Fantasy
25891,Adventure
25891,Comedy
25891,Sci-Fi
6630,Adventure
6630,Slice of Life
6075,Comedy
23245,Comedy
23245,Sports
5474,Comedy
5474,Fantasy
4908,Drama
37655,Action
37655,Supernatural
40333,Avant Garde
40333,Drama
40333,Horror
40333,Suspense
17957,Slice of Life
17733,Comedy
17733,Slice of Life
23881,Comedy
3235,Action
3235,Sci-Fi
3192,Action
3192,Adventure
3192,Fantasy
3192,Sci-Fi
49214,Fantasy
2536,Drama
2536,Fantasy
2536,Romance
2536,Sci-Fi
10435,Romance
10435,Sports
9794,Comedy
1223,Romance
56869,Comedy
54534,Comedy
54534,Girls Love
54495,Action
54495,Sci-Fi
53598,Action
53598,Girls Love
52576,Slice of Life
51415,Sci-Fi
45605,Comedy
37736,Comedy
33775,Action
34052,Comedy
35952,Action
35952,Horror
35952,Supernatural
36099,Fantasy
37423,Slice of Life
37584,Action
37753,Fantasy
38142,Sci-Fi
38667,Action
34878,Comedy
34878,Sci-Fi
39566,Sports
34037,Fantasy
39690,Avant Garde
39690,Fantasy
39872,Drama
33691,Fantasy
33105,Comedy
40349,Comedy
40349,Sports
32670,Fantasy
40728,Comedy
40728,Drama
40728,Romance
30753,Comedy
42027,Slice of Life
29772,Avant Garde
8939,Sci-Fi
42855,Boys Love
42855,Fantasy
8375,Action
8375,Adventure
8375,Sci-Fi
8081,Comedy
8081,Fantasy
8081,Horror
27455,Sci-Fi
7273,Avant Garde
7273,Drama
6571,Comedy
6571,Romance
6355,Comedy
22985,Comedy
22985,Fantasy
22985,Supernatural
22605,Fantasy
22605,Sports
22503,Comedy
22503,Sci-Fi
22503,Slice of Life
22497,Fantasy
21421,Action
17339,Action
17339,Drama
16405,Comedy
16405,Gourmet
16381,Fantasy
15663,Adventure
15663,Fantasy
29758,Action
29758,Fantasy
12133,Sci-Fi
11767,Action
11767,Sci-Fi
10701,Action
10701,Adventure
10701,Sci-Fi
281,Comedy
281,Romance
10241,Comedy
1411,Adventure
1411,Comedy
1411,Sci-Fi
1411,Ecchi
1268,Action
1268,Fantasy
59832,Action
59832,Adventure
51432,Sci-Fi
51238,Mystery
51238,Slice of Life
41617,Action
34289,Action
34289,Sci-Fi
50871,Action
50871,Sci-Fi
32149,Comedy
32149,Slice of Life
37082,Sci-Fi
38674,Slice of Life
35610,Slice of Life
35552,Comedy
35526,Slice of Life
39621,Fantasy
40042,Ecchi
32845,Drama
32807,Comedy
32410,Sci-Fi
40769,Comedy
40769,Sports
31575,Drama
31575,Sports
30767,Action
30767,Adventure
30767,Comedy
30767,Sci-Fi
30920,Sci-Fi
30099,Comedy
9387,Action
9387,Adventure
9387,Sci-Fi
29501,Sports
8883,Action
8883,Comedy
8832,Comedy
8832,Slice of Life
8667,Fantasy
7876,Adventure
7876,Fantasy
27503,Action
27503,Sci-Fi
25889,Adventure
25889,Comedy
25889,Sci-Fi
24975,Slice of Life
44046,Romance
22565,Fantasy
37186,Action
37186,Adventure
37186,Fantasy
21591,Fantasy
5085,Boys Love
5085,Sports
4660,Comedy
4660,Fantasy
4660,Slice of Life
4085,Avant Garde
4085,Horror
19279,Action
19279,Sci-Fi
48512,Drama
48512,Slice of Life
48610,Comedy
3095,Comedy
3095,Supernatural
3095,Ecchi
668,Comedy
668,Romance
668,Sci-Fi
668,Ecchi
611,Sci-Fi
611,Slice of Life
12767,Sci-Fi
1939,Adventure
1939,Comedy
1939,Fantasy
10964,Drama
10964,Sports
50503,Action
50662,Comedy
49780,Comedy
50267,Slice of Life
57596,Fantasy
54739,Romance
54739,Sci-Fi
54209,Comedy
53988,Sci-Fi
40792,Sci-Fi
51135,Romance
53157,Avant Garde
53008,Slice of Life
52911,Gourmet
52417,Avant Garde
52417,Suspense
32947,Drama
32947,Sports
30137,Action
37390,Adventure
37390,Comedy
34790,Slice of Life
39711,Comedy
39711,Sci-Fi
32898,Action
32898,Sci-Fi
40376,Slice of Life
32818,Comedy
32251,Slice of Life
31263,Avant Garde
31252,Slice of Life
31165,Drama
9365,Action
9365,Adventure
9365,Comedy
9365,Fantasy
9077,Comedy
9077,Drama
9077,Sports
42501,Fantasy
8963,Adventure
8963,Comedy
7459,Fantasy
7459,Mystery
24793,Comedy
6762,Comedy
6721,Action
6721,Comedy
24123,Comedy
24123,Sci-Fi
23345,Slice of Life
5472,Slice of Life
22137,Action
22137,Fantasy
45567,Comedy
45567,Fantasy
45567,Supernatural
45611,Fantasy
45611,Slice of Life
25943,Fantasy
1220,Romance
1220,Sci-Fi
48492,Action
48492,Sci-Fi
3390,Adventure
3390,Fantasy
3390,Sci-Fi
17397,Comedy
17397,Ecchi
3259,Ecchi
17127,Comedy
15915,Adventure
15915,Comedy
15915,Fantasy
15399,Action
676,Drama
676,Romance
13827,Comedy
13827,Slice of Life
49798,Sci-Fi
12769,Horror
2072,Adventure
2072,Comedy
2072,Sci-Fi
2072,Ecchi
9885,Comedy
9885,Fantasy
9781,Action
9781,Sci-Fi
9591,Comedy
58508,Fantasy
58508,Slice of Life
57944,Action
57944,Adventure
57944,Fantasy
53779,Gourmet
53779,Slice of Life
53122,Avant Garde
51534,Action
51534,Drama
51534,Supernatural
19479,Action
19479,Comedy
19479,Ecchi
37663,Fantasy
37663,Sci-Fi
37562,Comedy
37021,Ecchi
35255,Sci-Fi
34120,Drama
33939,Slice of Life
39721,Comedy
33484,Action
40158,Avant Garde
32707,Comedy
32707,Fantasy
40799,Slice of Life
30382,Action
30382,Fantasy
30382,Romance
30382,Sci-Fi
9087,Action
9087,Comedy
9087,Fantasy
28665,Slice of Life
7939,Adventure
7939,Avant Garde
7939,Comedy
7939,Fantasy
7939,Mystery
27417,Drama
27417,Supernatural
26013,Comedy
7248,Action
7248,Sci-Fi
23885,Comedy
44041,Action
44041,Sci-Fi
6073,Comedy
6073,Sci-Fi
5918,Drama
5918,Fantasy
5918,Horror
5918,Mystery
5918,Supernatural
5785,Fantasy
22031,Action
38860,Action
18729,Boys Love
3778,Comedy
3778,Mystery
17483,Fantasy
832,Sci-Fi
2600,Action
2600,Adventure
2600,Drama
2600,Sci-Fi
13965,Comedy
13141,Comedy
12907,Fantasy
12907,Supernatural
2092,Drama
2092,Romance
60163,Comedy
60163,Fantasy
59892,Mystery
59892,Supernatural
59892,Suspense
58833,Comedy
58833,Romance
58833,Sci-Fi
58833,Ecchi
54775,Action
54775,Comedy
54775,Romance
54775,Supernatural
54775,Ecchi
52355,Boys Love
52355,Fantasy
51424,Comedy
36641,Fantasy
36756,Comedy
37000,Comedy
35835,Action
35835,Drama
35835,Sci-Fi
35286,Sci-Fi
39102,Sci-Fi
34851,Avant Garde
40164,Avant Garde
40164,Drama
32623,Fantasy
31362,Drama
31362,Supernatural
31362,Suspense
41278,Romance
41405,Action
41405,Fantasy
42013,Comedy
30144,Comedy
9279,Drama
28775,Fantasy
28775,Sports
28717,Adventure
8490,Adventure
8490,Comedy
8490,Fantasy
8490,Sports
26447,Adventure
26447,Sci-Fi
25441,Comedy
6641,Comedy
22631,Comedy
45207,Comedy
45607,Adventure
4460,Avant Garde
3763,Action
3763,Sci-Fi
18377,Comedy
18377,Sports
3675,Action
3675,Drama
3675,Fantasy
3675,Sci-Fi
17871,Comedy
17871,Romance
13255,Adventure
1766,Action
1766,Fantasy
1227,Horror
1227,Sci-Fi
1227,Supernatural
58972,Comedy
55074,Adventure
55362,Comedy
55362,Mystery
54741,Fantasy
54340,Comedy
54340,Mystery
21009,Sports
21009,Ecchi
36000,Adventure
36000,Fantasy
36000,Sci-Fi
36297,Sports
36584,Slice of Life
38023,Slice of Life
37934,Comedy
35505,Action
39039,Action
39039,Adventure
39039,Comedy
39039,Fantasy
35139,Comedy
35070,Comedy
34476,Sci-Fi
34476,Slice of Life
39448,Comedy
34048,Horror
34048,Suspense
32820,Adventure
32820,Comedy
32158,Comedy
42483,Romance
29267,Sci-Fi
38715,Action
8218,Fantasy
7808,Adventure
7808,Comedy
7808,Romance
27519,Comedy
27465,Adventure
7633,Fantasy
7257,Award Winning
7257,Drama
7257,Fantasy
24159,Comedy
24073,Comedy
6484,Action
6484,Comedy
23837,Action
23837,Supernatural
23837,Suspense
44063,Slice of Life
22983,Comedy
22983,Fantasy
22983,Supernatural
5469,Action
5469,Award Winning
5469,Drama
5415,Drama
5415,Romance
5053,Action
5053,Sci-Fi
46119,Slice of Life
4147,Fantasy
3968,Adventure
3968,Fantasy
3726,Action
3726,Adventure
3726,Drama
17811,Fantasy
3176,Adventure
3176,Drama
3176,Fantasy
3176,Horror
3176,Sci-Fi
3176,Supernatural
48979,Comedy
16319,Comedy
16319,Romance
14821,Action
49510,Comedy
12141,Fantasy
12141,Slice of Life
1947,Action
1947,Fantasy
1936,Comedy
1936,Romance
1936,Sci-Fi
9869,Comedy
37446,Action
37446,Adventure
37446,Fantasy
37446,Romance
59607,Action
59607,Fantasy
58226,Comedy
58226,Fantasy
56758,Comedy
56376,Comedy
55975,Action
55975,Comedy
54638,Slice of Life
53300,Romance
52642,Action
52642,Comedy
52642,Ecchi
52621,Comedy
52621,Gourmet
52051,Comedy
51554,Action
51554,Sci-Fi
49603,Avant Garde
36021,Drama
36021,Romance
36163,Fantasy
36575,Fantasy
36655,Action
36662,Drama
37277,Action
37277,Drama
37277,Romance
37277,Sci-Fi
38251,Drama
38251,Romance
34336,Comedy
33457,Boys Love
33457,Comedy
40499,Avant Garde
32385,Action
32248,Action
40851,Fantasy
31638,Comedy
31549,Comedy
31549,Slice of Life
31493,Action
31493,Adventure
31493,Fantasy
31348,Fantasy
41383,Comedy
41383,Fantasy
41383,Supernatural
30358,Slice of Life
41902,Sci-Fi
8631,Comedy
8631,Slice of Life
42883,Mystery
26079,Comedy
26079,Sci-Fi
7247,Comedy
7247,Sports
7139,Fantasy
7139,Sci-Fi
6787,Action
6787,Drama
6787,Fantasy
24577,Comedy
43727,Action
43727,Fantasy
1058,Adventure
1058,Comedy
15133,Action
15133,Adventure
15133,Comedy
15133,Fantasy
15133,Ecchi
12237,Ecchi
12157,Action
2065,Action
2065,Sci-Fi
12005,Comedy
50220,Adventure
50220,Comedy
50220,Fantasy
50220,Romance
50290,Boys Love
50290,Fantasy
50740,Supernatural
9973,Adventure
9973,Comedy
9861,Action
9433,Fantasy
54547,Sports
53860,Fantasy
52885,Drama
52885,Supernatural
52762,Action
52762,Horror
52762,Supernatural
51871,Comedy
51299,Comedy
36309,Drama
36309,Supernatural
21821,Action
31498,Comedy
31498,Gourmet
36574,Fantasy
37286,Comedy
37286,Fantasy
38049,Adventure
38864,Slice of Life
35442,Slice of Life
38969,Avant Garde
34651,Fantasy
39805,Comedy
39805,Sci-Fi
40009,Comedy
40340,Action
40340,Mystery
32808,Adventure
32808,Comedy
32349,Comedy
32259,Slice of Life
31643,Comedy
31643,Slice of Life
41796,Avant Garde
41796,Drama
30124,Comedy
30070,Action
30053,Slice of Life
30046,Adventure
30046,Comedy
42786,Romance
8324,Drama
8324,Romance
42988,Avant Garde
6978,Drama
6978,Horror
6978,Sci-Fi
6189,Adventure
6189,Sci-Fi
22625,Adventure
22625,Fantasy
22577,Fantasy
44588,Comedy
44588,Horror
44588,Mystery
44588,Supernatural
1664,Action
1664,Adventure
1664,Mystery
1664,Sci-Fi
1664,Supernatural
5167,Drama
5167,Romance
5151,Action
5151,Drama
20873,Comedy
19921,Action
19921,Romance
3990,Adventure
3820,Sci-Fi
983,Comedy
3264,Ecchi
16936,Comedy
3104,Action
3104,Sci-Fi
48960,Avant Garde
48960,Horror
15579,Adventure
15579,Fantasy
14067,Action
14067,Comedy
2525,Comedy
2525,Ecchi
12603,Drama
36945,Comedy
10760,Drama
10375,Drama
51150,Comedy
59113,Action
59113,Adventure
59113,Fantasy
58935,Comedy
57670,Comedy
57050,Comedy
57050,Romance
54859,Sports
52687,Action
52687,Comedy
52687,Romance
52485,Comedy
38473,Romance
38473,Sci-Fi
37024,Comedy
37906,Drama
38789,Ecchi
38906,Avant Garde
38906,Fantasy
38906,Horror
22451,Fantasy
39018,Fantasy
39018,Supernatural
34946,Fantasy
34843,Comedy
34843,Fantasy
39722,Comedy
39900,Slice of Life
33537,Slice of Life
33343,Fantasy
32943,Sports
32224,Drama
41075,Comedy
41655,Comedy
42057,Drama
42057,Mystery
42057,Supernatural
30080,Action
42233,Avant Garde
8724,Fantasy
42780,Romance
6759,Comedy
6759,Slice of Life
24447,Comedy
24139,Supernatural
23767,Horror
5876,Adventure
5876,Fantasy
22757,Comedy
22757,Slice of Life
22611,Fantasy
5620,Action
5620,Romance
22327,Adventure
22327,Fantasy
5501,Action
5501,Avant Garde
21999,Action
21999,Adventure
21999,Comedy
21999,Fantasy
19237,Fantasy
19135,Drama
19135,Slice of Life
3764,Action
3764,Sci-Fi
48312,Avant Garde
17891,Slice of Life
48555,Action
48555,Fantasy
17481,Fantasy
48589,Fantasy
2837,Action
2837,Comedy
2837,Sci-Fi
619,Action
619,Sci-Fi
619,Supernatural
619,Suspense
11717,Adventure
11717,Comedy
11717,Fantasy
11659,Action
11659,Comedy
11659,Fantasy
10525,Comedy
50747,Avant Garde
9561,Comedy
9561,Gourmet
9691,Action
9691,Fantasy
9691,Sci-Fi
9691,Supernatural
60425,Adventure
60425,Fantasy
59372,Action
59372,Fantasy
56059,Action
56059,Girls Love
56059,Sci-Fi
52295,Action
52295,Fantasy
51431,Sci-Fi
51263,Action
51263,Fantasy
34539,Action
34539,Adventure
37037,Comedy
37242,Action
37242,Sci-Fi
38012,Action
38012,Sci-Fi
38970,Avant Garde
34905,Action
34905,Adventure
34905,Comedy
34905,Fantasy
40000,Avant Garde
40202,Avant Garde
40202,Comedy
32665,Adventure
31699,Comedy
41146,Sci-Fi
41146,Ecchi
30781,Comedy
30133,Drama
42194,Comedy
8920,Horror
28631,Action
8357,Comedy
7807,Comedy
7807,Slice of Life
23903,Comedy
23903,Romance
23643,Fantasy
6077,Comedy
6077,Fantasy
21471,Sci-Fi
18821,Adventure
18821,Fantasy
9264,Drama
3127,Action
3127,Adventure
3127,Sci-Fi
2782,Action
2782,Adventure
2782,Fantasy
695,Comedy
695,Romance
13831,Comedy
13831,Slice of Life
13207,Comedy
42990,Comedy
42990,Fantasy
42990,Ecchi
11447,Supernatural
10679,Comedy
50748,Avant Garde
58139,Comedy
55324,Action
55324,Horror
55324,Supernatural
53017,Avant Garde
52812,Action
52812,Comedy
52812,Sci-Fi
52622,Sports
35981,Slice of Life
36664,Comedy
37197,Romance
37265,Fantasy
37265,Sci-Fi
34088,Action
34088,Comedy
34038,Fantasy
39781,Fantasy
33258,Action
33258,Comedy
32218,Action
32218,Adventure
32218,Romance
32218,Sci-Fi
31925,Romance
40932,Comedy
40932,Sci-Fi
31505,Action
41285,Comedy
41285,Romance
41285,Supernatural
41285,Ecchi
30392,Slice of Life
9228,Action
9228,Adventure
9228,Drama
9228,Fantasy
8722,Fantasy
8704,Fantasy
39397,Comedy
39397,Ecchi
8669,Slice of Life
7709,Slice of Life
7518,Slice of Life
7420,Drama
5907,Adventure
5907,Fantasy
5907,Sci-Fi
22493,Fantasy
22345,Comedy
5372,Adventure
5372,Sci-Fi
5098,Drama
5098,Fantasy
4718,Ecchi
19305,Comedy
19233,Slice of Life
3886,Adventure
3886,Comedy
18491,Adventure
18491,Comedy
18227,Action
50891,Action
50891,Supernatural
48441,Action
48441,Fantasy
2346,Action
2346,Avant Garde
2346,Drama
2346,Horror
2346,Suspense
50840,Comedy
50046,Avant Garde
50046,Horror
10735,Comedy
10735,Sci-Fi
1496,Comedy
1496,Fantasy
1496,Girls Love
1496,Ecchi
59959,Comedy
56461,Romance
50754,Avant Garde
35996,Romance
35996,Sci-Fi
36050,Comedy
36636,Action
36636,Comedy
34782,Comedy
34782,Fantasy
34782,Ecchi
39714,Action
39714,Drama
33663,Fantasy
4907,Sci-Fi
40209,Avant Garde
32148,Comedy
40780,Action
40780,Fantasy
40780,Mystery
31966,Action
31966,Supernatural
41545,Romance
9284,Comedy
9284,Sports
9043,Action
9043,Sci-Fi
8561,Sci-Fi
28811,Comedy
28811,Sci-Fi
8494,Fantasy
42853,Fantasy
6607,Adventure
6607,Fantasy
23855,Action
23855,Comedy
23855,Sci-Fi
23597,Comedy
6076,Comedy
6076,Drama
6076,Sports
22093,Action
5260,Adventure
21267,Slice of Life
20703,Slice of Life
4218,Award Winning
4218,Romance
18831,Avant Garde
18831,Horror
10908,Comedy
36943,Comedy
36943,Girls Love
36943,Ecchi
9501,Adventure
9501,Fantasy
51125,Sports
58247,Fantasy
58247,Gourmet
52646,Action
38650,Action
38650,Adventure
38650,Fantasy
35739,Comedy
36799,Slice of Life
35141,Comedy
35141,Horror
34936,Fantasy
33344,Fantasy
40628,Drama
30905,Comedy
30905,Gourmet
30091,Action
30091,Fantasy
9212,Romance
29715,Comedy
9172,Adventure
9172,Fantasy
25983,Comedy
25983,Mystery
43722,Comedy
43722,Slice of Life
43769,Comedy
23707,Adventure
23707,Fantasy
21641,Action
4318,Action
4318,Fantasy
4318,Sci-Fi
4298,Sports
3929,Comedy
3929,Supernatural
3879,Drama
18489,Adventure
18489,Comedy
17473,Adventure
16556,Adventure
16556,Fantasy
16259,Action
16259,Sci-Fi
574,Award Winning
574,Fantasy
574,Sci-Fi
49664,Sports
49708,Comedy
13375,Slice of Life
49806,Slice of Life
57845,Comedy
57845,Fantasy
57845,Ecchi
56624,Comedy
55005,Comedy
55005,Gourmet
55005,Supernatural
52686,Comedy
52640,Sports
52620,Action
52620,Drama
51414,Sci-Fi
32760,Drama
37034,Comedy
37544,Fantasy
34615,Comedy
34615,Sports
34328,Slice of Life
33884,Slice of Life
33846,Comedy
33846,Fantasy
33529,Fantasy
33391,Action
33391,Sci-Fi
33228,Comedy
40905,Romance
31321,Drama
9324,Adventure
9324,Comedy
8897,Action
8897,Adventure
8897,Sci-Fi
29357,Drama
29357,Fantasy
42797,Comedy
42797,Slice of Life
8526,Sci-Fi
7561,Comedy
6447,Romance
6447,Sci-Fi
44129,Comedy
5878,Fantasy
5878,Sci-Fi
22575,Fantasy
22241,Adventure
5466,Comedy
5466,Fantasy
20587,Comedy
20587,Drama
20117,Comedy
20117,Slice of Life
19849,Comedy
19849,Slice of Life
3684,Sci-Fi
1115,Romance
49292,Action
49292,Sci-Fi
2599,Action
2599,Adventure
2599,Drama
2599,Sci-Fi
2080,Action
2080,Comedy
2080,Sci-Fi
354,Comedy
354,Sci-Fi
354,Ecchi
1866,Action
1866,Adventure
1866,Fantasy
1866,Romance
1866,Supernatural
1831,Action
1831,Adventure
1831,Sci-Fi
1786,Comedy
1786,Romance
1786,Ecchi
1767,Horror
1767,Sci-Fi
10533,Comedy
10391,Adventure
10391,Comedy
1176,Action
1176,Adventure
1176,Fantasy
56420,Adventure
56420,Fantasy
54692,Boys Love
54692,Comedy
54683,Comedy
54357,Sci-Fi
52644,Action
52644,Comedy
52644,Supernatural
52520,Comedy
25439,Comedy
31402,Action
31402,Fantasy
31402,Sci-Fi
35684,Action
35684,Fantasy
36112,Slice of Life
36440,Action
36440,Adventure
36440,Fantasy
36836,Comedy
38058,Slice of Life
38849,Supernatural
22329,Adventure
39179,Avant Garde
34818,Drama
33564,Action
33564,Sci-Fi
40442,Avant Garde
32581,Drama
32581,Supernatural
40603,Romance
40727,Avant Garde
40877,Avant Garde
41102,Fantasy
30777,Comedy
30777,Supernatural
41636,Fantasy
30470,Comedy
42178,Fantasy
42178,Mystery
42178,Sci-Fi
43417,Sports
6792,Action
6792,Comedy
6792,Sci-Fi
43627,Sci-Fi
24637,Comedy
24637,Sci-Fi
24637,Ecchi
22943,Action
22943,Adventure
22943,Fantasy
22621,Adventure
22621,Fantasy
22571,Fantasy
20547,Sci-Fi
3625,Action
3625,Horror
3625,Supernatural
16377,Comedy
16377,Slice of Life
16007,Fantasy
49182,Avant Garde
2278,Comedy
12901,Adventure
12901,Sci-Fi
1989,Comedy
1586,Adventure
9500,Action
9500,Romance
9500,Sci-Fi
35702,Comedy
35921,Action
35921,Drama
36521,Comedy
36875,Comedy
36875,Ecchi
35263,Drama
35263,Fantasy
39707,Action
33776,Comedy
33534,Comedy
40655,Slice of Life
32221,Comedy
30864,Avant Garde
30738,Adventure
41637,Fantasy
42275,Avant Garde
28815,Comedy
28815,Sci-Fi
27467,Gourmet
24045,Action
24045,Fantasy
6390,Sci-Fi
23149,Comedy
22411,Romance
5515,Sci-Fi
22295,Fantasy
22295,Romance
21489,Comedy
21489,Slice of Life
4096,Award Winning
32595,Adventure
32595,Fantasy
18271,Action
18271,Sci-Fi
48617,Action
991,Action
991,Comedy
991,Romance
991,Ecchi
38395,Comedy
38395,Fantasy
38395,Ecchi
15795,Action
15795,Sci-Fi
44583,Slice of Life
13407,Fantasy
13249,Adventure
13249,Comedy
32608,Action
32608,Adventure
32608,Fantasy
50418,Action
1342,Action
1342,Drama
1342,Horror
60263,Action
55032,Comedy
52615,Sports
37908,Comedy
33746,Sports
36868,Comedy
38073,Action
38554,Sports
51157,Fantasy
34722,Comedy
34121,Slice of Life
33044,Comedy
40347,Fantasy
40347,Supernatural
40353,Avant Garde
31107,Slice of Life
8664,Action
8664,Adventure
8664,Comedy
8664,Fantasy
8563,Adventure
8563,Drama
8563,Sci-Fi
8041,Comedy
8041,Ecchi
24237,Sports
23753,Sci-Fi
23753,Supernatural
6124,Adventure
6124,Drama
6124,Fantasy
6124,Supernatural
5889,Action
5889,Fantasy
5689,Adventure
5689,Drama
5689,Fantasy
21525,Comedy
18575,Slice of Life
18087,Fantasy
17985,Fantasy
3458,Comedy
17427,Drama
16696,Sci-Fi
16562,Action
16562,Sci-Fi
22225,Adventure
22225,Comedy
22225,Fantasy
22225,Ecchi
11389,Comedy
11389,Fantasy
1759,Action
1759,Adventure
1759,Sci-Fi
56861,Fantasy
53861,Fantasy
52923,Avant Garde
52923,Horror
52923,Suspense
52919,Drama
52648,Action
52648,Adventure
52648,Comedy
52648,Fantasy
52228,Action
52228,Comedy
52228,Sci-Fi
37546,Fantasy
38627,Comedy
39056,Sci-Fi
34632,Avant Garde
39618,Action
39618,Comedy
33862,Drama
33390,Gourmet
40395,Action
40395,Comedy
40395,Fantasy
31054,Comedy
41460,Drama
42484,Avant Garde
42484,Drama
8355,Comedy
8333,Award Winning
8333,Fantasy
34392,Slice of Life
8079,Avant Garde
8079,Sci-Fi
6267,Fantasy
6267,Horror
5447,Romance
4097,Award Winning
18881,Supernatural
17615,Horror
16728,Action
16728,Adventure
12881,Comedy
12881,Drama
12881,Romance
12881,Sci-Fi
10852,Action
10852,Adventure
10852,Comedy
1692,Drama
1692,Romance
57945,Action
57945,Drama
57945,Suspense
52605,Adventure
52605,Comedy
52605,Supernatural
51349,Comedy
51349,Fantasy
35202,Action
35745,Comedy
36135,Horror
37073,Romance
38346,Slice of Life
38818,Action
34116,Drama
34116,Slice of Life
33213,Comedy
32144,Slice of Life
29349,Slice of Life
8707,Sci-Fi
8233,Fantasy
8233,Romance
35964,Action
35964,Drama
43318,Avant Garde
25963,Adventure
25963,Comedy
43506,Action
24257,Romance
6065,Romance
5293,Action
5293,Adventure
5293,Drama
5293,Romance
5293,Sci-Fi
3821,Sci-Fi
18443,Sports
48495,Comedy
434,Action
434,Adventure
434,Fantasy
42571,Comedy
42571,Ecchi
11695,Action
11695,Comedy
1622,Action
1622,Fantasy
9575,Fantasy
1183,Action
1183,Ecchi
50242,Avant Garde
38153,Action
38153,Adventure
38153,Comedy
38153,Fantasy
36643,Fantasy
37189,Slice of Life
37559,Horror
38433,Fantasy
38433,Sci-Fi
35433,Comedy
35433,Fantasy
35433,Ecchi
38981,Action
38981,Comedy
34354,Comedy
33712,Comedy
33712,Fantasy
33712,Ecchi
38573,Adventure
38573,Comedy
38573,Fantasy
38573,Ecchi
40001,Avant Garde
33274,Comedy
33122,Slice of Life
40793,Romance
40827,Avant Garde
41844,Slice of Life
30217,Supernatural
42486,Fantasy
42890,Action
28143,Drama
43004,Comedy
28077,Slice of Life
25873,Action
25873,Fantasy
6684,Comedy
24321,Gourmet
23895,Comedy
22275,Comedy
22275,Slice of Life
5492,Sci-Fi
5492,Slice of Life
20705,Comedy
4098,Adventure
18603,Adventure
18603,Comedy
27757,Comedy
27757,Romance
13427,Sci-Fi
13427,Slice of Life
11735,Fantasy
11735,Sci-Fi
1244,Action
1244,Drama
1244,Sci-Fi
1244,Supernatural
60023,Comedy
55804,Action
55804,Fantasy
53341,Action
52641,Sports
52411,Comedy
51465,Comedy
50243,Avant Garde
37509,Action
35353,Fantasy
34763,Comedy
39762,Comedy
39862,Slice of Life
32819,Comedy
41454,Comedy
41477,Comedy
41807,Comedy
29900,Drama
42500,Fantasy
42500,Slice of Life
8644,Comedy
8644,Fantasy
8297,Action
8297,Sci-Fi
42996,Comedy
7625,Fantasy
6366,Comedy
6366,Drama
6366,Romance
22569,Fantasy
22271,Fantasy
22271,Romance
22271,Supernatural
45627,Fantasy
45627,Sci-Fi
4939,Comedy
3499,Adventure
3499,Sci-Fi
3328,Comedy
3328,Ecchi
17293,Action
17293,Sci-Fi
3025,Action
3025,Fantasy
49518,Romance
2096,Romance
2096,Sci-Fi
1992,Action
1992,Comedy
1811,Action
1811,Sci-Fi
10758,Drama
10258,Comedy
9708,Action
9708,Sci-Fi
51018,Comedy
54519,Comedy
54519,Fantasy
54519,Ecchi
52732,Comedy
52645,Comedy
36907,Comedy
38162,Comedy
38685,Fantasy
36888,Slice of Life
35003,Gourmet
34631,Avant Garde
34631,Drama
34613,Comedy
34613,Fantasy
33086,Adventure
33086,Comedy
40756,Comedy
31710,Action
31710,Fantasy
31710,Sci-Fi
41480,Action
41480,Supernatural
30754,Comedy
29823,Comedy
9343,Action
28813,Comedy
28813,Sports
7453,Ecchi
23835,Drama
23835,Sci-Fi
23061,Avant Garde
22671,Comedy
22541,Comedy
22541,Gourmet
44776,Horror
19169,Action
18747,Drama
3183,Action
3183,Adventure
3183,Drama
3183,Sci-Fi
13817,Comedy
13817,Slice of Life
13089,Award Winning
13089,Comedy
2069,Adventure
2069,Fantasy
1927,Action
10463,Action
10463,Sci-Fi
1154,Adventure
1154,Drama
1154,Sci-Fi
59801,Action
59801,Comedy
59801,Gourmet
55326,Comedy
52225,Comedy
52225,Fantasy
52131,Suspense
51870,Comedy
51636,Comedy
37552,Fantasy
37552,Slice of Life
38386,Fantasy
38199,Fantasy
39206,Slice of Life
34746,Slice of Life
39622,Action
39622,Fantasy
39629,Fantasy
18309,Action
18309,Adventure
40346,Comedy
40346,Supernatural
32732,Adventure
32732,Fantasy
30324,Supernatural
29825,Comedy
29825,Slice of Life
42487,Comedy
29495,Horror
8628,Fantasy
28595,Adventure
28595,Comedy
28595,Sci-Fi
8220,Comedy
28103,Adventure
28103,Fantasy
28103,Supernatural
2476,Drama
2476,Romance
7498,Comedy
7498,Sports
6947,Comedy
6947,Sci-Fi
6947,Slice of Life
17221,Adventure
17221,Drama
16183,Comedy
816,Comedy
816,Sci-Fi
816,Ecchi
1775,Action
1775,Adventure
1775,Drama
1775,Fantasy
10304,Action
9993,Action
9993,Drama
1343,Action
1343,Drama
1343,Horror
9829,Avant Garde
9829,Horror
29974,Drama
29974,Supernatural
57152,Fantasy
55305,Action
55305,Comedy
53587,Action
53587,Sci-Fi
52688,Action
52688,Comedy
52389,Action
52389,Comedy
52389,Sci-Fi
51866,Fantasy
51095,Avant Garde
37172,Fantasy
37172,Ecchi
38424,Avant Garde
38424,Comedy
34733,Slice of Life
31926,Avant Garde
32582,Action
32582,Adventure
32582,Comedy
32582,Fantasy
35709,Avant Garde
35709,Supernatural
37952,Action
37952,Adventure
37952,Drama
37952,Fantasy
37952,Mystery
37952,Sci-Fi
32455,Drama
32455,Sci-Fi
35077,Ecchi
34765,Comedy
34013,Adventure
34013,Comedy
33542,Comedy
30851,Slice of Life
29545,Fantasy
24989,Slice of Life
24989,Supernatural
48969,Avant Garde
15937,Action
15937,Fantasy
2767,Fantasy
2767,Slice of Life
12401,Action
2094,Action
2094,Sci-Fi
10373,Romance
10373,Sci-Fi
9629,Action
9629,Adventure
9629,Sci-Fi
55629,Ecchi
56105,Horror
52639,Comedy
52639,Romance
36528,Romance
36528,Sci-Fi
36564,Comedy
37418,Slice of Life
39251,Avant Garde
34222,Fantasy
34222,Horror
34122,Drama
34118,Slice of Life
33886,Avant Garde
31618,Slice of Life
41622,Romance
30173,Action
30173,Comedy
8660,Comedy
42862,Comedy
42862,Fantasy
42862,Ecchi
25101,Comedy
25101,Slice of Life
6907,Comedy
6797,Comedy
6654,Comedy
23679,Comedy
5648,Comedy
5648,Romance
5648,Ecchi
4540,Action
4540,Sci-Fi
4150,Comedy
4150,Sci-Fi
19533,Horror
19533,Supernatural
3843,Action
3843,Fantasy
2364,Action
2364,Adventure
2364,Sci-Fi
12795,Adventure
2081,Comedy
10958,Comedy
32438,Drama
32438,Horror
32438,Mystery
32438,Suspense
53595,Comedy
52616,Sports
51823,Avant Garde
51544,Fantasy
24011,Fantasy
34510,Action
34510,Adventure
34510,Comedy
34510,Mystery
36162,Slice of Life
36642,Fantasy
37420,Fantasy
35399,Action
35399,Supernatural
34500,Comedy
33855,Comedy
40002,Avant Garde
32346,Fantasy
32237,Comedy
32237,Fantasy
12789,Award Winning
12789,Fantasy
31517,Comedy
31262,Avant Garde
30971,Slice of Life
41481,Avant Garde
30743,Comedy
30743,Slice of Life
30673,Comedy
42114,Comedy
42257,Avant Garde
29780,Avant Garde
24719,Action
24719,Fantasy
24441,Action
46084,Comedy
20329,Action
20329,Comedy
20329,Suspense
18109,Comedy
3480,Action
3480,Sci-Fi
17359,Comedy
17359,Slice of Life
17223,Adventure
17223,Drama
13041,Action
11093,Adventure
11093,Mystery
50111,Comedy
50111,Slice of Life
1627,Adventure
1627,Sci-Fi
1627,Ecchi
37744,Action
37744,Adventure
37744,Fantasy
54674,Avant Garde
52618,Sports
51495,Adventure
51495,Fantasy
51495,Romance
51300,Sports
38504,Avant Garde
35301,Action
35301,Comedy
33779,Comedy
33779,Fantasy
33779,Ecchi
40619,Drama
30447,Adventure
30071,Adventure
9303,Adventure
9303,Comedy
9303,Fantasy
29751,Comedy
29751,Sci-Fi
9170,Sci-Fi
29687,Action
29687,Adventure
29687,Comedy
29687,Fantasy
27573,Drama
7818,Fantasy
2308,Action
2308,Drama
2308,Supernatural
2308,Ecchi
6671,Adventure
6671,Sci-Fi
22849,Comedy
18071,Romance
17245,Supernatural
17165,Action
17165,Adventure
17165,Sci-Fi
2780,Action
2780,Adventure
2780,Comedy
2780,Supernatural
49304,Adventure
2529,Adventure
2529,Comedy
2529,Fantasy
2220,Boys Love
2220,Drama
10045,Comedy
10045,Drama
10045,Romance
10045,Ecchi
33985,Action
33985,Mystery
33985,Supernatural
53794,Action
53794,Horror
53794,Suspense
52814,Horror
49332,Avant Garde
41153,Fantasy
36155,Slice of Life
12501,Comedy
12501,Sci-Fi
32697,Comedy
32697,Fantasy
36815,Supernatural
34634,Avant Garde
34634,Drama
33912,Comedy
33708,Action
33547,Comedy
33547,Fantasy
32950,Action
31898,Comedy
31807,Comedy
30489,Comedy
30463,Fantasy
30463,Horror
30463,Supernatural
41745,Avant Garde
29515,Comedy
29515,Sci-Fi
29515,Slice of Life
29453,Romance
8898,Action
8162,Fantasy
8162,Horror
8162,Mystery
6760,Comedy
24087,Comedy
23709,Fantasy
23595,Comedy
23595,Sci-Fi
22955,Comedy
22955,Fantasy
4967,Action
4967,Sci-Fi
1105,Comedy
964,Comedy
964,Ecchi
2755,Sci-Fi
15389,Comedy
2453,Action
2453,Drama
2453,Sci-Fi
2365,Adventure
2365,Fantasy
11043,Action
11043,Sci-Fi
50258,Comedy
1613,Comedy
1613,Fantasy
10347,Comedy
10347,Fantasy
40488,Sports
59572,Sci-Fi
33366,Action
35980,Slice of Life
37421,Slice of Life
38511,Avant Garde
34762,Comedy
39415,Fantasy
40014,Comedy
32889,Action
32889,Adventure
32889,Comedy
32084,Comedy
31476,Fantasy
31467,Action
31259,Avant Garde
42546,Comedy
42546,Slice of Life
28531,Comedy
28531,Sci-Fi
8176,Comedy
7683,Award Winning
7683,Drama
25941,Comedy
25941,Slice of Life
7258,Fantasy
23313,Comedy
5926,Mystery
21275,Comedy
4391,Adventure
4130,Comedy
18365,Comedy
48951,Sci-Fi
15743,Adventure
15743,Comedy
15743,Supernatural
15021,Drama
44056,Slice of Life
49498,Action
49498,Comedy
13233,Comedy
12393,Comedy
12393,Slice of Life
11799,Mystery
10838,Comedy
9409,Sci-Fi
54769,Action
54769,Sci-Fi
51200,Comedy
53015,Avant Garde
51887,Sports
33535,Slice of Life
36804,Fantasy
37543,Slice of Life
37802,Slice of Life
38090,Slice of Life
33578,Fantasy
40817,Avant Garde
31426,Comedy
41490,Avant Garde
7786,Action
7786,Adventure
7786,Fantasy
25975,Comedy
25271,Slice of Life
22607,Fantasy
5304,Comedy
5304,Slice of Life
19481,Sci-Fi
19239,Fantasy
18557,Action
18557,Drama
48709,Avant Garde
48971,Avant Garde
14181,Drama
14181,Fantasy
13947,Sports
2078,Adventure
2078,Fantasy
2078,Sci-Fi
10780,Action
10780,Sci-Fi
31109,Comedy
31109,Romance
10104,Mystery
10104,Sci-Fi
9627,Comedy
1200,Adventure
1200,Fantasy
55714,Avant Garde
51901,Comedy
51306,Horror
36976,Action
36976,Comedy
36976,Romance
36976,Sci-Fi
36976,Ecchi
38977,Avant Garde
38998,Comedy
39541,Avant Garde
32875,Comedy
32875,Gourmet
32150,Action
40917,Comedy
28401,Action
28401,Slice of Life
43432,Avant Garde
23511,Action
23511,Comedy
44040,Comedy
6060,Drama
6060,Romance
23005,Slice of Life
20951,Slice of Life
39325,Comedy
39325,Fantasy
39325,Ecchi
48616,Comedy
16251,Action
16251,Adventure
16251,Sci-Fi
13825,Comedy
13825,Slice of Life
49633,Comedy
2521,Action
2521,Sci-Fi
2382,Action
2382,Adventure
2382,Sci-Fi
2249,Action
2249,Adventure
2249,Fantasy
10757,Drama
10313,Sci-Fi
54914,Comedy
54914,Fantasy
52200,Comedy
51955,Comedy
49584,Avant Garde
7782,Comedy
36239,Fantasy
36436,Action
36436,Sci-Fi
36622,Gourmet
36622,Slice of Life
23079,Romance
23079,Supernatural
50845,Drama
50845,Slice of Life
38819,Action
35480,Horror
34373,Comedy
32564,Action
31310,Comedy
31057,Fantasy
30360,Adventure
30360,Fantasy
29475,Adventure
29475,Fantasy
29475,Sci-Fi
8701,Comedy
8701,Slice of Life
27589,Comedy
7844,Avant Garde
26011,Comedy
24869,Slice of Life
40747,Boys Love
40747,Girls Love
5232,Action
20919,Drama
20919,Supernatural
19337,Slice of Life
17849,Comedy
16261,Action
16261,Comedy
15535,Slice of Life
2712,Comedy
2712,Romance
35252,Comedy
35252,Romance
35252,Supernatural
1741,Comedy
1741,Ecchi
1712,Action
1712,Sci-Fi
1271,Comedy
1271,Romance
1271,Ecchi
58985,Adventure
58985,Fantasy
57678,Avant Garde
56691,Comedy
56691,Fantasy
56691,Mystery
55204,Avant Garde
50938,Avant Garde
35997,Fantasy
37671,Slice of Life
35137,Action
35137,Comedy
34156,Comedy
33527,Fantasy
40338,Avant Garde
40345,Action
40345,Comedy
40345,Supernatural
32854,Comedy
32788,Fantasy
32618,Fantasy
32618,Sci-Fi
40721,Avant Garde
31257,Avant Garde
30967,Fantasy
30967,Horror
30967,Supernatural
29898,Sci-Fi
29623,Drama
29481,Fantasy
28237,Action
28237,Comedy
28237,Fantasy
7156,Action
7156,Adventure
7156,Sci-Fi
24437,Comedy
24437,Slice of Life
6091,Action
6091,Mystery
23229,Comedy
22683,Fantasy
22593,Comedy
19977,Action
19977,Sci-Fi
4058,Action
4058,Adventure
4058,Sci-Fi
17501,Drama
17501,Ecchi
15893,Comedy
2622,Action
2622,Sci-Fi
2455,Sci-Fi
13299,Comedy
13299,Drama
13299,Mystery
13299,Romance
12295,Adventure
1640,Boys Love
1640,Drama
1640,Fantasy
1640,Sci-Fi
1640,Supernatural
1160,Action
1160,Sci-Fi
53920,Avant Garde
53920,Comedy
51868,Fantasy
35114,Drama
30647,Romance
32447,Comedy
32447,Ecchi
36447,Fantasy
36580,Slice of Life
37506,Action
37506,Adventure
37664,Drama
35497,Adventure
35391,Drama
38976,Avant Garde
33659,Comedy
33659,Slice of Life
33449,Avant Garde
40651,Sci-Fi
40651,Ecchi
40811,Avant Garde
31506,Fantasy
31283,Comedy
31283,Fantasy
31283,Ecchi
30732,Slice of Life
30732,Supernatural
41689,Slice of Life
9053,Action
9053,Girls Love
9053,Sci-Fi
38843,Action
38843,Adventure
38843,Fantasy
8356,Comedy
7569,Comedy
7255,Comedy
5090,Action
5090,Sci-Fi
40165,Action
40165,Sci-Fi
19219,Avant Garde
19059,Sci-Fi
18231,Ecchi
17163,Comedy
17163,Slice of Life
3070,Action
3070,Fantasy
3070,Sci-Fi
2785,Action
2785,Drama
2785,Sci-Fi
2528,Adventure
2528,Fantasy
2528,Ecchi
2391,Adventure
2391,Comedy
2391,Fantasy
12807,Adventure
18133,Comedy
1216,Boys Love
1216,Drama
59290,Comedy
59290,Fantasy
55561,Comedy
55561,Ecchi
10801,Comedy
10801,Sci-Fi
34982,Adventure
37358,Sports
35219,Comedy
33103,Horror
33103,Supernatural
32271,Action
31519,Sports
30826,Comedy
30826,Slice of Life
30473,Adventure
30473,Drama
42143,Supernatural
42276,Avant Garde
29353,Adventure
29353,Fantasy
28809,Comedy
27927,Comedy
26279,Fantasy
24051,Adventure
24051,Comedy
5920,Adventure
5920,Comedy
5920,Fantasy
5624,Action
5624,Adventure
5624,Horror
19925,Comedy
19705,Mystery
19121,Comedy
19121,Ecchi
16568,Action
16568,Sci-Fi
16255,Adventure
2839,Action
2839,Comedy
2839,Sci-Fi
625,Comedy
625,Romance
625,Sci-Fi
625,Ecchi
2482,Action
2482,Sci-Fi
2056,Action
2056,Sci-Fi
2056,Supernatural
2053,Adventure
2053,Comedy
2053,Fantasy
2053,Sci-Fi
1937,Drama
1937,Fantasy
1937,Supernatural
1611,Adventure
1611,Drama
1611,Horror
1611,Mystery
1611,Sci-Fi
1611,Supernatural
1611,Suspense
1340,Horror
1340,Supernatural
1338,Action
1338,Horror
1338,Sci-Fi
1338,Supernatural
36029,Action
36029,Adventure
36029,Fantasy
53131,Action
53131,Adventure
53131,Comedy
53131,Drama
36164,Action
36164,Comedy
36164,Sci-Fi
36164,Slice of Life
36204,Romance
38284,Comedy
7496,Adventure
35525,Slice of Life
35401,Sci-Fi
35401,Supernatural
34969,Fantasy
32736,Action
32736,Comedy
32636,Avant Garde
31585,Avant Garde
31439,Comedy
41170,Avant Garde
42717,Slice of Life
42946,Comedy
43413,Comedy
5873,Action
22609,Sports
47618,Slice of Life
48575,Action
49165,Action
49165,Adventure
49165,Fantasy
11789,Fantasy
1933,Action
33771,Action
33771,Comedy
54153,Avant Garde
37769,Action
37769,Drama
37769,Supernatural
34083,Fantasy
33723,Comedy
33548,Comedy
40163,Slice of Life
40312,Avant Garde
40312,Comedy
40758,Comedy
40758,Slice of Life
40812,Avant Garde
30704,Comedy
41708,Avant Garde
29820,Comedy
42836,Avant Garde
6448,Action
6448,Sci-Fi
6266,Drama
6266,Slice of Life
5632,Fantasy
3772,Sci-Fi
18305,Action
18305,Sci-Fi
17843,Action
17843,Comedy
41029,Fantasy
41029,Horror
41029,Mystery
2388,Comedy
2388,Gourmet
50176,Avant Garde
50176,Sci-Fi
9832,Comedy
56638,Comedy
52944,Comedy
37601,Action
37601,Fantasy
36097,Fantasy
36097,Slice of Life
34864,Comedy
33705,Comedy
33500,Comedy
40694,Sports
31599,Comedy
31599,Mystery
41360,Comedy
42354,Avant Garde
29551,Fantasy
42601,Avant Garde
29377,Avant Garde
29141,Comedy
42800,Avant Garde
7450,Comedy
23639,Supernatural
6078,Sci-Fi
5990,Action
5990,Comedy
5990,Fantasy
5990,Romance
5990,Sci-Fi
5826,Sports
20557,Comedy
18275,Action
18275,Adventure
11661,Action
11661,Comedy
11661,Sci-Fi
10355,Adventure
10355,Comedy
10077,Fantasy
53193,Horror
51922,Avant Garde
36001,Slice of Life
36524,Action
38644,Avant Garde
38683,Comedy
34691,Comedy
8706,Comedy
8706,Sci-Fi
8554,Drama
28053,Fantasy
7511,Fantasy
43745,Slice of Life
36510,Action
36510,Fantasy
36510,Romance
36510,Ecchi
5930,Fantasy
5930,Supernatural
5640,Drama
5640,Romance
5631,Drama
20713,Comedy
31904,Action
13823,Comedy
13823,Slice of Life
12951,Action
12951,Sci-Fi
11729,Comedy
55727,Sci-Fi
51531,Adventure
51531,Comedy
51531,Drama
51531,Romance
51531,Sci-Fi
35387,Drama
34764,Comedy
39413,Comedy
41227,Avant Garde
41227,Comedy
31116,Action
31116,Comedy
41451,Avant Garde
42278,Avant Garde
42279,Avant Garde
8782,Fantasy
28987,Avant Garde
27559,Comedy
22675,Comedy
22675,Slice of Life
19515,Sports
16808,Action
16808,Adventure
48966,Avant Garde
49414,Slice of Life
32606,Comedy
32606,Fantasy
10417,Drama
10417,Horror
10417,Mystery
10417,Sci-Fi
10417,Suspense
36381,Supernatural
36969,Comedy
36969,Mystery
37792,Avant Garde
35447,Comedy
33883,Comedy
33883,Fantasy
33552,Comedy
40302,Action
32408,Comedy
30600,Comedy
30600,Ecchi
42015,Avant Garde
27785,Action
27785,Comedy
27785,Gourmet
27437,Adventure
27437,Fantasy
2082,Romance
5051,Action
5018,Comedy
48919,Comedy
15977,Sports
2258,Action
2258,Comedy
2258,Sci-Fi
1285,Action
1285,Sci-Fi
9521,Action
9521,Adventure
9521,Fantasy
38752,Sci-Fi
30394,Slice of Life
36223,Slice of Life
36865,Comedy
37731,Sci-Fi
37931,Comedy
38367,Comedy
37735,Action
37735,Horror
37735,Supernatural
34888,Comedy
34844,Comedy
34844,Fantasy
34595,Avant Garde
34464,Comedy
34464,Sci-Fi
34436,Avant Garde
40383,Avant Garde
31494,Comedy
3430,Action
3430,Sci-Fi
41926,Comedy
41926,Sci-Fi
30089,Comedy
30089,Horror
7504,Avant Garde
7504,Drama
7504,Romance
25973,Comedy
25599,Comedy
25599,Fantasy
3205,Ecchi
16656,Action
16656,Ecchi
2524,Action
2524,Adventure
2524,Comedy
2524,Ecchi
13369,Comedy
1820,Action
1820,Adventure
1820,Sci-Fi
38814,Comedy
38814,Romance
38814,Ecchi
54907,Boys Love
54907,Comedy
54225,Comedy
54225,Ecchi
54066,Avant Garde
53789,Avant Garde
37948,Comedy
39088,Avant Garde
39979,Comedy
39979,Slice of Life
33116,Fantasy
32749,Avant Garde
29860,Comedy
29710,Avant Garde
7621,Fantasy
7621,Horror
7621,Supernatural
6843,Adventure
6184,Supernatural
5869,Action
4923,Action
19495,Comedy
19495,Romance
19207,Comedy
18307,Action
18307,Adventure
18307,Sci-Fi
3320,Drama
2779,Drama
14235,Fantasy
2591,Adventure
503,Adventure
503,Drama
503,Fantasy
13083,Award Winning
13083,Comedy
13083,Slice of Life
34383,Drama
34383,Girls Love
49514,Fantasy
39077,Drama
39077,Slice of Life
34997,Drama
33570,Comedy
40335,Drama
40335,Slice of Life
40478,Comedy
40478,Slice of Life
32759,Drama
13479,Comedy
13479,Sci-Fi
32297,Fantasy
4042,Action
4042,Comedy
4042,Ecchi
31984,Comedy
31583,Avant Garde
30083,Comedy
29956,Avant Garde
8372,Comedy
7494,Fantasy
26015,Comedy
26009,Comedy
20869,Comedy
20869,Fantasy
3597,Comedy
3597,Drama
3597,Fantasy
3597,Romance
3429,Action
3429,Sci-Fi
48918,Comedy
48968,Avant Garde
16373,Comedy
16373,Slice of Life
16371,Comedy
16371,Slice of Life
2147,Comedy
2147,Horror
2147,Romance
2147,Sci-Fi
11995,Action
11995,Horror
11995,Sci-Fi
2058,Action
2058,Comedy
2058,Sci-Fi
1708,Action
1708,Supernatural
48858,Slice of Life
53762,Action
50924,Avant Garde
33888,Fantasy
36715,Comedy
36715,Sci-Fi
34716,Sports
5943,Adventure
5943,Sci-Fi
17307,Drama
17307,Sports
30251,Action
42271,Avant Garde
29729,Comedy
29505,Adventure
28989,Avant Garde
7915,Comedy
6491,Slice of Life
46000,Slice of Life
46000,Sports
4905,Comedy
4452,Comedy
4452,Romance
18627,Sci-Fi
3640,Action
3640,Comedy
3640,Ecchi
17707,Comedy
16247,Mystery
15891,Supernatural
537,Action
537,Adventure
537,Sci-Fi
2384,Comedy
2384,Supernatural
2384,Ecchi
2003,Action
2003,Mystery
2003,Sci-Fi
11269,Action
11269,Sci-Fi
10813,Comedy
10813,Drama
305,Action
305,Comedy
305,Ecchi
1751,Action
1751,Comedy
1751,Fantasy
1656,Comedy
10323,Sports
49367,Avant Garde
49367,Fantasy
41059,Comedy
37142,Slice of Life
7448,Comedy
38507,Avant Garde
38851,Comedy
6183,Fantasy
39464,Comedy
19209,Avant Garde
19209,Fantasy
33770,Slice of Life
32289,Action
32289,Sci-Fi
41542,Comedy
29701,Comedy
42801,Avant Garde
22205,Sports
45587,Comedy
5246,Comedy
3267,Fantasy
13091,Comedy
10954,Sci-Fi
50379,Sports
10407,Slice of Life
9662,Horror
51109,Comedy
53222,Comedy
53222,Sports
50201,Boys Love
50201,Comedy
50201,Drama
30739,Comedy
30739,Ecchi
29821,Comedy
36278,Sci-Fi
36670,Avant Garde
37334,Sci-Fi
39209,Avant Garde
39259,Avant Garde
34601,Fantasy
39718,Avant Garde
40341,Sci-Fi
40475,Avant Garde
42208,Comedy
28685,Action
28685,Award Winning
28685,Comedy
28245,Comedy
7713,Fantasy
25971,Avant Garde
25363,Adventure
25363,Fantasy
24355,Comedy
24355,Sci-Fi
5549,Action
5549,Comedy
5549,Girls Love
5549,Ecchi
5237,Action
5237,Drama
5237,Sci-Fi
4398,Fantasy
3817,Sci-Fi
18375,Comedy
2169,Action
2169,Girls Love
2169,Sci-Fi
2101,Romance
1596,Comedy
1596,Sports
1596,Ecchi
1252,Action
1252,Adventure
1252,Drama
1252,Mystery
1252,Romance
1252,Sci-Fi
53231,Action
53231,Sci-Fi
36847,Fantasy
36847,Ecchi
36719,Comedy
37258,Comedy
37915,Sci-Fi
34911,Comedy
33512,Comedy
33512,Sci-Fi
33113,Adventure
33113,Romance
33113,Sci-Fi
31603,Comedy
30444,Comedy
8710,Comedy
8710,Sci-Fi
14563,Comedy
2462,Action
10979,Comedy
10979,Sports
10743,Drama
10511,Slice of Life
1515,Comedy
1515,Sci-Fi
9499,Comedy
9499,Slice of Life
9499,Ecchi
51865,Fantasy
51757,Avant Garde
35749,Fantasy
36409,Comedy
36520,Comedy
39996,Avant Garde
33508,Fantasy
33508,Horror
33508,Mystery
32933,Comedy
32933,Fantasy
9392,Adventure
9392,Fantasy
9239,Action
9239,Sci-Fi
42989,Avant Garde
42989,Comedy
7451,Comedy
26035,Comedy
4929,Action
4929,Sci-Fi
46491,Fantasy
3882,Sci-Fi
3882,Supernatural
48970,Avant Garde
2941,Action
2941,Sci-Fi
2876,Fantasy
13519,Comedy
2311,Adventure
39617,Mystery
39617,Suspense
12561,Action
12561,Comedy
2091,Romance
57315,Fantasy
57315,Ecchi
32981,Action
32981,Sci-Fi
36765,Sci-Fi
34980,Comedy
39213,Adventure
34409,Comedy
33163,Comedy
32521,Comedy
31071,Comedy
30446,Comedy
9221,Action
9221,Adventure
9221,Sci-Fi
25977,Comedy
25977,Sci-Fi
7244,Comedy
24053,Action
20581,Comedy
20581,Mystery
4252,Action
4252,Adventure
19755,Comedy
19437,Action
19437,Fantasy
3596,Action
3596,Sci-Fi
1059,Action
1059,Adventure
1059,Comedy
1059,Sci-Fi
1052,Action
1052,Adventure
1052,Supernatural
1027,Action
1027,Sci-Fi
17387,Comedy
18425,Comedy
16778,Adventure
2796,Comedy
13365,Adventure
13365,Sci-Fi
35143,Comedy
37666,Comedy
37666,Horror
37666,Supernatural
39212,Slice of Life
41124,Comedy
41124,Horror
41124,Supernatural
30948,Horror
41444,Avant Garde
42211,Comedy
29587,Award Winning
8935,Comedy
8935,Sci-Fi
8643,Comedy
8643,Drama
8643,Romance
8643,Ecchi
43550,Comedy
43550,Sci-Fi
5581,Action
5581,Adventure
1075,Comedy
1075,Fantasy
1075,Ecchi
1855,Adventure
1855,Comedy
1855,Fantasy
10466,Action
10466,Drama
55717,Action
55717,Adventure
55717,Fantasy
31942,Sports
38493,Slice of Life
35002,Comedy
34519,Comedy
34519,Sports
34371,Comedy
34124,Comedy
32886,Sports
31170,Action
31170,Comedy
42055,Comedy
42055,Fantasy
42258,Avant Garde
8682,Horror
28055,Drama
7449,Comedy
7423,Fantasy
7374,Drama
23515,Fantasy
4927,Action
4927,Drama
4927,Romance
4927,Suspense
2719,Action
2719,Adventure
2719,Comedy
2719,Fantasy
14743,Comedy
13971,Award Winning
13971,Fantasy
35694,Adventure
60146,Fantasy
35933,Adventure
37386,Avant Garde
38181,Comedy
38181,Horror
38181,Supernatural
38181,Suspense
35631,Comedy
34050,Slice of Life
33915,Comedy
31747,Comedy
42054,Comedy
42054,Fantasy
29861,Comedy
29655,Slice of Life
22841,Avant Garde
21433,Comedy
21433,Sci-Fi
4104,Comedy
3661,Action
3661,Romance
3661,Sci-Fi
48576,Horror
49491,Avant Garde
13515,Comedy
12521,Avant Garde
11679,Comedy
11679,Horror
11679,Supernatural
1949,Drama
1949,Romance
1626,Action
1626,Adventure
1626,Drama
1626,Sci-Fi
1626,Supernatural
1455,Action
1455,Supernatural
56034,Avant Garde
36040,Action
36040,Adventure
36040,Fantasy
36040,Sci-Fi
39856,Gourmet
33549,Comedy
40598,Avant Garde
32219,Action
32219,Adventure
31834,Avant Garde
30153,Comedy
30153,Slice of Life
42247,Avant Garde
29675,Drama
29669,Avant Garde
7721,Adventure
7721,Comedy
43419,Avant Garde
6827,Fantasy
44089,Comedy
1725,Comedy
1725,Drama
1725,Romance
45585,Sports
1528,Comedy
1528,Sci-Fi
21107,Action
17141,Action
12399,Action
12399,Sci-Fi
1341,Action
1341,Drama
1341,Horror
1287,Action
1287,Adventure
1287,Drama
1287,Sci-Fi
54131,Comedy
32758,Supernatural
38506,Avant Garde
38700,Avant Garde
34955,Adventure
34817,Comedy
42047,Horror
29862,Comedy
29812,Drama
28057,Action
28057,Adventure
28057,Comedy
5931,Adventure
5931,Comedy
5931,Fantasy
19923,Romance
3517,Comedy
3517,Slice of Life
3511,Action
17697,Comedy
17697,Slice of Life
16620,Action
2790,Comedy
2790,Ecchi
13693,Action
13693,Sci-Fi
11579,Avant Garde
1819,Horror
1819,Sci-Fi
20261,Action
20261,Sci-Fi
35732,Avant Garde
36932,Suspense
37535,Slice of Life
37545,Fantasy
38469,Action
38469,Adventure
38469,Drama
38469,Fantasy
35612,Comedy
39214,Slice of Life
34629,Comedy
39616,Avant Garde
33867,Comedy
33858,Comedy
39659,Comedy
15045,Drama
15045,Horror
15045,Romance
30341,Avant Garde
30159,Action
42145,Comedy
42145,Slice of Life
29677,Drama
43774,Mystery
6061,Fantasy
6061,Horror
17513,Drama
17513,Supernatural
14479,Fantasy
32831,Sports
2538,Drama
2538,Fantasy
2538,Mystery
2538,Romance
9689,Slice of Life
9689,Supernatural
9600,Girls Love
9600,Ecchi
38757,Avant Garde
34708,Slice of Life
34115,Drama
32934,Comedy
32934,Horror
32934,Supernatural
40958,Slice of Life
31302,Comedy
31302,Sci-Fi
42248,Avant Garde
8718,Drama
42995,Avant Garde
42995,Comedy
19171,Action
19171,Sci-Fi
48954,Action
48954,Fantasy
15545,Comedy
32830,Mystery
37856,Action
37856,Adventure
37856,Fantasy
35454,Comedy
35454,Sci-Fi
34872,Comedy
33551,Comedy
32789,Supernatural
32377,Action
30334,Comedy
8952,Comedy
42802,Avant Garde
25591,Action
25591,Adventure
25591,Supernatural
7060,Sci-Fi
6525,Comedy
6525,Slice of Life
45582,Avant Garde
46004,Comedy
3743,Award Winning
3743,Mystery
2983,Adventure
2983,Drama
2983,Fantasy
2983,Horror
2983,Mystery
2983,Supernatural
15455,Fantasy
1772,Fantasy
1772,Sci-Fi
37374,Action
37374,Adventure
37374,Sci-Fi
34119,Drama
37527,Avant Garde
39000,Avant Garde
39095,Romance
33870,Comedy
33544,Comedy
33544,Sports
40523,Avant Garde
30947,Supernatural
42277,Avant Garde
29857,Drama
29850,Action
42357,Comedy
29173,Avant Garde
26347,Slice of Life
6832,Supernatural
6318,Comedy
6318,Ecchi
5025,Action
5025,Comedy
5025,Girls Love
5025,Ecchi
4761,Avant Garde
4761,Comedy
16954,Romance
49094,Avant Garde
2897,Comedy
2765,Action
1982,Slice of Life
36182,Avant Garde
36395,Adventure
38354,Comedy
38354,Slice of Life
38899,Comedy
34957,Fantasy
34324,Action
40204,Avant Garde
32786,Action
32563,Fantasy
31491,Comedy
31491,Romance
31491,Sports
31491,Ecchi
41452,Avant Garde
41459,Slice of Life
30850,Sci-Fi
30152,Comedy
30152,Slice of Life
6131,Comedy
22561,Action
17989,Comedy
17989,Fantasy
17989,Ecchi
16389,Adventure
16389,Comedy
16389,Sci-Fi
13439,Adventure
13439,Supernatural
12865,Comedy
48614,Drama
48614,Supernatural
48614,Suspense
53022,Action
53022,Comedy
53022,Sci-Fi
28827,Comedy
35310,Comedy
36746,Slice of Life
38774,Slice of Life
38795,Avant Garde
30782,Comedy
30782,Fantasy
30782,Ecchi
6935,Slice of Life
34449,Action
33801,Drama
33801,Supernatural
32737,Comedy
41851,Comedy
41851,Horror
29870,Romance
29347,Slice of Life
7810,Avant Garde
7488,Fantasy
44429,Sci-Fi
5322,Action
5322,Sci-Fi
46003,Comedy
4390,Adventure
4390,Comedy
17161,Comedy
17161,Slice of Life
2592,Action
2592,Boys Love
2592,Horror
2592,Sci-Fi
2592,Supernatural
13087,Comedy
12803,Comedy
12803,Fantasy
1833,Action
1833,Adventure
1833,Sci-Fi
53424,Fantasy
7025,Avant Garde
7025,Horror
35502,Comedy
39620,Comedy
39620,Gourmet
39620,Slice of Life
33904,Slice of Life
40350,Sports
41564,Adventure
41564,Mystery
29800,Comedy
24363,Comedy
23759,Comedy
23759,Sports
6181,Fantasy
4176,Comedy
4176,Sports
48892,Fantasy
48892,Slice of Life
2093,Romance
37742,Comedy
37742,Horror
37742,Supernatural
37742,Suspense
38449,Fantasy
38622,Comedy
39035,Sci-Fi
39035,Slice of Life
34929,Action
34887,Avant Garde
34887,Fantasy
33814,Comedy
33814,Horror
40040,Comedy
42280,Avant Garde
42321,Adventure
42321,Comedy
42321,Sci-Fi
42321,Sports
8719,Slice of Life
27687,Comedy
7512,Fantasy
5647,Ecchi
47638,Avant Garde
18723,Action
18723,Supernatural
2262,Action
2262,Horror
2262,Sci-Fi
2262,Supernatural
1745,Action
1745,Adventure
1745,Mystery
1667,Action
1667,Sci-Fi
1667,Supernatural
10044,Sci-Fi
54197,Comedy
54197,Fantasy
36096,Avant Garde
36747,Slice of Life
38758,Avant Garde
38902,Horror
39180,Avant Garde
39708,Comedy
39708,Fantasy
33914,Avant Garde
33914,Fantasy
33914,Horror
39861,Comedy
33273,Slice of Life
31471,Comedy
42809,Action
42809,Avant Garde
28695,Adventure
7528,Fantasy
11087,Action
11087,Sci-Fi
54778,Comedy
52857,Comedy
41060,Comedy
38510,Avant Garde
34974,Fantasy
34974,Horror
34974,Mystery
33692,Comedy
33692,Drama
32734,Comedy
32734,Slice of Life
31582,Avant Garde
31377,Slice of Life
31377,Supernatural
41450,Avant Garde
29752,Comedy
29752,Slice of Life
8730,Fantasy
8679,Comedy
7475,Romance
24443,Comedy
24443,Slice of Life
21607,Avant Garde
21607,Fantasy
19811,Comedy
17048,Action
17048,Sci-Fi
10406,Comedy
51867,Fantasy
33215,Adventure
36158,Avant Garde
5874,Action
32142,Comedy
32142,Slice of Life
40995,Adventure
40995,Mystery
41096,Comedy
41096,Horror
30079,Fantasy
28419,Action
28419,Comedy
28241,Action
25265,Romance
6829,Action
5880,Comedy
5838,Action
5838,Adventure
3026,Comedy
3026,Drama
3026,Romance
3026,Sci-Fi
13669,Action
13669,Adventure
13669,Fantasy
13669,Sci-Fi
1740,Action
1740,Drama
1740,Mystery
10627,Comedy
10627,Sports
9526,Action
9526,Sci-Fi
36027,Drama
36027,Horror
36027,Mystery
36027,Suspense
51500,Comedy
30336,Avant Garde
37279,Sci-Fi
38177,Sports
38177,Ecchi
30045,Drama
28151,Action
28151,Supernatural
7452,Comedy
13303,Suspense
38496,Gourmet
35432,Fantasy
33937,Sci-Fi
40015,Action
40015,Comedy
31749,Action
30330,Avant Garde
28047,Adventure
28047,Romance
6847,Adventure
5872,Sports
45614,Avant Garde
4392,Comedy
10674,Comedy
51265,Comedy
51265,Ecchi
28639,Avant Garde
36874,Comedy
37483,Action
37483,Comedy
38632,Comedy
33791,Comedy
42109,Comedy
42109,Slice of Life
29771,Avant Garde
29667,Avant Garde
29393,Adventure
28691,Comedy
6939,Fantasy
6939,Sci-Fi
675,Drama
675,Supernatural
54249,Comedy
37431,Comedy
40159,Avant Garde
32790,Supernatural
31266,Avant Garde
41445,Avant Garde
41448,Avant Garde
30165,Romance
23089,Comedy
21215,Action
21215,Ecchi
4395,Adventure
16560,Action
16560,Sci-Fi
13085,Comedy
13085,Slice of Life
31309,Avant Garde
37549,Suspense
38863,Avant Garde
34633,Avant Garde
40320,Action
40320,Adventure
40320,Fantasy
30840,Comedy
7985,Fantasy
6837,Comedy
3799,Award Winning
3799,Comedy
17395,Action
13835,Action
10354,Drama
1286,Action
1286,Sci-Fi
38066,Slice of Life
35632,Comedy
42042,Comedy
30059,Drama
29651,Drama
6419,Comedy
6419,Romance
6419,Ecchi
23267,Slice of Life
4394,Adventure
19945,Comedy
730,Boys Love
730,Drama
1560,Action
1560,Sci-Fi
1560,Ecchi
52690,Avant Garde
52690,Horror
31265,Avant Garde
35935,Avant Garde
33872,Comedy
30442,Comedy
41797,Avant Garde
30042,Action
7530,Fantasy
6836,Action
5656,Adventure
5656,Sci-Fi
2317,Comedy
2317,Girls Love
2317,Ecchi
12599,Drama
10360,Sports
52381,Slice of Life
35976,Slice of Life
37853,Avant Garde
38501,Avant Garde
38955,Avant Garde
34628,Comedy
40003,Avant Garde
33422,Sci-Fi
30443,Comedy
42274,Avant Garde
42347,Comedy
42358,Comedy
29731,Comedy
29731,Slice of Life
42754,Fantasy
27951,Fantasy
23935,Action
6090,Action
22427,Adventure
22427,Comedy
22427,Sci-Fi
9777,Slice of Life
36132,Comedy
35560,Comedy
29609,Action
28953,Avant Garde
28953,Horror
28041,Adventure
28041,Romance
6848,Action
13423,Adventure
29822,Comedy
42490,Comedy
42697,Comedy
7243,Avant Garde
7243,Comedy
23065,Supernatural
3497,Romance
13795,Fantasy
36712,Fantasy
29932,Avant Garde
29865,Comedy
29665,Avant Garde
15533,Slice of Life
681,Comedy
681,Sci-Fi
9506,Comedy
9506,Ecchi
29653,Drama
36744,Slice of Life
35389,Adventure
34472,Action
17991,Comedy
17991,Ecchi
33863,Comedy
40745,Avant Garde
31833,Avant Garde
31587,Avant Garde
30395,Comedy
30210,Avant Garde
8968,Comedy
28035,Sports
27949,Fantasy
5871,Action
5871,Adventure
3513,Romance
3513,Supernatural
48961,Avant Garde
29673,Comedy
35999,Action
35999,Adventure
35999,Fantasy
36115,Avant Garde
36983,Comedy
38191,Sci-Fi
35492,Fantasy
34699,Slice of Life
32999,Comedy
32999,Slice of Life
32557,Comedy
32557,Horror
40660,Slice of Life
29679,Drama
29629,Avant Garde
8733,Fantasy
28761,Avant Garde
25979,Comedy
7032,Comedy
5299,Slice of Life
45616,Avant Garde
10847,Comedy
51048,Comedy
51048,Sports
51466,Drama
51466,Romance
51466,Sci-Fi
36264,Avant Garde
38502,Avant Garde
41489,Avant Garde
29944,Avant Garde
42281,Avant Garde
23023,Sci-Fi
22953,Comedy
21833,Comedy
21833,Fantasy
18457,Comedy
18457,Drama
1031,Adventure
1031,Fantasy
10742,Drama
1705,Adventure
1705,Fantasy
52638,Horror
52638,Suspense
51766,Comedy
39623,Avant Garde
33176,Sci-Fi
40237,Avant Garde
40597,Action
40597,Fantasy
31912,Action
31912,Fantasy
30408,Avant Garde
7843,Avant Garde
25267,Mystery
2054,Fantasy
21305,Fantasy
17076,Comedy
17076,Supernatural
2967,Comedy
2967,Mystery
2967,Supernatural
2967,Ecchi
13541,Fantasy
2232,Comedy
9496,Fantasy
9496,Romance
33550,Comedy
32291,Drama
7446,Comedy
25491,Fantasy
6842,Sports
52924,Avant Garde
52924,Horror
52924,Suspense
26007,Comedy
37571,Action
31268,Avant Garde
7445,Comedy
6846,Adventure
24847,Comedy
24847,Sci-Fi
23053,Avant Garde
2219,Avant Garde
2219,Boys Love
2219,Drama
2219,Supernatural
10859,Slice of Life
18273,Action
18273,Adventure
36745,Slice of Life
35379,Action
35379,Fantasy
33861,Comedy
31941,Adventure
31941,Avant Garde
31941,Fantasy
29739,Comedy
42576,Slice of Life
42807,Avant Garde
25981,Action
45596,Comedy
45596,Romance
17159,Comedy
17159,Slice of Life
16564,Action
16564,Sci-Fi
35224,Action
35224,Sci-Fi
33543,Comedy
33543,Sports
40737,Avant Garde
30955,Ecchi
8958,Comedy
8064,Action
8064,Fantasy
8064,Supernatural
5207,Comedy
18149,Comedy
3605,Action
3605,Romance
3496,Fantasy
37747,Slice of Life
40430,Slice of Life
41443,Avant Garde
30367,Comedy
29961,Action
42272,Avant Garde
29766,Avant Garde
29661,Avant Garde
8729,Slice of Life
6431,Comedy
18841,Romance
18841,Sci-Fi
2057,Action
2057,Comedy
2057,Mystery
10105,Action
10105,Adventure
10105,Fantasy
10105,Sci-Fi
36632,Comedy
36632,Romance
36632,Ecchi
55356,Avant Garde
37385,Action
36718,Supernatural
35400,Fantasy
31014,Action
31014,Horror
42014,Comedy
42014,Horror
29768,Avant Garde
28045,Action
28045,Adventure
28045,Fantasy
6937,Drama
6937,Fantasy
23909,Adventure
23909,Sci-Fi
18795,Sci-Fi
765,Adventure
765,Comedy
765,Sci-Fi
725,Drama
725,Romance
14781,Action
14781,Sci-Fi
35818,Comedy
35818,Gourmet
37729,Horror
39498,Slice of Life
39498,Sports
32296,Action
6281,Sci-Fi
23387,Action
23387,Sci-Fi
13435,Comedy
33693,Comedy
33693,Mystery
2310,Sci-Fi
34153,Sci-Fi
32059,Action
32059,Sci-Fi
31831,Avant Garde
41447,Avant Garde
12919,Avant Garde
37408,Boys Love
31258,Avant Garde
30086,Comedy
30086,Drama
28587,Avant Garde
3516,Comedy
3516,Slice of Life
1355,Action
1355,Sci-Fi
32092,Sci-Fi
35975,Slice of Life
36766,Sci-Fi
35328,Comedy
33927,Adventure
33927,Comedy
33493,Action
33493,Sci-Fi
31512,Slice of Life
31244,Slice of Life
29657,Avant Garde
5799,Comedy
5799,Romance
17659,Action
17659,Sci-Fi
1009,Action
1009,Comedy
600,Boys Love
600,Drama
600,Supernatural
36743,Slice of Life
33114,Avant Garde
32637,Avant Garde
29649,Avant Garde
28955,Drama
28955,Mystery
28049,Adventure
28049,Comedy
23265,Adventure
23265,Romance
5934,Adventure
5934,Fantasy
10812,Action
1647,Action
1647,Horror
1647,Sci-Fi
10003,Avant Garde
10003,Comedy
10003,Horror
112,Action
112,Adventure
112,Comedy
112,Fantasy
112,Sci-Fi
112,Ecchi
36835,Comedy
38498,Avant Garde
35516,Comedy
34422,Avant Garde
31759,Avant Garde
41446,Avant Garde
28829,Comedy
28829,Fantasy
6658,Comedy
21335,Sci-Fi
37547,Action
6850,Action
39527,Sports
31261,Avant Garde
29397,Slice of Life
28305,Sci-Fi
7021,Award Winning
7021,Comedy
752,Boys Love
752,Drama
10639,Action
10639,Fantasy
52656,Avant Garde
52656,Horror
29972,Avant Garde
39650,Avant Garde
31139,Slice of Life
9356,Action
9356,Adventure
9356,Fantasy
29764,Avant Garde
25969,Avant Garde
25049,Action
25049,Comedy
25049,Fantasy
1053,Comedy
1053,Drama
1053,Romance
1053,Ecchi
2974,Drama
2974,Sci-Fi
13441,Fantasy
10436,Avant Garde
35704,Comedy
38505,Avant Garde
38961,Avant Garde
33694,Comedy
40105,Avant Garde
29681,Avant Garde
29647,Avant Garde
28347,Slice of Life
28067,Action
7501,Comedy
7501,Sports
2022,Action
2022,Fantasy
2022,Supernatural
47616,Mystery
47616,Suspense
4250,Sci-Fi
16794,Action
16794,Sci-Fi
2737,Action
2737,Drama
9744,Sports
9744,Ecchi
35923,Slice of Life
40106,Avant Garde
33245,Slice of Life
32288,Fantasy
30393,Slice of Life
29073,Sports
5602,Fantasy
22167,Avant Garde
9976,Avant Garde
9976,Award Winning
9976,Drama
32804,Drama
31507,Fantasy
31269,Avant Garde
30090,Comedy
8751,Comedy
8751,Fantasy
7523,Comedy
25985,Comedy
25985,Sci-Fi
18353,Slice of Life
37147,Avant Garde
37147,Ecchi
37626,Comedy
35156,Action
35156,Drama
42256,Avant Garde
29645,Avant Garde
25393,Action
25393,Sci-Fi
20153,Avant Garde
20153,Comedy
4389,Adventure
4389,Comedy
2730,Comedy
2730,Romance
2730,Ecchi
1621,Action
1621,Comedy
3910,Action
3910,Comedy
3910,Romance
3910,Supernatural
3910,Ecchi
31644,Comedy
30404,Avant Garde
29391,Slice of Life
7031,Fantasy
6831,Supernatural
5870,Action
22417,Action
34411,Supernatural
2981,Drama
2981,Horror
1451,Action
1451,Supernatural
1451,Suspense
35707,Avant Garde
28981,Slice of Life
35069,Horror
35069,Supernatural
34393,Slice of Life
39697,Comedy
32852,Supernatural
31513,Comedy
41449,Avant Garde
42234,Avant Garde
8774,Fantasy
7809,Avant Garde
25377,Slice of Life
6839,Action
4462,Action
19231,Avant Garde
19231,Fantasy
3832,Action
3832,Fantasy
3252,Sci-Fi
14529,Action
14529,Sci-Fi
2362,Action
2362,Sci-Fi
33541,Comedy
33541,Sci-Fi
31584,Avant Garde
36157,Avant Garde
36157,Comedy
34710,Comedy
31264,Avant Garde
30403,Comedy
30213,Avant Garde
23933,Action
6392,Sports
6392,Ecchi
5812,Sports
22175,Avant Garde
16812,Action
16812,Adventure
16812,Drama
38196,Fantasy
32298,Action
31267,Avant Garde
8671,Slice of Life
8661,Slice of Life
8647,Comedy
6346,Romance
4966,Comedy
38353,Slice of Life
34140,Sci-Fi
33975,Comedy
32739,Action
30093,Comedy
5715,Action
5715,Adventure
5715,Comedy
5715,Ecchi
4266,Drama
4266,Sci-Fi
8957,Comedy
19213,Avant Garde
19213,Drama
19213,Supernatural
3490,Sci-Fi
994,Mystery
36774,Sci-Fi
38376,Avant Garde
38545,Sci-Fi
40363,Avant Garde
19297,Comedy
3533,Action
51304,Action
51304,Avant Garde
51304,Comedy
51304,Sci-Fi
37249,Comedy
38017,Action
38017,Adventure
38017,Romance
33695,Comedy
29637,Drama
29637,Romance
3463,Sci-Fi
3306,Drama
3306,Romance
48680,Action
48680,Suspense
36624,Comedy
35335,Comedy
34402,Comedy
34402,Gourmet
30863,Avant Garde
42246,Avant Garde
7027,Comedy
7026,Comedy
5158,Avant Garde
18703,Sci-Fi
51773,Action
51773,Sci-Fi
33283,Comedy
33283,Sports
31633,Comedy
31633,Gourmet
31633,Mystery
30327,Avant Garde
8889,Comedy
8889,Romance
8889,Ecchi
6823,Fantasy
5330,Sci-Fi
3960,Action
3960,Sci-Fi
1765,Supernatural
6830,Action
20385,Comedy
20385,Ecchi
705,Adventure
705,Comedy
705,Sci-Fi
10763,Action
33871,Comedy
33871,Sci-Fi
34721,Action
32467,Action
32467,Comedy
30398,Comedy
8716,Comedy
8716,Sci-Fi
7029,Comedy
5554,Comedy
5554,Horror
5554,Supernatural
22385,Fantasy
22171,Avant Garde
9509,Horror
9509,Mystery
9509,Supernatural
31578,Comedy
31578,Gourmet
8604,Comedy
10904,Adventure
10904,Fantasy
29635,Avant Garde
29635,Comedy
29635,Romance
34720,Avant Garde
29633,Avant Garde
6840,Comedy
6840,Sports
24811,Comedy
12341,Adventure
12341,Comedy
12341,Fantasy
1995,Sci-Fi
1995,Ecchi
11411,Horror
11411,Sci-Fi
36117,Avant Garde
31450,Avant Garde
29395,Slice of Life
23401,Slice of Life
3930,Supernatural
3113,Comedy
3113,Slice of Life
1529,Action
1529,Ecchi
29988,Avant Garde
30328,Avant Garde
37453,Avant Garde
35383,Comedy
35383,Fantasy
32247,Action
32247,Adventure
32247,Supernatural
7192,Action
7192,Sci-Fi
5020,Action
5020,Ecchi
13793,Comedy
38059,Ecchi
40332,Horror
40332,Suspense
2972,Adventure
2972,Mystery
29902,Avant Garde
9337,Comedy
37823,Action
37823,Comedy
37823,Fantasy
37823,Romance
22163,Avant Garde
38375,Avant Garde
38508,Avant Garde
39096,Avant Garde
30664,Avant Garde
30335,Avant Garde
31761,Avant Garde
31761,Comedy
31647,Comedy
30094,Action
30094,Comedy
29871,Sci-Fi
37843,Comedy
40016,Avant Garde
33312,Avant Garde
30667,Avant Garde
28641,Award Winning
5813,Action
22165,Avant Garde
2146,Fantasy
2146,Romance
28051,Adventure
28051,Comedy
37243,Horror
37243,Suspense
33042,Comedy
33042,Horror
30211,Avant Garde
8925,Comedy
8925,Slice of Life
7482,Romance
11867,Avant Garde
11867,Drama
1641,Action
1641,Comedy
1641,Fantasy
1641,Ecchi
24807,Slice of Life
35971,Comedy
33536,Fantasy
30669,Avant Garde
35404,Mystery
30559,Avant Garde
13421,Comedy
40473,Comedy
40473,Fantasy
28951,Avant Garde
28951,Horror
28591,Avant Garde
34503,Comedy
31832,Avant Garde
30814,Avant Garde
3112,Comedy
3112,Ecchi
36062,Sports
35388,Comedy
7882,Comedy
6383,Action
6383,Adventure
6383,Sci-Fi
5811,Action
45615,Avant Garde
30659,Avant Garde
30659,Horror
38712,Avant Garde
8663,Avant Garde
8663,Romance
28339,Avant Garde
28339,Sci-Fi
19125,Adventure
9491,Action
9491,Comedy
29615,Avant Garde
29615,Romance
23059,Avant Garde
23059,Horror
30326,Avant Garde
24259,Avant Garde
24259,Comedy
24259,Horror
24259,Sci-Fi
23063,Avant Garde
23063,Horror
23063,Suspense
5904,Drama
5904,Romance
38763,Avant Garde
38893,Avant Garde
35450,Avant Garde
33545,Comedy
30705,Slice of Life
18463,Sci-Fi
38773,Avant Garde
16786,Action
16786,Sci-Fi
35406,Avant Garde
6851,Adventure
30418,Avant Garde
30337,Avant Garde
28993,Avant Garde
7897,Ecchi
1102,Action
1102,Sci-Fi
32906,Comedy
32906,Sci-Fi
31501,Avant Garde
38915,Horror
38915,Suspense
32295,Action
4733,Adventure
4733,Sci-Fi
9318,Avant Garde
7030,Comedy
30339,Avant Garde
29597,Comedy
8486,Fantasy
6000,Action
18047,Comedy
30340,Avant Garde
28645,Avant Garde
6834,Adventure
35407,Avant Garde
30331,Avant Garde
29952,Avant Garde
22415,Fantasy
2475,Action
2475,Sci-Fi
37452,Avant Garde
29905,Avant Garde
5622,Avant Garde
5622,Comedy
22159,Avant Garde
2088,Adventure
2088,Sci-Fi
3816,Action
3816,Ecchi
33021,Action
30480,Avant Garde
6828,Comedy
33710,Avant Garde
6849,Adventure
23051,Avant Garde
788,Comedy
788,Ecchi
11687,Fantasy
11687,Horror
20955,Comedy
36288,Action
5814,Sports
30329,Avant Garde
11691,Horror
30332,Avant Garde
29989,Avant Garde
9056,Avant Garde
9056,Horror
37256,Horror
37256,Supernatural
37256,Suspense
29777,Avant Garde
29777,Comedy
3695,Fantasy
18561,Fantasy
9895,Avant Garde
9895,Comedy
38727,Avant Garde
33859,Comedy
29105,Comedy
28647,Avant Garde
6535,Avant Garde
6535,Romance
1966,Fantasy
1966,Horror
1966,Mystery
1966,Supernatural
8993,Comedy
8993,Supernatural
8993,Ecchi
8464,Comedy
8464,Ecchi
21179,Drama
21179,Fantasy
4934,Action
4934,Sci-Fi
20811,Comedy
20811,Horror
16802,Action
2250,Horror
2250,Sci-Fi
35405,Avant Garde
22181,Avant Garde
30666,Avant Garde
30396,Avant Garde
30396,Comedy
28843,Avant Garde
28843,Horror
23877,Avant Garde
33276,Comedy
9801,Avant Garde
33282,Comedy
30663,Action
30663,Comedy
30663,Girls Love
30663,Ecchi
23517,Avant Garde
1657,Action
1657,Fantasy
32400,Comedy
31688,Avant Garde
29980,Adventure
29980,Avant Garde
29973,Avant Garde
7020,Avant Garde
7020,Comedy
6838,Adventure
23055,Avant Garde
31685,Comedy
31685,Ecchi
30214,Avant Garde
29971,Avant Garde
33820,Horror
33820,Mystery
3064,Action
3064,Adventure
3064,Suspense
29957,Avant Garde
30859,Avant Garde
29907,Avant Garde
23057,Avant Garde
23057,Horror
36280,Avant Garde
30212,Avant Garde
6833,Action
7811,Avant Garde
38748,Avant Garde
40845,Boys Love
29979,Slice of Life
11869,Horror
11869,Supernatural
11869,Suspense
38701,Avant Garde
7024,Avant Garde
7024,Award Winning
7024,Comedy
29954,Avant Garde
30438,Comedy
29995,Avant Garde
35730,Comedy
35730,Sci-Fi
33220,Avant Garde
1993,Sci-Fi
35402,Avant Garde
7617,Comedy
7617,Fantasy
4567,Action
4567,Adventure
4567,Sci-Fi
31689,Avant Garde
7028,Comedy
40074,Action
40074,Fantasy
40074,Horror
40074,Sci-Fi
42260,Horror
42260,Supernatural
3801,Horror
31687,Avant Garde
39917,Action
11357,Sci-Fi
36750,Avant Garde
36750,Ecchi
40282,Action
40282,Comedy
2318,Action
29984,Avant Garde
28637,Avant Garde
22157,Avant Garde
22255,Avant Garde
13715,Comedy
13715,Ecchi
11689,Sports
30668,Avant Garde
16610,Comedy
16610,Horror
29619,Avant Garde
35448,Comedy
7022,Avant Garde
7022,Comedy
28657,Avant Garde
6950,Avant Garde
6950,Fantasy
16606,Horror
16602,Horror
16602,Supernatural
16602,Suspense
34060,Horror
1585,Fantasy
2778,Action
2778,Adventure
2778,Fantasy
22173,Avant Garde
30665,Avant Garde
16822,Action
16822,Sci-Fi
22377,Action
11915,Horror
1812,Sci-Fi
16604,Comedy
16604,Horror
11897,Action
11897,Comedy
33696,Comedy
29978,Comedy
16436,Comedy
16436,Ecchi
28929,Comedy
28929,Mystery
28929,Supernatural
2792,Action
2792,Fantasy
2792,Sci-Fi
30860,Avant Garde
30860,Comedy
2777,Action
2777,Adventure
2777,Fantasy
2777,Romance
22161,Avant Garde
19315,Horror
19315,Suspense
11883,Action
11883,Comedy
34223,Comedy
34223,Fantasy
4531,Action
4531,Horror
4531,Supernatural
8689,Avant Garde
1345,Action
2776,Action
2776,Adventure
2776,Fantasy
31686,Avant Garde
31686,Comedy
22169,Avant Garde
31586,Avant Garde
29617,Avant Garde
37448,Comedy
37448,Sci-Fi
37448,Sports
9342,Action
9342,Sci-Fi
22177,Avant Garde
7900,Action
7900,Adventure
7900,Sci-Fi
38853,Action
38853,Sci-Fi
16608,Comedy
16608,Romance
6953,Avant Garde
32294,Avant Garde
32894,Horror
5877,Action
5877,Comedy
5877,Ecchi
22179,Avant Garde
31634,Horror
413,Action
413,Horror
413,Sci-Fi
13405,Avant Garde
13405,Comedy
3287,Sci-Fi
60792,Fantasy
60792,Sci-Fi
60699,Action
60673,Comedy
60718,Avant Garde
60667,Drama
60667,Romance
60667,Slice of Life
60745,Fantasy
60679,Award Winning
60679,Sci-Fi
60698,Action
60724,Adventure
60724,Fantasy
60616,Fantasy
60615,Comedy
60599,Adventure
60599,Fantasy
60599,Sci-Fi
60598,Action
60598,Comedy
60598,Fantasy
60598,Mystery
60498,Drama
60538,Avant Garde
60500,Drama
60421,Fantasy
60333,Action
60333,Sci-Fi
60379,Romance
60329,Comedy
60331,Action
60331,Sci-Fi
60414,Comedy
60414,Sci-Fi
60237,Drama
60245,Gourmet
60222,Comedy
60222,Drama
60222,Romance
60236,Drama
60244,Gourmet
60256,Romance
60299,Drama
60299,Romance
60172,Comedy
60172,Gourmet
60103,Sci-Fi
60158,Action
60158,Fantasy
60158,Sci-Fi
60106,Sci-Fi
60102,Sci-Fi
60181,Gourmet
60164,Adventure
60038,Romance
59805,Action
59805,Fantasy
59810,Fantasy
59522,Adventure
59522,Fantasy
59522,Slice of Life
59374,Slice of Life
59905,Gourmet
59933,Gourmet
59552,Supernatural
59441,Avant Garde
59258,Action
59258,Comedy
59258,Drama
59258,Sci-Fi
59347,Sports
59761,Fantasy
59761,Sci-Fi
59761,Slice of Life
59536,Action
59536,Adventure
59536,Fantasy
59535,Avant Garde
59535,Award Winning
59535,Supernatural
60005,Horror
60049,Action
60049,Supernatural
60039,Comedy
59975,Action
59906,Avant Garde
59534,Avant Garde
59534,Horror
59534,Supernatural
59440,Avant Garde
59454,Fantasy
59296,Avant Garde
59289,Comedy
59872,Romance
59862,Action
59862,Adventure
59442,Avant Garde
60043,Slice of Life
59637,Fantasy
59637,Horror
59295,Avant Garde
59212,Avant Garde
59249,Supernatural
59121,Drama
59121,Romance
59121,Supernatural
59008,Adventure
58950,Sports
59060,Action
59060,Fantasy
59069,Romance
59061,Action
59061,Fantasy
58956,Action
58956,Fantasy
59059,Supernatural
58882,Supernatural
58798,Comedy
58798,Mystery
58798,Romance
58798,Supernatural
58843,Action
58843,Comedy
58843,Fantasy
58817,Adventure
58817,Comedy
58817,Fantasy
58758,Sports
58752,Avant Garde
58752,Slice of Life
58842,Supernatural
58841,Action
58841,Supernatural
58786,Action
58786,Mystery
58786,Romance
58786,Sci-Fi
58740,Award Winning
58706,Gourmet
58706,Mystery
58695,Action
58695,Fantasy
58659,Slice of Life
58654,Fantasy
58654,Mystery
58697,Action
58697,Adventure
58697,Comedy
58697,Fantasy
58660,Slice of Life
58742,Fantasy
58685,Award Winning
60597,Action
60597,Adventure
60597,Comedy
60597,Fantasy
58579,Comedy
58579,Sci-Fi
58699,Slice of Life
58716,Horror
58665,Action
58665,Adventure
58599,Fantasy
58574,Comedy
58574,Gourmet
58497,Sci-Fi
58485,Action
58485,Sci-Fi
58530,Action
58530,Adventure
58530,Fantasy
58496,Action
58430,Action
58430,Adventure
58430,Fantasy
58373,Action
58477,Sci-Fi
58454,Gourmet
58372,Action
58452,Gourmet
58466,Gourmet
58456,Gourmet
58450,Action
58450,Adventure
58420,Gourmet
58461,Gourmet
58453,Gourmet
58114,Romance
58118,Adventure
58118,Fantasy
58092,Action
58092,Fantasy
58175,Fantasy
58175,Slice of Life
58047,Action
58047,Adventure
58047,Drama
57601,Comedy
57529,Action
57529,Fantasy
61868,Slice of Life
57495,Comedy
57495,Slice of Life
57388,Fantasy
61844,Comedy
61844,Slice of Life
61826,Action
61826,Sci-Fi
57363,Action
57363,Gourmet
61798,Comedy
61798,Fantasy
61794,Avant Garde
61794,Comedy
61794,Fantasy
61786,Avant Garde
61786,Comedy
61786,Sci-Fi
61766,Action
61766,Sci-Fi
61760,Fantasy
57155,Avant Garde
56810,Adventure
56810,Comedy
56810,Fantasy
61750,Action
61750,Adventure
61750,Fantasy
61743,Comedy
61743,Gourmet
61741,Drama
61739,Slice of Life
61689,Adventure
61689,Fantasy
56839,Horror
56636,Horror
56636,Supernatural
56367,Action
56367,Sci-Fi
56382,Avant Garde
56747,Action
56747,Adventure
56747,Fantasy
57082,Drama
57059,Action
56815,Comedy
56815,Drama
56815,Fantasy
56760,Sci-Fi
56637,Horror
56637,Supernatural
56453,Comedy
56406,Fantasy
56408,Action
56408,Comedy
56818,Suspense
56473,Sci-Fi
56694,Sci-Fi
56694,Slice of Life
56514,Action
56514,Fantasy
56841,Action
56841,Drama
56841,Supernatural
56152,Girls Love
56205,Avant Garde
56155,Action
56198,Sci-Fi
56149,Supernatural
56253,Slice of Life
56253,Supernatural
56013,Fantasy
56013,Slice of Life
56049,Drama
56049,Romance
56049,Sci-Fi
55967,Supernatural
55824,Fantasy
55704,Fantasy
55402,Slice of Life
55081,Comedy
55081,Fantasy
55080,Action
55080,Adventure
55080,Drama
55080,Sci-Fi
55609,Fantasy
55363,Drama
55610,Fantasy
55540,Avant Garde
55611,Fantasy
55538,Comedy
55527,Adventure
55527,Mystery
55527,Sci-Fi
55038,Sci-Fi
55400,Drama
55400,Slice of Life
54963,Comedy
54963,Slice of Life
54628,Avant Garde
58062,Sci-Fi
51410,Adventure
51410,Fantasy
61525,Avant Garde
61524,Comedy
61523,Comedy
60501,Drama
61453,Avant Garde
61347,Action
61347,Fantasy
61347,Sci-Fi
61330,Sci-Fi
61320,Fantasy
61306,Gourmet
61305,Gourmet
61298,Action
61298,Sci-Fi
56250,Drama
61245,Slice of Life
61245,Ecchi
61205,Horror
61123,Sports
61117,Action
61117,Fantasy
61050,Comedy
61019,Boys Love
61019,Drama
61019,Slice of Life
61003,Romance
60999,Comedy
60999,Slice of Life
60999,Supernatural
60971,Supernatural
60954,Action
60954,Romance
60954,Sci-Fi
60893,Action
58581,Action
61871,Sci-Fi
61869,Comedy
61870,Comedy
57715,Avant Garde
61241,Action
61241,Comedy
61241,Sci-Fi
58864,Comedy
60956,Action
60956,Romance
60956,Sci-Fi
60324,Slice of Life
60290,Drama
60290,Sci-Fi
58181,Romance
61865,Action
61865,Girls Love
61865,Sci-Fi
61863,Gourmet
61862,Fantasy
60499,Drama
60716,Action
61719,Action
61699,Avant Garde
61699,Sci-Fi
61633,Action
61638,Fantasy
61638,Slice of Life
61631,Slice of Life
61629,Fantasy
61593,Adventure
61593,Comedy
61586,Action
61586,Adventure
61586,Comedy
61586,Mystery
61624,Drama
61602,Fantasy
61602,Sci-Fi
61575,Fantasy
61575,Sci-Fi
61548,Action
61861,Romance
61511,Boys Love
61511,Drama
58796,Sports
60389,Romance
61852,Drama
61851,Comedy
61851,Fantasy
61847,Drama
61846,Action
61846,Romance
61833,Award Winning
61833,Drama
61841,Fantasy
61839,Comedy
61839,Romance
61834,Action
61834,Adventure
61784,Action
61784,Adventure
61784,Fantasy
61831,Fantasy
61830,Adventure
61830,Sci-Fi
61815,Comedy
61816,Fantasy
61816,Slice of Life
61814,Fantasy
61814,Romance
61805,Avant Garde
61806,Slice of Life
61791,Avant Garde
61792,Comedy
61792,Sports
61795,Drama
61793,Avant Garde
61793,Horror
61793,Supernatural
61778,Comedy
61774,Fantasy
61782,Slice of Life
61772,Comedy
61773,Comedy
61773,Romance
61770,Fantasy
61770,Mystery
61761,Slice of Life
61765,Fantasy
61753,Action
61753,Adventure
61753,Fantasy
61752,Action
61752,Adventure
61752,Fantasy
61751,Adventure
61751,Fantasy
61749,Action
61749,Adventure
61749,Comedy
61749,Drama
61749,Fantasy
61748,Action
61748,Adventure
61748,Fantasy
61747,Action
61747,Drama
61747,Fantasy
61747,Horror
61747,Sci-Fi
61747,Suspense
61754,Adventure
61754,Fantasy
61291,Slice of Life
61737,Slice of Life
61731,Comedy
61730,Action
61730,Adventure
61730,Fantasy
60200,Comedy
61704,Action
61704,Adventure
61704,Fantasy
61273,Slice of Life
61597,Adventure
61554,Sci-Fi
61665,Avant Garde
61665,Supernatural
61366,Action
61366,Fantasy
61366,Romance
61366,Sci-Fi
61672,Action
61672,Adventure
61672,Sci-Fi
61688,Avant Garde
61667,Drama
61667,Horror
61678,Fantasy
61687,Comedy
61687,Fantasy
61687,Romance
61686,Fantasy
61663,Romance
61636,Avant Garde
61636,Gourmet
61543,Action
61541,Romance
61534,Comedy
61534,Fantasy
61654,Slice of Life
61537,Sci-Fi
61660,Avant Garde
61660,Sci-Fi
61659,Action
61659,Fantasy
61659,Sci-Fi
61658,Action
61658,Adventure
61658,Fantasy
61653,Action
61653,Adventure
61653,Fantasy
61652,Adventure
61652,Mystery
61652,Supernatural
61651,Action
61651,Sci-Fi
61657,Action
61657,Adventure
61657,Fantasy
61650,Action
61650,Adventure
61650,Fantasy
61649,Action
61649,Fantasy
61647,Avant Garde
61647,Sci-Fi
61646,Action
61646,Fantasy
61645,Fantasy
61645,Gourmet
61644,Action
61644,Fantasy
61643,Action
61643,Fantasy
61642,Action
61642,Adventure
61642,Fantasy
61640,Action
61640,Adventure
61639,Action
61639,Adventure
61639,Fantasy
61637,Adventure
61637,Fantasy
61635,Action
61635,Sci-Fi
61634,Fantasy
61634,Romance
61617,Fantasy
61626,Action
61626,Adventure
61626,Fantasy
61625,Fantasy
61625,Romance
61622,Action
61622,Sci-Fi
61621,Fantasy
61619,Action
61619,Adventure
61619,Fantasy
61618,Action
61618,Fantasy
61609,Action
61609,Fantasy
61615,Action
61615,Adventure
61615,Sci-Fi
61613,Action
61613,Adventure
61613,Fantasy
61612,Action
61612,Adventure
61612,Fantasy
61611,Action
61611,Adventure
61611,Fantasy
61610,Action
61610,Adventure
61610,Fantasy
61616,Action
61616,Adventure
61616,Comedy
61616,Mystery
61608,Comedy
61608,Horror
61608,Supernatural
57353,Drama
57353,Fantasy
61592,Action
61592,Adventure
61592,Fantasy
61607,Drama
61607,Mystery
61607,Suspense
61591,Action
61591,Comedy
61591,Sci-Fi
61590,Adventure
61590,Fantasy
61569,Action
61569,Adventure
61569,Drama
61568,Action
61568,Fantasy
61567,Action
61567,Adventure
61567,Fantasy
61566,Action
61566,Adventure
61566,Fantasy
61565,Action
61565,Adventure
61565,Fantasy
61564,Action
61564,Adventure
61564,Fantasy
61563,Action
61563,Adventure
61563,Fantasy
61562,Action
61562,Adventure
61562,Fantasy
61603,Sports
61596,Adventure
61596,Avant Garde
61561,Action
61561,Fantasy
61561,Romance
61557,Action
61557,Adventure
61557,Fantasy
61555,Adventure
61555,Fantasy
61556,Action
61556,Adventure
61556,Fantasy
61556,Romance
61585,Romance
61584,Action
61584,Fantasy
61582,Fantasy
61587,Action
61587,Adventure
61587,Fantasy
61587,Girls Love
61547,Adventure
61547,Fantasy
61572,Avant Garde
61572,Award Winning
61559,Supernatural
61578,Comedy
61558,Slice of Life
61549,Fantasy
61535,Drama
61513,Comedy
61517,Action
61491,Comedy
61491,Mystery
61494,Sci-Fi
61494,Sports
61485,Comedy
61496,Action
61496,Adventure
61496,Fantasy
61501,Comedy
61501,Romance
61501,Supernatural
61492,Adventure
61492,Fantasy
61481,Avant Garde
61475,Sports
61459,Avant Garde
61464,Slice of Life
61463,Slice of Life
61462,Comedy
61462,Gourmet
58677,Action
61461,Action
60478,Action
60478,Sci-Fi
60592,Action
60592,Drama
60592,Fantasy
60588,Comedy
60588,Supernatural
60587,Adventure
60587,Fantasy
60581,Sci-Fi
60580,Action
60580,Adventure
61443,Drama
61443,Fantasy
61443,Romance
61441,Action
61431,Drama
61425,Comedy
61425,Romance
61420,Action
61420,Adventure
61420,Fantasy
61411,Comedy
61409,Avant Garde
61408,Ecchi
61395,Avant Garde
61396,Avant Garde
61398,Comedy
61398,Romance
61381,Comedy
61379,Slice of Life
61368,Supernatural
61367,Comedy
61363,Comedy
61360,Action
61360,Comedy
61359,Comedy
61359,Romance
60116,Comedy
60116,Supernatural
61272,Slice of Life
61313,Comedy
61314,Comedy
61314,Mystery
58954,Slice of Life
61331,Mystery
61331,Sci-Fi
61346,Avant Garde
61339,Supernatural
61338,Action
61338,Adventure
61338,Fantasy
55473,Sci-Fi
61300,Comedy
61206,Comedy
61335,Drama
61335,Sports
61332,Slice of Life
61333,Action
61326,Comedy
61326,Sports
61289,Comedy
61289,Sports
61302,Action
61302,Fantasy
61303,Action
61303,Adventure
61303,Fantasy
61303,Horror
61303,Mystery
61303,Suspense
61325,Drama
61325,Romance
61323,Romance
61323,Sports
61322,Adventure
61322,Comedy
61322,Sci-Fi
61319,Romance
61316,Drama
61316,Fantasy
61316,Suspense
61304,Comedy
61304,Romance
61301,Comedy
61301,Fantasy
61301,Ecchi
61297,Slice of Life
61292,Action
61290,Fantasy
61290,Slice of Life
61280,Comedy
61278,Comedy
61276,Action
61276,Adventure
61276,Fantasy
61274,Comedy
61274,Sci-Fi
61248,Gourmet
61247,Gourmet
61267,Comedy
61267,Sports
61269,Action
61269,Adventure
61269,Comedy
61269,Fantasy
61263,Comedy
61262,Avant Garde
61262,Comedy
61260,Slice of Life
61258,Action
61258,Sci-Fi
61254,Comedy
61253,Comedy
61252,Action
61252,Avant Garde
61236,Comedy
61240,Fantasy
61240,Romance
61239,Comedy
61239,Fantasy
61238,Comedy
60727,Slice of Life
61046,Avant Garde
61060,Avant Garde
61061,Avant Garde
61062,Adventure
61062,Fantasy
61068,Avant Garde
61069,Avant Garde
61070,Avant Garde
61070,Comedy
61088,Sci-Fi
61099,Gourmet
61102,Slice of Life
61111,Drama
61122,Sci-Fi
61127,Fantasy
61141,Avant Garde
61147,Avant Garde
61154,Comedy
61157,Avant Garde
61168,Avant Garde
61171,Avant Garde
61175,Slice of Life
61178,Avant Garde
61178,Comedy
61178,Sci-Fi
61185,Avant Garde
61187,Comedy
61201,Avant Garde
61204,Slice of Life
61153,Action
61153,Adventure
61153,Fantasy
61193,Action
61135,Action
61135,Comedy
61135,Ecchi
61067,Action
61209,Comedy
61209,Romance
61207,Action
61207,Adventure
61207,Fantasy
61128,Action
61128,Adventure
61128,Fantasy
61137,Avant Garde
61125,Sports
61169,Action
61169,Supernatural
61159,Action
61159,Comedy
61114,Drama
61114,Suspense
61183,Avant Garde
61197,Comedy
61197,Supernatural
61097,Gourmet
61097,Slice of Life
61098,Gourmet
61108,Drama
61167,Comedy
61200,Action
61200,Drama
61200,Fantasy
61196,Action
61196,Supernatural
61192,Action
61192,Sci-Fi
61174,Adventure
61174,Fantasy
61126,Fantasy
61126,Girls Love
61077,Fantasy
61077,Supernatural
61112,Comedy
61151,Slice of Life
60983,Action
60983,Comedy
61162,Comedy
61139,Action
61139,Sci-Fi
61222,Fantasy
61222,Gourmet
61222,Slice of Life
61221,Slice of Life
61072,Adventure
61072,Sci-Fi
61072,Slice of Life
61220,Gourmet
61220,Slice of Life
61150,Action
61150,Fantasy
61217,Action
61217,Sci-Fi
61216,Comedy
61215,Supernatural
61198,Action
61198,Adventure
61198,Fantasy
61090,Action
61090,Adventure
61090,Fantasy
61180,Fantasy
61180,Slice of Life
61202,Horror
61202,Mystery
61202,Supernatural
61202,Suspense
61186,Comedy
61186,Girls Love
61186,Gourmet
61214,Action
61214,Adventure
61214,Fantasy
61214,Sci-Fi
61214,Suspense
61211,Comedy
61211,Romance
61142,Sports
61142,Ecchi
61212,Action
61212,Adventure
61212,Fantasy
61227,Comedy
61230,Drama
61054,Avant Garde
61055,Avant Garde
61056,Avant Garde
61016,Comedy
61048,Fantasy
57273,Comedy
61037,Adventure
61038,Drama
61038,Sci-Fi
61039,Fantasy
61040,Mystery
61040,Sci-Fi
61041,Drama
61042,Comedy
61042,Fantasy
61043,Fantasy
61044,Fantasy
61045,Action
61045,Sci-Fi
58112,Action
58112,Supernatural
61033,Drama
61032,Avant Garde
61031,Avant Garde
61030,Drama
60419,Action
61026,Action
61026,Adventure
61026,Fantasy
61022,Action
61022,Supernatural
61020,Drama
61018,Sci-Fi
61017,Drama
61023,Romance
61023,Ecchi
61013,Drama
61013,Romance
61013,Supernatural
61015,Action
61015,Adventure
61015,Fantasy
61014,Action
61014,Fantasy
61014,Sci-Fi
61012,Action
61012,Fantasy
61012,Sci-Fi
61006,Comedy
61005,Comedy
61004,Drama
61001,Avant Garde
61000,Comedy
60783,Comedy
60991,Action
60991,Comedy
60986,Comedy
60990,Fantasy
60979,Fantasy
60972,Comedy
60970,Action
60985,Comedy
60973,Avant Garde
60969,Romance
60966,Comedy
60962,Comedy
60962,Fantasy
60955,Action
60955,Romance
60955,Sci-Fi
60953,Avant Garde
60952,Avant Garde
60951,Action
60951,Comedy
60951,Fantasy
60945,Action
60945,Avant Garde
60945,Comedy
60944,Romance
60943,Avant Garde
60942,Avant Garde
60947,Comedy
60931,Adventure
60927,Slice of Life
60926,Adventure
60926,Comedy
60926,Sports
60925,Adventure
60925,Comedy
60924,Adventure
60924,Comedy
60923,Adventure
60923,Comedy
60923,Sci-Fi
60922,Adventure
60922,Comedy
60920,Avant Garde
60919,Avant Garde
60917,Fantasy
60917,Horror
60917,Suspense
60916,Action
60916,Adventure
60916,Sci-Fi
60915,Action
60915,Comedy
60915,Sci-Fi
60914,Comedy
60914,Fantasy
60913,Action
60910,Action
60910,Adventure
60907,Action
60907,Adventure
60906,Action
60906,Adventure
60905,Action
60905,Adventure
60904,Action
60904,Adventure
60903,Action
60903,Adventure
60902,Comedy
60902,Fantasy
60900,Comedy
60899,Comedy
60899,Fantasy
60898,Adventure
60898,Fantasy
60933,Comedy
60933,Supernatural
60896,Avant Garde
60895,Avant Garde
60894,Avant Garde
60889,Action
60888,Action
60887,Action
60886,Action
60874,Avant Garde
60877,Adventure
60877,Fantasy
60873,Avant Garde
60872,Avant Garde
60863,Avant Garde
60862,Adventure
60862,Comedy
60861,Avant Garde
60860,Avant Garde
60856,Fantasy
60856,Sci-Fi
60855,Action
60851,Comedy
60851,Fantasy
60842,Avant Garde
60841,Avant Garde
60852,Comedy
60852,Romance
60849,Fantasy
60848,Fantasy
60845,Avant Garde
60611,Fantasy
60298,Sci-Fi
60839,Avant Garde
60838,Avant Garde
60837,Avant Garde
60836,Avant Garde
60825,Adventure
60825,Comedy
60825,Fantasy
60824,Adventure
60824,Comedy
60824,Fantasy
60823,Adventure
60823,Comedy
60823,Fantasy
60827,Adventure
60827,Comedy
60827,Fantasy
60820,Action
60820,Adventure
60820,Fantasy
60826,Adventure
60826,Comedy
60826,Fantasy
60805,Award Winning
60805,Drama
60832,Avant Garde
60726,Fantasy
60822,Adventure
60822,Fantasy
60833,Avant Garde
60828,Action
60828,Drama
60828,Fantasy
60828,Romance
60829,Drama
60831,Drama
60816,Avant Garde
60815,Avant Garde
60814,Avant Garde
60818,Action
60818,Adventure
60818,Fantasy
60810,Fantasy
60809,Adventure
60809,Award Winning
60809,Drama
60809,Sci-Fi
60808,Avant Garde
60807,Avant Garde
60807,Comedy
60807,Romance
60804,Comedy
60801,Avant Garde
60800,Avant Garde
60797,Action
60795,Avant Garde
60794,Action
60794,Adventure
60794,Comedy
60794,Fantasy
60781,Comedy
60781,Romance
60781,Sci-Fi
60780,Drama
60777,Gourmet
60776,Gourmet
60776,Romance
60772,Action
60772,Drama
60778,Fantasy
60774,Fantasy
60774,Romance
60773,Action
60770,Avant Garde
60770,Suspense
60762,Comedy
60759,Comedy
60758,Action
60758,Adventure
60758,Sci-Fi
60756,Comedy
60756,Sci-Fi
60753,Romance
60766,Action
60766,Adventure
60766,Fantasy
60765,Fantasy
60765,Romance
60764,Action
60764,Adventure
60764,Supernatural
60748,Horror
60741,Avant Garde
60737,Action
60737,Sci-Fi
60170,Fantasy
60733,Comedy
60732,Action
60732,Fantasy
58436,Comedy
60730,Action
60729,Boys Love
60729,Comedy
60729,Supernatural
60677,Comedy
60713,Adventure
60713,Comedy
60711,Action
60711,Comedy
60710,Action
60710,Comedy
60709,Action
60709,Comedy
60708,Action
60708,Comedy
60707,Action
60707,Comedy
60705,Adventure
60705,Comedy
60705,Fantasy
60703,Gourmet
60702,Avant Garde
60712,Action
60712,Comedy
60653,Boys Love
60653,Fantasy
60697,Gourmet
60034,Action
60034,Horror
60034,Supernatural
58874,Avant Garde
58640,Comedy
60691,Action
60691,Adventure
60691,Sci-Fi
60690,Action
60690,Adventure
60690,Fantasy
60689,Fantasy
60692,Action
60692,Adventure
60692,Fantasy
60684,Comedy
60684,Drama
60684,Romance
60573,Drama
60678,Avant Garde
60671,Romance
60668,Avant Garde
60668,Supernatural
60665,Slice of Life
60663,Avant Garde
60663,Sci-Fi
60659,Comedy
60655,Adventure
60655,Fantasy
60634,Avant Garde
60637,Action
60636,Action
60636,Adventure
60636,Supernatural
60219,Avant Garde
60628,Avant Garde
57187,Avant Garde
60622,Sci-Fi
60623,Comedy
60620,Avant Garde
60613,Action
60613,Comedy
60613,Fantasy
60613,Mystery
60619,Action
60619,Adventure
60619,Fantasy
60612,Comedy
60610,Fantasy
59543,Slice of Life
58578,Action
60596,Action
60595,Comedy
60595,Sci-Fi
60220,Avant Garde
60603,Comedy
60602,Drama
60601,Adventure
60601,Fantasy
60480,Comedy
60480,Sci-Fi
60321,Adventure
60321,Fantasy
59354,Action
59354,Fantasy
60578,Suspense
56161,Avant Garde
60589,Action
60583,Action
60583,Adventure
60583,Fantasy
60591,Romance
60591,Supernatural
60582,Comedy
60582,Fantasy
60579,Action
60579,Adventure
60579,Comedy
60590,Action
60590,Comedy
60590,Sci-Fi
60586,Action
60586,Comedy
60586,Fantasy
60576,Slice of Life
60575,Comedy
60574,Adventure
60574,Sci-Fi
60571,Action
60571,Drama
60571,Fantasy
60570,Action
60570,Sci-Fi
60569,Fantasy
60568,Action
60568,Mystery
60556,Avant Garde
60556,Ecchi
60554,Fantasy
60577,Comedy
60577,Drama
60577,Romance
60565,Fantasy
60565,Romance
60566,Romance
60567,Action
60567,Adventure
60567,Drama
60562,Adventure
60562,Mystery
60562,Supernatural
60561,Action
60561,Adventure
60561,Mystery
60563,Action
60563,Adventure
60563,Mystery
60563,Sci-Fi
60560,Comedy
60560,Fantasy
60558,Action
60558,Adventure
60564,Action
60564,Comedy
60564,Romance
60564,Ecchi
60133,Avant Garde
60555,Comedy
60551,Comedy
60552,Action
60548,Drama
60545,Adventure
60545,Fantasy
60542,Avant Garde
60543,Action
60543,Comedy
60543,Supernatural
60536,Avant Garde
60409,Avant Garde
60533,Avant Garde
60530,Adventure
60530,Avant Garde
60529,Action
60529,Adventure
60529,Fantasy
60531,Comedy
60531,Romance
60517,Comedy
60517,Fantasy
60515,Adventure
60515,Comedy
60515,Fantasy
60516,Adventure
60516,Comedy
60513,Action
60513,Comedy
60504,Drama
60508,Slice of Life
60506,Comedy
60509,Adventure
60509,Drama
60509,Fantasy
60509,Romance
60510,Comedy
60510,Ecchi
60525,Action
60525,Adventure
60525,Fantasy
60522,Action
60522,Adventure
60522,Fantasy
60523,Fantasy
60523,Gourmet
60502,Fantasy
60496,Avant Garde
60493,Avant Garde
60492,Comedy
60492,Fantasy
60491,Comedy
60491,Fantasy
60490,Slice of Life
60489,Drama
60489,Sci-Fi
60487,Avant Garde
60486,Slice of Life
60485,Slice of Life
60472,Comedy
60472,Fantasy
60471,Comedy
60471,Fantasy
60465,Avant Garde
60439,Comedy
60439,Fantasy
60438,Comedy
60438,Fantasy
60435,Adventure
60435,Comedy
60391,Action
60459,Avant Garde
60459,Drama
60456,Adventure
60456,Comedy
60456,Sci-Fi
60455,Adventure
60455,Sci-Fi
60454,Comedy
60454,Supernatural
60436,Action
60436,Fantasy
60440,Gourmet
60450,Drama
60450,Fantasy
60457,Adventure
60457,Comedy
60457,Sci-Fi
60452,Action
60452,Comedy
60452,Drama
60452,Fantasy
60451,Fantasy
60453,Adventure
60453,Comedy
60453,Sci-Fi
60442,Sci-Fi
60460,Action
60460,Adventure
60460,Fantasy
60444,Comedy
60444,Romance
60444,Ecchi
60434,Action
60430,Comedy
60430,Fantasy
60431,Comedy
60431,Fantasy
60423,Comedy
60423,Fantasy
60422,Comedy
60422,Fantasy
60426,Comedy
60426,Romance
60426,Supernatural
60427,Sci-Fi
60427,Suspense
60418,Action
60418,Adventure
60418,Fantasy
60417,Fantasy
60417,Slice of Life
60406,Sci-Fi
60405,Comedy
60405,Fantasy
60404,Comedy
60404,Fantasy
60411,Comedy
60408,Action
60408,Adventure
60408,Comedy
60408,Mystery
58683,Avant Garde
60177,Award Winning
60177,Slice of Life
60394,Avant Garde
60393,Comedy
60393,Fantasy
60392,Comedy
60392,Fantasy
60395,Comedy
60395,Fantasy
60395,Romance
60384,Comedy
60384,Fantasy
60383,Comedy
60383,Fantasy
60363,Fantasy
60363,Gourmet
60374,Action
60374,Comedy
60374,Fantasy
60378,Mystery
60378,Supernatural
60370,Comedy
60369,Comedy
60371,Comedy
60371,Romance
60365,Comedy
60365,Fantasy
60364,Comedy
60364,Fantasy
60357,Comedy
60357,Romance
60322,Comedy
60322,Fantasy
60323,Comedy
60323,Fantasy
60328,Boys Love
60328,Fantasy
60341,Drama
60355,Action
60355,Comedy
60355,Sci-Fi
60320,Gourmet
60041,Comedy
60035,Sports
60339,Drama
60340,Drama
60342,Drama
60344,Drama
60343,Drama
60349,Fantasy
60348,Fantasy
60347,Action
60347,Adventure
60347,Comedy
60347,Mystery
60347,Romance
60309,Comedy
60309,Fantasy
60308,Comedy
60308,Fantasy
60307,Action
60307,Comedy
59812,Gourmet
59114,Action
59114,Sci-Fi
58646,Fantasy
57718,Action
60336,Action
60336,Adventure
60336,Sci-Fi
56140,Comedy
59504,Action
59504,Fantasy
60326,Comedy
60326,Girls Love
60314,Comedy
60314,Supernatural
60313,Action
60313,Comedy
60313,Supernatural
58483,Comedy
58483,Fantasy
60037,Action
60037,Fantasy
60036,Action
60036,Supernatural
58792,Slice of Life
60316,Action
60316,Adventure
60316,Fantasy
60315,Comedy
60315,Mystery
60315,Supernatural
60310,Comedy
60310,Fantasy
56864,Action
56864,Adventure
56864,Sci-Fi
60303,Action
60303,Fantasy
60289,Comedy
60289,Fantasy
60301,Drama
60301,Girls Love
60302,Slice of Life
60302,Supernatural
57101,Action
57101,Supernatural
55881,Action
55881,Sci-Fi
55534,Action
55534,Adventure
55534,Fantasy
60297,Action
60297,Comedy
60297,Fantasy
56125,Action
60284,Sci-Fi
60284,Suspense
58527,Drama
58525,Drama
59893,Slice of Life
60285,Action
60285,Comedy
60272,Avant Garde
60280,Comedy
60275,Comedy
60275,Sports
60273,Sci-Fi
60264,Avant Garde
60267,Slice of Life
60260,Action
60260,Drama
60257,Action
60257,Fantasy
60249,Adventure
60249,Comedy
60249,Fantasy
60252,Fantasy
60252,Sci-Fi
60180,Sci-Fi
60255,Fantasy
60255,Mystery
60248,Action
60248,Adventure
60248,Fantasy
60254,Comedy
60254,Romance
60253,Action
60253,Adventure
60253,Fantasy
60246,Fantasy
60246,Horror
60246,Sci-Fi
60246,Suspense
60235,Action
60235,Adventure
60235,Fantasy
60234,Action
60233,Action
60233,Fantasy
60223,Supernatural
60221,Action
60221,Adventure
60221,Sci-Fi
60191,Comedy
60191,Romance
60190,Avant Garde
60190,Drama
60125,Sci-Fi
60184,Avant Garde
60184,Drama
60174,Action
60173,Adventure
60171,Action
60171,Adventure
60171,Fantasy
60168,Drama
60168,Girls Love
60168,Supernatural
60165,Avant Garde
60162,Fantasy
60162,Gourmet
60162,Romance
60151,Mystery
60151,Supernatural
60160,Slice of Life
60159,Slice of Life
60143,Action
60143,Adventure
60143,Fantasy
60138,Adventure
60138,Sci-Fi
60128,Avant Garde
60130,Slice of Life
60127,Slice of Life
60131,Comedy
58756,Action
58756,Fantasy
60119,Avant Garde
60093,Comedy
60093,Sports
60092,Comedy
60092,Sports
60091,Comedy
60091,Sports
60098,Action
60079,Sci-Fi
60077,Romance
60080,Comedy
60071,Adventure
60071,Fantasy
60071,Slice of Life
60070,Slice of Life
60066,Action
60066,Adventure
60066,Fantasy
60067,Comedy
60059,Adventure
60059,Comedy
60055,Action
60055,Comedy
60058,Drama
60052,Slice of Life
60046,Action
60046,Comedy
60046,Girls Love
60046,Ecchi
60030,Adventure
60029,Comedy
60029,Sci-Fi
60028,Comedy
60028,Fantasy
60028,Romance
60017,Horror
60017,Supernatural
60018,Action
60018,Adventure
60018,Comedy
60018,Fantasy
60019,Action
60019,Adventure
60019,Comedy
60019,Fantasy
60020,Adventure
60020,Drama
60020,Mystery
60021,Fantasy
58576,Adventure
58576,Fantasy
58575,Adventure
60014,Drama
60010,Avant Garde
60011,Fantasy
59993,Action
59993,Adventure
59993,Fantasy
60007,Avant Garde
59998,Fantasy
59991,Comedy
59986,Comedy
59981,Drama
59985,Comedy
59985,Romance
59983,Action
59983,Fantasy
59978,Adventure
59978,Drama
59978,Fantasy
59963,Slice of Life
59958,Fantasy
59962,Slice of Life
59965,Action
59965,Sci-Fi
59966,Action
59966,Sci-Fi
59964,Action
59964,Sci-Fi
59971,Action
59971,Adventure
59971,Comedy
59971,Fantasy
59970,Action
59970,Comedy
59970,Fantasy
59961,Fantasy
59961,Romance
59951,Action
59951,Adventure
59951,Fantasy
58495,Comedy
58495,Sci-Fi
59332,Slice of Life
59388,Drama
59844,Action
59847,Sci-Fi
59849,Sci-Fi
59850,Sci-Fi
59851,Sci-Fi
59852,Sci-Fi
59854,Sci-Fi
59855,Action
59855,Sci-Fi
59856,Sci-Fi
59857,Action
59857,Adventure
59857,Sci-Fi
59858,Adventure
59858,Sci-Fi
59859,Action
59859,Adventure
59859,Sci-Fi
59948,Action
59948,Sci-Fi
59949,Action
59949,Sci-Fi
59938,Action
59938,Fantasy
59940,Sci-Fi
59930,Fantasy
59925,Fantasy
59922,Action
59922,Avant Garde
59927,Action
59927,Fantasy
59928,Adventure
59928,Drama
59928,Romance
59928,Supernatural
59924,Comedy
59902,Avant Garde
59902,Sci-Fi
59901,Mystery
59901,Romance
59896,Drama
59896,Fantasy
58460,Comedy
58460,Gourmet
59897,Slice of Life
59897,Supernatural
59898,Comedy
59888,Slice of Life
59887,Adventure
59886,Comedy
59885,Action
59883,Action
59883,Sci-Fi
59882,Comedy
59882,Fantasy
59879,Avant Garde
59879,Drama
59878,Drama
59878,Fantasy
59877,Action
59877,Adventure
59877,Fantasy
59876,Adventure
59876,Fantasy
59874,Fantasy
59831,Comedy
58439,Adventure
59873,Comedy
59873,Romance
59865,Action
59845,Drama
59845,Romance
59846,Action
59846,Comedy
59846,Romance
59848,Action
59848,Sci-Fi
59830,Action
59830,Adventure
59830,Comedy
59829,Adventure
59829,Sci-Fi
59790,Comedy
59824,Action
59824,Adventure
59817,Drama
59803,Avant Garde
59802,Avant Garde
57885,Boys Love
57885,Fantasy
57760,Comedy
57280,Drama
57279,Drama
57278,Drama
57277,Drama
57276,Drama
57275,Drama
59793,Gourmet
59793,Romance
59794,Avant Garde
59795,Avant Garde
59791,Slice of Life
58561,Action
58561,Adventure
58561,Fantasy
59784,Comedy
59784,Fantasy
59784,Mystery
59783,Horror
59779,Comedy
59779,Supernatural
59224,Fantasy
59774,Avant Garde
59768,Slice of Life
59765,Action
59765,Adventure
59765,Fantasy
59760,Sci-Fi
59762,Action
59762,Fantasy
59752,Comedy
59093,Action
59093,Comedy
59093,Fantasy
59753,Drama
59753,Fantasy
59754,Adventure
59742,Action
59740,Adventure
59740,Fantasy
59741,Action
59741,Adventure
59741,Fantasy
59738,Adventure
59738,Fantasy
59732,Comedy
59707,Adventure
59728,Comedy
59723,Avant Garde
59723,Award Winning
59722,Horror
58953,Fantasy
59713,Action
59713,Sci-Fi
59712,Sci-Fi
59710,Sports
59709,Sports
59711,Action
59711,Suspense
59708,Drama
59708,Suspense
59705,Avant Garde
59704,Avant Garde
59703,Drama
59692,Avant Garde
59691,Drama
59694,Fantasy
59696,Adventure
59696,Comedy
59696,Fantasy
59695,Adventure
59695,Fantasy
59693,Comedy
59689,Comedy
59689,Romance
59685,Comedy
59685,Fantasy
59680,Comedy
59679,Comedy
59678,Comedy
59676,Avant Garde
59662,Adventure
59662,Fantasy
59655,Fantasy
59652,Avant Garde
59648,Fantasy
59647,Fantasy
59653,Comedy
59649,Horror
59649,Supernatural
58067,Comedy
59640,Comedy
59640,Sci-Fi
59644,Action
59644,Adventure
59644,Fantasy
59634,Action
59634,Adventure
59634,Fantasy
59634,Sci-Fi
59631,Action
59631,Fantasy
59632,Comedy
59632,Mystery
59627,Comedy
59628,Comedy
59628,Supernatural
59624,Action
59624,Adventure
59624,Fantasy
59623,Sports
59619,Slice of Life
59616,Fantasy
59616,Slice of Life
59040,Comedy
59606,Comedy
59605,Fantasy
59582,Comedy
59582,Fantasy
59581,Comedy
59581,Supernatural
59577,Comedy
59576,Comedy
59593,Action
59593,Adventure
59593,Fantasy
59590,Adventure
59590,Fantasy
59589,Adventure
59589,Fantasy
59588,Action
59587,Action
59586,Action
59585,Action
59584,Action
59583,Action
59583,Adventure
59583,Comedy
59558,Gourmet
59558,Slice of Life
59557,Action
59557,Adventure
59557,Fantasy
59557,Sci-Fi
59551,Boys Love
59550,Adventure
58991,Comedy
58991,Fantasy
59262,Drama
59237,Fantasy
59237,Romance
59291,Comedy
59291,Romance
59291,Supernatural
58857,Avant Garde
59517,Comedy
59517,Romance
59515,Avant Garde
59512,Fantasy
59512,Slice of Life
59485,Comedy
59484,Comedy
59484,Romance
59470,Comedy
59470,Fantasy
59469,Comedy
59469,Fantasy
59468,Comedy
59468,Fantasy
59451,Adventure
59451,Comedy
59451,Fantasy
59450,Adventure
59450,Comedy
59450,Fantasy
59467,Action
59467,Adventure
59467,Fantasy
59463,Slice of Life
59459,Fantasy
59458,Action
59458,Supernatural
59443,Action
59443,Mystery
59443,Supernatural
59435,Action
59435,Comedy
59435,Fantasy
59413,Action
59413,Adventure
59413,Comedy
59413,Fantasy
59412,Action
59412,Adventure
59412,Comedy
59412,Fantasy
59409,Comedy
59424,Adventure
59424,Fantasy
59421,Comedy
59421,Romance
59418,Comedy
59406,Comedy
59406,Fantasy
59402,Comedy
59402,Romance
59386,Action
59386,Comedy
59384,Comedy
59383,Comedy
59382,Comedy
59382,Supernatural
59381,Comedy
59387,Action
59380,Drama
59380,Horror
59379,Fantasy
59377,Drama
59376,Action
59371,Gourmet
59371,Slice of Life
59368,Action
59368,Suspense
59367,Action
59367,Suspense
59366,Action
59359,Comedy
59358,Comedy
59356,Comedy
59353,Sci-Fi
59352,Sci-Fi
59351,Sci-Fi
59345,Comedy
59320,Fantasy
59320,Supernatural
59342,Comedy
59342,Horror
59342,Supernatural
59321,Fantasy
59321,Supernatural
58655,Fantasy
59326,Comedy
59325,Comedy
59315,Avant Garde
59315,Comedy
59305,Sports
59299,Avant Garde
59279,Avant Garde
59280,Avant Garde
59278,Avant Garde
59277,Comedy
59277,Romance
59275,Sports
59273,Avant Garde
59272,Avant Garde
59271,Avant Garde
59267,Action
59267,Mystery
59266,Adventure
59266,Slice of Life
58759,Gourmet
58759,Slice of Life
59259,Adventure
59259,Slice of Life
59256,Comedy
59256,Romance
56351,Fantasy
59254,Sci-Fi
59236,Adventure
59236,Fantasy
59024,Drama
59011,Comedy
59247,Sports
59246,Action
59246,Adventure
59246,Fantasy
59244,Sci-Fi
59243,Sci-Fi
59242,Action
59242,Comedy
59241,Fantasy
59241,Romance
59235,Comedy
59231,Drama
59230,Action
59230,Adventure
59230,Fantasy
59229,Action
59229,Fantasy
59229,Sci-Fi
59225,Comedy
59225,Fantasy
59221,Sports
59216,Drama
59211,Avant Garde
59207,Comedy
59207,Romance
59205,Action
59205,Fantasy
59202,Drama
59200,Drama
59195,Gourmet
59193,Adventure
59193,Drama
59193,Fantasy
59193,Ecchi
59192,Action
59192,Supernatural
59190,Fantasy
59183,Action
59180,Action
59180,Fantasy
59165,Fantasy
59165,Slice of Life
59177,Action
59177,Fantasy
59177,Sci-Fi
59168,Fantasy
59174,Action
59174,Fantasy
59174,Romance
59174,Sci-Fi
59167,Avant Garde
59167,Comedy
59167,Supernatural
59156,Action
59156,Comedy
59156,Fantasy
59152,Fantasy
59147,Action
59147,Sci-Fi
59141,Action
59141,Sci-Fi
59140,Action
59140,Sci-Fi
59161,Comedy
58649,Avant Garde
58649,Comedy
59146,Comedy
59146,Fantasy
59130,Adventure
59130,Fantasy
59139,Action
59139,Adventure
59139,Comedy
59139,Fantasy
59151,Fantasy
59117,Fantasy
59111,Drama
59098,Action
59098,Adventure
59098,Fantasy
59095,Adventure
59095,Fantasy
59091,Fantasy
59088,Action
59088,Drama
59087,Action
59087,Fantasy
59084,Action
59084,Adventure
59084,Mystery
59084,Supernatural
59084,Suspense
59081,Sci-Fi
59076,Avant Garde
59073,Adventure
59072,Adventure
59068,Adventure
59068,Comedy
59068,Fantasy
59068,Gourmet
59065,Adventure
59064,Adventure
59062,Action
59062,Fantasy
59054,Avant Garde
59052,Adventure
59051,Adventure
59047,Comedy
59047,Romance
59043,Adventure
59043,Fantasy
59042,Sci-Fi
59041,Adventure
59038,Adventure
59037,Adventure
58963,Adventure
58554,Comedy
58554,Fantasy
58554,Gourmet
59036,Boys Love
59036,Comedy
59035,Avant Garde
59035,Fantasy
59034,Gourmet
59033,Adventure
59031,Adventure
59032,Action
59032,Fantasy
59027,Action
59027,Comedy
59025,Avant Garde
59022,Adventure
59022,Fantasy
59021,Adventure
59021,Fantasy
59018,Award Winning
59018,Drama
59015,Adventure
59015,Fantasy
59014,Adventure
59014,Sci-Fi
59007,Adventure
59007,Fantasy
59006,Adventure
59006,Fantasy
59005,Adventure
59005,Sci-Fi
58869,Action
58869,Award Winning
58869,Comedy
58869,Sci-Fi
58993,Adventure
58993,Sci-Fi
58992,Adventure
58996,Comedy
57822,Comedy
58984,Adventure
58984,Sci-Fi
58983,Action
58967,Sports
58966,Action
58966,Adventure
58966,Sci-Fi
58918,Adventure
58918,Comedy
58918,Sci-Fi
58917,Adventure
58917,Comedy
58917,Sci-Fi
58916,Adventure
58916,Comedy
58916,Sci-Fi
58960,Action
58962,Action
58959,Action
58951,Slice of Life
58949,Adventure
58952,Sci-Fi
58944,Slice of Life
58941,Drama
58941,Sports
58940,Comedy
58933,Action
58933,Comedy
58933,Sci-Fi
58932,Comedy
58931,Comedy
58320,Sci-Fi
58908,Slice of Life
58929,Action
58929,Mystery
58929,Sci-Fi
58929,Suspense
58924,Action
58924,Adventure
58924,Fantasy
58919,Drama
58919,Sports
58913,Horror
58913,Mystery
58913,Supernatural
58907,Sci-Fi
58906,Comedy
58898,Fantasy
58897,Comedy
58897,Sci-Fi
58886,Sci-Fi
58876,Action
58876,Adventure
58876,Fantasy
58877,Sports
58861,Comedy
58861,Drama
58861,Romance
58850,Comedy
58845,Fantasy
58807,Avant Garde
58806,Avant Garde
58837,Slice of Life
58820,Drama
58813,Comedy
58813,Slice of Life
58811,Action
58811,Fantasy
58810,Comedy
58753,Comedy
58805,Adventure
58805,Fantasy
58800,Comedy
58800,Gourmet
58799,Comedy
58794,Comedy
58788,Drama
58772,Drama
58772,Fantasy
58772,Gourmet
58772,Romance
58762,Comedy
58762,Ecchi
58754,Action
58754,Sci-Fi
58749,Action
58749,Fantasy
58735,Drama
58728,Comedy
58546,Comedy
58705,Fantasy
58560,Comedy
58560,Fantasy
58648,Comedy
58586,Comedy
58559,Action
58559,Adventure
58559,Comedy
58559,Fantasy
58557,Action
58557,Adventure
58557,Fantasy
58556,Action
58556,Adventure
58556,Comedy
58556,Fantasy
58487,Action
58487,Adventure
58487,Sci-Fi
58498,Slice of Life
58635,Fantasy
58635,Romance
58635,Supernatural
58632,Comedy
58632,Fantasy
58631,Comedy
58631,Fantasy
58631,Mystery
58630,Comedy
58630,Fantasy
58630,Mystery
58605,Fantasy
58619,Sports
58618,Gourmet
58618,Slice of Life
58617,Slice of Life
58521,Comedy
58521,Fantasy
58607,Comedy
58608,Adventure
58490,Sports
58604,Adventure
58604,Slice of Life
58603,Comedy
58602,Comedy
58499,Comedy
58524,Comedy
58524,Fantasy
58524,Gourmet
58518,Adventure
58518,Comedy
58518,Fantasy
58515,Action
58515,Fantasy
58515,Romance
58515,Ecchi
58506,Comedy
58447,Comedy
58505,Action
58505,Fantasy
58505,Ecchi
58410,Drama
58390,Romance
58390,Supernatural
58384,Slice of Life
58383,Supernatural
58368,Comedy
58380,Slice of Life
58379,Comedy
58379,Sci-Fi
58377,Adventure
58377,Comedy
58376,Adventure
58376,Comedy
58375,Adventure
58375,Comedy
58356,Avant Garde
57340,Avant Garde
57338,Avant Garde
57205,Avant Garde
58346,Horror
58346,Supernatural
58345,Horror
58345,Supernatural
58344,Sports
58174,Action
58332,Fantasy
58331,Horror
58331,Supernatural
56126,Avant Garde
58323,Action
58323,Adventure
58323,Fantasy
58322,Adventure
58322,Comedy
58322,Fantasy
58325,Boys Love
58325,Comedy
58325,Drama
58325,Fantasy
58317,Avant Garde
58308,Adventure
58308,Fantasy
58297,Comedy
58297,Drama
58297,Romance
58295,Action
58295,Adventure
58295,Sci-Fi
49513,Fantasy
58281,Comedy
58280,Comedy
58279,Comedy
58257,Romance
58068,Action
58068,Fantasy
58274,Avant Garde
58267,Adventure
58267,Comedy
58264,Slice of Life
58263,Comedy
58262,Gourmet
58261,Slice of Life
58260,Slice of Life
58240,Fantasy
58243,Avant Garde
58204,Drama
58238,Avant Garde
55229,Fantasy
55327,Action
55327,Sci-Fi
57271,Gourmet
58233,Gourmet
58229,Adventure
58229,Slice of Life
58230,Drama
58213,Adventure
58220,Drama
58220,Fantasy
58219,Avant Garde
58218,Avant Garde
58217,Drama
55258,Avant Garde
55258,Comedy
57368,Drama
57368,Sci-Fi
58198,Comedy
58205,Drama
58201,Comedy
58197,Action
58197,Horror
58197,Suspense
58184,Avant Garde
58183,Avant Garde
58182,Avant Garde
58179,Supernatural
58178,Action
58178,Horror
58171,Avant Garde
58171,Mystery
58170,Romance
58155,Avant Garde
58155,Drama
58154,Avant Garde
58146,Comedy
58146,Romance
58136,Avant Garde
58135,Avant Garde
57923,Fantasy
57545,Avant Garde
57545,Horror
58137,Action
58137,Comedy
57500,Action
57500,Horror
57500,Mystery
57081,Drama
57079,Drama
57882,Comedy
58086,Comedy
58086,Fantasy
58052,Action
58052,Supernatural
58048,Comedy
58048,Supernatural
58034,Action
58034,Slice of Life
57994,Fantasy
57994,Slice of Life
58016,Fantasy
58014,Adventure
58013,Gourmet
57952,Action
57952,Sci-Fi
58001,Action
58001,Adventure
58001,Fantasy
57997,Avant Garde
57997,Supernatural
57974,Romance
57971,Avant Garde
57961,Action
57961,Sci-Fi
57590,Action
57590,Comedy
57590,Fantasy
57590,Mystery
56718,Supernatural
56451,Avant Garde
56451,Sports
57950,Comedy
57950,Fantasy
57940,Romance
57933,Adventure
57932,Action
57932,Adventure
57931,Action
57931,Adventure
57931,Fantasy
57930,Adventure
57929,Action
57929,Adventure
57929,Fantasy
57928,Action
57928,Adventure
57928,Drama
57928,Fantasy
57927,Drama
57926,Fantasy
57918,Award Winning
57918,Drama
57916,Avant Garde
57906,Action
57906,Comedy
57906,Fantasy
57911,Avant Garde
57911,Drama
57910,Comedy
57837,Action
57837,Fantasy
57905,Drama
57907,Action
57907,Adventure
57907,Drama
57907,Fantasy
57836,Action
57836,Fantasy
57888,Fantasy
57886,Avant Garde
57886,Sci-Fi
57879,Slice of Life
57869,Sci-Fi
57866,Action
57866,Adventure
57883,Action
57881,Comedy
57878,Action
57878,Fantasy
57878,Sci-Fi
56519,Adventure
57875,Avant Garde
57874,Avant Garde
57522,Comedy
57826,Comedy
57825,Comedy
57859,Comedy
57809,Sci-Fi
57841,Gourmet
57841,Romance
57838,Slice of Life
56118,Action
56119,Slice of Life
57828,Action
57828,Adventure
57828,Comedy
57816,Supernatural
57690,Slice of Life
57799,Fantasy
57797,Horror
57788,Fantasy
57786,Fantasy
57780,Fantasy
57771,Fantasy
57538,Action
57765,Fantasy
57700,Adventure
57700,Fantasy
57752,Fantasy
57744,Fantasy
57743,Action
57743,Comedy
57743,Sci-Fi
57710,Fantasy
57708,Avant Garde
57701,Fantasy
57698,Avant Garde
57687,Avant Garde
57632,Drama
57652,Action
57657,Comedy
57657,Fantasy
57649,Drama
57619,Avant Garde
57619,Award Winning
57579,Drama
57579,Sci-Fi
57602,Sci-Fi
57605,Action
57612,Action
57612,Fantasy
57598,Comedy
57588,Avant Garde
57587,Avant Garde
57584,Action
57584,Comedy
57584,Fantasy
57496,Avant Garde
57462,Adventure
57462,Fantasy
57463,Adventure
57463,Fantasy
57459,Adventure
57459,Sci-Fi
57532,Action
57532,Comedy
57557,Action
57557,Adventure
57557,Fantasy
57555,Action
57555,Fantasy
57528,Drama
57528,Fantasy
57528,Romance
57447,Gourmet
57446,Gourmet
57480,Action
57480,Adventure
57480,Fantasy
57461,Sci-Fi
57460,Adventure
57460,Fantasy
57455,Sci-Fi
57464,Sci-Fi
57458,Sci-Fi
57454,Drama
57468,Action
57468,Adventure
57474,Avant Garde
57466,Fantasy
57449,Adventure
57449,Comedy
57449,Fantasy
57006,Fantasy
57006,Supernatural
57440,Action
57440,Supernatural
57440,Suspense
57439,Drama
57439,Romance
57436,Romance
57433,Drama
57433,Romance
57433,Supernatural
57414,Comedy
57416,Adventure
57416,Comedy
57416,Sci-Fi
57418,Adventure
57418,Fantasy
57418,Romance
57417,Adventure
57417,Fantasy
55546,Action
55546,Drama
57389,Adventure
57389,Comedy
57389,Sci-Fi
57387,Adventure
57387,Fantasy
57386,Comedy
57386,Sci-Fi
57385,Adventure
57385,Comedy
57384,Comedy
57384,Sci-Fi
56669,Avant Garde
56669,Comedy
56669,Sci-Fi
57372,Comedy
57372,Sci-Fi
57364,Comedy
57357,Slice of Life
57337,Adventure
57336,Adventure
57062,Avant Garde
57326,Avant Garde
57326,Drama
57185,Romance
57088,Drama
57089,Drama
57061,Avant Garde
57186,Romance
57262,Avant Garde
57305,Adventure
57305,Sci-Fi
57286,Fantasy
57319,Avant Garde
57319,Horror
57317,Adventure
57317,Sci-Fi
56993,Comedy
56944,Fantasy
57307,Adventure
57306,Adventure
57267,Action
57287,Avant Garde
56098,Romance
57254,Romance
57251,Avant Garde
57250,Romance
57233,Sci-Fi
57226,Action
57226,Adventure
57226,Fantasy
57222,Action
57222,Sci-Fi
57220,Drama
57219,Action
57219,Adventure
57219,Fantasy
57221,Comedy
57221,Sci-Fi
57218,Adventure
57051,Action
57051,Sci-Fi
56969,Adventure
56969,Fantasy
56968,Drama
56968,Fantasy
56959,Action
56959,Avant Garde
56959,Ecchi
56828,Action
57196,Drama
57189,Comedy
57189,Romance
57188,Avant Garde
57166,Drama
57179,Sci-Fi
57142,Avant Garde
57135,Gourmet
57113,Comedy
57114,Comedy
57115,Comedy
57116,Comedy
57112,Comedy
57159,Slice of Life
57150,Action
57150,Adventure
57124,Action
57120,Action
57125,Action
57126,Action
57127,Action
57128,Action
57121,Action
57123,Action
57130,Action
57119,Action
57129,Action
57118,Action
57104,Comedy
57136,Avant Garde
57136,Mystery
57131,Action
57132,Action
57132,Adventure
57111,Comedy
57103,Slice of Life
57117,Action
57117,Comedy
57117,Sci-Fi
57110,Adventure
57106,Action
57105,Action
57107,Comedy
57107,Sci-Fi
57107,Supernatural
57086,Drama
57086,Sci-Fi
57085,Comedy
57085,Supernatural
57084,Action
57084,Sci-Fi
57065,Comedy
57040,Avant Garde
57016,Drama
57016,Romance
57095,Action
57095,Mystery
57094,Action
57094,Mystery
57093,Action
57093,Mystery
55351,Action
55351,Slice of Life
57078,Fantasy
57078,Slice of Life
57077,Slice of Life
54922,Action
54922,Sci-Fi
56972,Action
56972,Adventure
56972,Drama
56972,Sci-Fi
57018,Adventure
57018,Fantasy
57017,Fantasy
56990,Action
56989,Action
56992,Action
56991,Action
56366,Comedy
56365,Comedy
56362,Comedy
56363,Comedy
56947,Fantasy
56946,Romance
56943,Action
56943,Horror
56941,Avant Garde
56945,Romance
56942,Comedy
57025,Adventure
57025,Comedy
57025,Fantasy
57025,Gourmet
57007,Adventure
57015,Action
57012,Comedy
56996,Comedy
57005,Fantasy
56997,Comedy
56987,Romance
56988,Comedy
56986,Action
56970,Drama
56935,Romance
56929,Adventure
56929,Romance
56929,Sci-Fi
56919,Sci-Fi
56917,Fantasy
56916,Fantasy
56902,Action
56902,Comedy
56910,Adventure
56908,Adventure
56907,Fantasy
56891,Comedy
56891,Drama
56891,Sports
56906,Action
56906,Adventure
56906,Fantasy
56904,Comedy
56904,Fantasy
56893,Action
56893,Comedy
56893,Fantasy
56892,Fantasy
56858,Slice of Life
56853,Slice of Life
56877,Drama
56876,Romance
56854,Action
56854,Adventure
56854,Comedy
56854,Fantasy
56797,Action
56797,Fantasy
56796,Action
56796,Fantasy
56795,Fantasy
56837,Action
56837,Sci-Fi
56826,Romance
56825,Avant Garde
56750,Fantasy
56808,Drama
56807,Comedy
56806,Comedy
56799,Adventure
56799,Fantasy
56798,Action
56798,Comedy
56798,Sci-Fi
56773,Action
56773,Adventure
56773,Fantasy
56772,Comedy
56772,Fantasy
56771,Comedy
56769,Drama
56769,Sci-Fi
56763,Comedy
56763,Fantasy
56762,Comedy
56762,Fantasy
56756,Romance
56755,Avant Garde
56749,Fantasy
56734,Comedy
56734,Romance
56732,Action
56732,Drama
56732,Fantasy
56732,Mystery
56732,Romance
56729,Adventure
56728,Slice of Life
56710,Sci-Fi
56709,Sci-Fi
56700,Comedy
56700,Fantasy
56699,Avant Garde
56693,Comedy
56693,Drama
56693,Romance
56677,Fantasy
56659,Romance
56655,Gourmet
56651,Gourmet
56643,Drama
56643,Romance
55723,Fantasy
55723,Romance
55722,Fantasy
55722,Romance
55721,Romance
54693,Fantasy
54693,Romance
54880,Fantasy
54880,Romance
56629,Action
56629,Sci-Fi
56640,Action
56640,Adventure
56640,Comedy
56640,Sci-Fi
56640,Suspense
56623,Comedy
56622,Comedy
56613,Comedy
56613,Sci-Fi
56612,Action
56612,Comedy
56611,Comedy
56611,Gourmet
56607,Adventure
56575,Action
56575,Sci-Fi
56595,Drama
56594,Drama
56593,Adventure
56593,Drama
56596,Drama
56592,Drama
56591,Drama
56591,Horror
56590,Drama
56589,Drama
56587,Drama
56586,Drama
56585,Drama
56585,Suspense
56584,Drama
56582,Gourmet
56578,Action
56578,Adventure
56578,Fantasy
56577,Adventure
56577,Fantasy
56576,Comedy
50995,Comedy
56574,Adventure
56573,Adventure
56560,Adventure
56560,Fantasy
56560,Sci-Fi
56572,Action
56572,Sci-Fi
56559,Action
56559,Adventure
56559,Fantasy
56486,Adventure
56486,Fantasy
52553,Slice of Life
56551,Comedy
56550,Drama
56549,Romance
56535,Sci-Fi
56533,Comedy
56488,Action
56488,Romance
56488,Sci-Fi
56528,Comedy
56527,Comedy
56527,Fantasy
56529,Action
56529,Sci-Fi
56387,Drama
56387,Fantasy
56518,Adventure
56518,Comedy
56518,Fantasy
56508,Avant Garde
56507,Avant Garde
56507,Comedy
56506,Comedy
56505,Action
56504,Slice of Life
56503,Avant Garde
56502,Drama
56501,Avant Garde
56500,Avant Garde
56499,Comedy
56498,Slice of Life
56483,Adventure
56482,Adventure
56480,Action
56479,Comedy
56477,Comedy
56476,Comedy
56475,Comedy
56481,Action
56484,Action
56484,Sci-Fi
56485,Action
56485,Adventure
56485,Comedy
56458,Comedy
56458,Suspense
56469,Comedy
56468,Supernatural
56464,Slice of Life
56464,Supernatural
56463,Comedy
56463,Gourmet
56462,Comedy
56448,Action
56448,Comedy
56448,Sci-Fi
56455,Drama
56452,Slice of Life
56446,Comedy
56445,Comedy
56445,Sci-Fi
56368,Comedy
56386,Drama
56383,Drama
56384,Drama
56375,Adventure
56375,Drama
56375,Fantasy
56434,Avant Garde
56441,Comedy
56440,Comedy
56438,Comedy
56432,Comedy
56431,Comedy
56430,Comedy
56414,Comedy
56414,Fantasy
56413,Comedy
56413,Fantasy
56412,Comedy
56412,Fantasy
56411,Comedy
56410,Comedy
56407,Comedy
56409,Comedy
56426,Comedy
56424,Comedy
56423,Adventure
56423,Sci-Fi
56422,Adventure
56422,Comedy
56421,Adventure
56421,Comedy
56385,Drama
56372,Action
56372,Drama
56372,Fantasy
56360,Action
56360,Sci-Fi
56359,Adventure
56359,Fantasy
56358,Fantasy
56357,Adventure
56357,Comedy
56356,Adventure
56356,Comedy
56373,Comedy
56373,Mystery
56354,Action
56354,Comedy
56354,Mystery
56371,Drama
56371,Fantasy
56374,Sci-Fi
56361,Action
56361,Sci-Fi
56381,Avant Garde
56380,Avant Garde
56380,Comedy
56379,Comedy
56379,Fantasy
56378,Adventure
49818,Action
49818,Fantasy
49818,Mystery
49818,Suspense
56333,Adventure
56333,Comedy
56332,Adventure
56332,Comedy
56236,Fantasy
56235,Comedy
56347,Horror
56345,Comedy
56345,Sports
56339,Drama
56338,Drama
56337,Adventure
56337,Fantasy
56336,Adventure
56336,Fantasy
56335,Adventure
56335,Fantasy
56334,Comedy
56323,Adventure
56323,Comedy
56323,Fantasy
56322,Adventure
56322,Comedy
56322,Fantasy
56321,Action
56321,Fantasy
56320,Adventure
56319,Action
56319,Fantasy
56318,Adventure
56317,Adventure
56315,Sci-Fi
56312,Action
56311,Action
56311,Adventure
56310,Action
56310,Adventure
56309,Action
56309,Adventure
56307,Action
56306,Action
56305,Action
56304,Action
56303,Action
56302,Action
56301,Action
56300,Action
56299,Action
56298,Action
56297,Action
56296,Fantasy
56296,Supernatural
56295,Fantasy
56295,Supernatural
56294,Fantasy
56294,Supernatural
56293,Mystery
56293,Supernatural
56292,Mystery
56292,Supernatural
56308,Action
56291,Fantasy
56268,Action
56266,Adventure
56265,Adventure
56264,Adventure
56263,Adventure
56261,Action
56261,Adventure
56290,Fantasy
56290,Supernatural
56287,Slice of Life
56284,Action
56283,Action
56282,Action
56281,Action
56280,Action
56279,Action
56278,Action
56277,Action
56276,Adventure
56276,Fantasy
56275,Adventure
56275,Fantasy
56274,Action
56272,Action
56271,Action
56270,Action
56269,Action
56267,Action
56262,Adventure
56259,Comedy
56195,Fantasy
56246,Action
56246,Fantasy
56234,Adventure
56234,Drama
56206,Comedy
56192,Avant Garde
56190,Slice of Life
56157,Action
56157,Adventure
56157,Fantasy
56156,Comedy
55856,Action
55856,Fantasy
56148,Comedy
56144,Action
56132,Fantasy
56129,Comedy
56129,Fantasy
56107,Slice of Life
56075,Supernatural
56070,Sports
56069,Supernatural
56053,Avant Garde
56051,Avant Garde
56043,Fantasy
56041,Action
56041,Fantasy
56040,Comedy
56040,Fantasy
55846,Adventure
55846,Fantasy
55317,Action
55317,Comedy
56033,Adventure
56033,Fantasy
56033,Sci-Fi
54574,Avant Garde
54573,Avant Garde
56032,Romance
56025,Avant Garde
56025,Horror
55789,Avant Garde
56020,Sci-Fi
55882,Avant Garde
55757,Comedy
55757,Fantasy
55978,Action
55978,Sci-Fi
55890,Slice of Life
56009,Action
56009,Adventure
56009,Fantasy
56008,Action
56008,Adventure
56008,Fantasy
56008,Sci-Fi
56007,Action
54746,Fantasy
55982,Drama
55981,Fantasy
55980,Drama
55979,Supernatural
55971,Action
55971,Adventure
55971,Comedy
55971,Sci-Fi
55602,Comedy
55724,Boys Love
55724,Comedy
55726,Fantasy
55726,Romance
55943,Comedy
55953,Gourmet
55949,Comedy
55949,Sci-Fi
55948,Slice of Life
55914,Fantasy
55898,Drama
55897,Comedy
55897,Romance
55896,Drama
55895,Comedy
55905,Fantasy
55901,Adventure
55893,Avant Garde
55796,Fantasy
55796,Slice of Life
55863,Supernatural
55858,Avant Garde
55853,Romance
55853,Sci-Fi
55851,Slice of Life
55843,Action
55843,Sci-Fi
55838,Comedy
55838,Supernatural
55837,Comedy
55837,Supernatural
55825,Action
55825,Adventure
55825,Supernatural
55830,Action
55830,Fantasy
55819,Avant Garde
55797,Avant Garde
55788,Adventure
55788,Sci-Fi
55787,Adventure
55787,Sci-Fi
55772,Action
55772,Adventure
55759,Sci-Fi
55759,Slice of Life
55758,Comedy
55758,Mystery
55746,Action
55746,Sci-Fi
55744,Adventure
55744,Fantasy
55730,Avant Garde
55728,Drama
55709,Comedy
55709,Sci-Fi
55705,Avant Garde
55696,Avant Garde
55695,Avant Garde
55687,Avant Garde
55686,Avant Garde
55624,Action
55624,Sci-Fi
55678,Avant Garde
55656,Action
55656,Comedy
55660,Fantasy
55659,Fantasy
55657,Action
55657,Fantasy
55650,Avant Garde
54580,Avant Garde
54581,Avant Garde
55634,Romance
55633,Avant Garde
55632,Avant Garde
55625,Action
55625,Drama
55625,Sci-Fi
55543,Avant Garde
55543,Horror
55542,Action
55542,Sci-Fi
55622,Drama
55536,Drama
55541,Action
55541,Adventure
55541,Fantasy
55535,Fantasy
55619,Gourmet
55618,Drama
55607,Comedy
55607,Horror
55607,Sci-Fi
55605,Avant Garde
55605,Fantasy
55600,Drama
55600,Supernatural
55595,Slice of Life
55589,Adventure
55589,Comedy
55589,Sci-Fi
55588,Avant Garde
55572,Comedy
55565,Comedy
55564,Comedy
55563,Action
55563,Adventure
55563,Fantasy
55559,Avant Garde
55558,Avant Garde
55555,Avant Garde
55557,Avant Garde
55556,Avant Garde
55551,Avant Garde
55550,Avant Garde
55553,Avant Garde
55552,Avant Garde
55533,Comedy
55532,Drama
55531,Sports
55530,Comedy
55529,Comedy
55529,Supernatural
55516,Fantasy
55465,Avant Garde
55462,Award Winning
55462,Drama
55464,Avant Garde
54933,Comedy
55452,Avant Garde
55451,Avant Garde
55396,Award Winning
55396,Slice of Life
55373,Award Winning
55373,Comedy
55360,Avant Garde
55353,Comedy
55354,Horror
54313,Action
54313,Sci-Fi
55348,Avant Garde
55348,Comedy
55347,Comedy
55344,Fantasy
55344,Slice of Life
55325,Supernatural
55320,Avant Garde
55195,Comedy
55301,Sci-Fi
55300,Drama
55300,Sci-Fi
55299,Supernatural
55287,Fantasy
55286,Adventure
55285,Adventure
55276,Avant Garde
55275,Sci-Fi
55274,Drama
55271,Adventure
55271,Fantasy
55271,Sci-Fi
55266,Horror
55266,Supernatural
55257,Comedy
55261,Adventure
55261,Fantasy
55260,Avant Garde
55260,Suspense
55253,Avant Garde
55143,Action
54456,Fantasy
54380,Fantasy
54380,Slice of Life
55239,Romance
54709,Action
54709,Drama
54711,Slice of Life
55226,Action
55226,Drama
55219,Action
55219,Comedy
54723,Comedy
54723,Fantasy
45622,Adventure
45622,Comedy
45622,Fantasy
55215,Drama
55196,Action
55196,Fantasy
54750,Action
54750,Fantasy
55193,Action
55193,Suspense
54533,Action
54533,Award Winning
54533,Drama
54524,Avant Garde
54521,Avant Garde
54516,Avant Garde
55188,Action
55188,Sci-Fi
55176,Avant Garde
55176,Fantasy
54838,Sports
55163,Slice of Life
55164,Slice of Life
54814,Avant Garde
54485,Avant Garde
55155,Avant Garde
54552,Avant Garde
54550,Avant Garde
55083,Avant Garde
55152,Drama
55152,Sci-Fi
55110,Avant Garde
54525,Avant Garde
54517,Avant Garde
55057,Avant Garde
54904,Avant Garde
54740,Romance
54740,Sci-Fi
55138,Slice of Life
55141,Action
55141,Avant Garde
55141,Sci-Fi
55140,Romance
54671,Fantasy
55127,Avant Garde
55127,Romance
55135,Slice of Life
55131,Romance
55133,Slice of Life
55132,Comedy
55124,Supernatural
55123,Avant Garde
55117,Romance
55120,Comedy
55119,Comedy
55118,Comedy
55047,Fantasy
55047,Supernatural
54583,Romance
54513,Avant Garde
55105,Sports
55104,Comedy
55087,Fantasy
55091,Gourmet
55090,Avant Garde
55062,Avant Garde
55078,Gourmet
55076,Comedy
55076,Sci-Fi
55068,Comedy
55068,Gourmet
55067,Comedy
55067,Gourmet
55066,Comedy
55069,Avant Garde
55069,Sci-Fi
55048,Comedy
54996,Action
54996,Fantasy
54919,Comedy
55051,Avant Garde
55060,Comedy
55061,Sci-Fi
55059,Comedy
55059,Fantasy
54953,Slice of Life
55045,Comedy
55041,Adventure
55041,Supernatural
55046,Sci-Fi
55046,Supernatural
55043,Comedy
55043,Sci-Fi
55024,Gourmet
55024,Slice of Life
54989,Comedy
54989,Fantasy
55019,Fantasy
54993,Action
54993,Horror
54993,Suspense
55008,Comedy
55008,Horror
54889,Avant Garde
54949,Comedy
54949,Fantasy
54877,Comedy
54876,Fantasy
54991,Fantasy
54991,Slice of Life
54992,Comedy
54972,Comedy
54931,Action
54931,Adventure
54931,Comedy
54931,Fantasy
54545,Avant Garde
54895,Action
54895,Sci-Fi
54893,Drama
54893,Romance
54762,Action
54762,Adventure
54762,Comedy
54762,Fantasy
54834,Avant Garde
54848,Comedy
54872,Slice of Life
54873,Slice of Life
54871,Comedy
54863,Action
54863,Adventure
54863,Sci-Fi
54832,Comedy
54832,Sci-Fi
54806,Comedy
54808,Romance
54807,Comedy
54805,Comedy
54804,Comedy
54536,Adventure
54787,Adventure
54786,Comedy
54783,Slice of Life
54442,Gourmet
54779,Adventure
54779,Comedy
54779,Fantasy
54779,Romance
54441,Avant Garde
54773,Romance
54773,Supernatural
54736,Action
54736,Comedy
54736,Fantasy
54434,Comedy
54757,Comedy
54668,Comedy
54667,Fantasy
54705,Adventure
54705,Fantasy
54703,Adventure
54703,Drama
54703,Supernatural
54688,Action
54688,Adventure
54688,Fantasy
54687,Action
54687,Adventure
54687,Fantasy
54662,Slice of Life
54661,Drama
54660,Drama
54660,Sci-Fi
54643,Romance
54636,Comedy
54636,Drama
54568,Slice of Life
54567,Avant Garde
54567,Drama
54566,Drama
54564,Slice of Life
54563,Fantasy
54563,Slice of Life
54559,Drama
54557,Avant Garde
54541,Slice of Life
54538,Avant Garde
54506,Fantasy
54505,Fantasy
54498,Sci-Fi
54504,Romance
54500,Slice of Life
54494,Slice of Life
54496,Drama
54477,Avant Garde
54476,Drama
54475,Action
54475,Comedy
54475,Sci-Fi
54462,Drama
54460,Drama
54461,Avant Garde
54461,Drama
54453,Horror
54455,Romance
54454,Avant Garde
54448,Action
54447,Fantasy
54447,Slice of Life
54428,Avant Garde
54428,Romance
54427,Action
54426,Action
54425,Action
54424,Action
54422,Fantasy
54421,Action
54420,Action
54416,Action
54419,Action
54418,Action
54417,Avant Garde
54417,Slice of Life
54411,Action
54415,Action
54413,Slice of Life
54412,Avant Garde
54412,Suspense
54406,Action
54404,Adventure
54404,Comedy
54404,Fantasy
54403,Adventure
54403,Comedy
54403,Fantasy
54402,Adventure
54402,Comedy
54402,Fantasy
54396,Adventure
54388,Action
54388,Adventure
54388,Fantasy
54364,Fantasy
54360,Avant Garde
54360,Comedy
54360,Romance
54361,Fantasy
54359,Adventure
54355,Comedy
54355,Sci-Fi
54354,Adventure
54354,Comedy
54354,Fantasy
54346,Action
54346,Comedy
54346,Fantasy
54346,Mystery
54344,Action
54344,Suspense
54335,Drama
54331,Slice of Life
54325,Action
54324,Avant Garde
54323,Avant Garde
54322,Avant Garde
54322,Drama
54318,Slice of Life
54317,Avant Garde
54316,Drama
54308,Fantasy
54308,Mystery
54299,Avant Garde
54300,Slice of Life
54298,Comedy
54298,Horror
54298,Sci-Fi
54297,Avant Garde
54296,Drama
54287,Action
54287,Drama
54287,Horror
54287,Mystery
54287,Sci-Fi
54287,Suspense
54280,Action
54280,Adventure
54281,Award Winning
54281,Drama
54279,Drama
54279,Sci-Fi
54252,Award Winning
54252,Drama
54245,Avant Garde
54242,Drama
54232,Romance
54231,Avant Garde
54229,Comedy
54229,Fantasy
54228,Comedy
54228,Fantasy
54227,Comedy
54224,Comedy
54217,Comedy
54216,Slice of Life
54194,Supernatural
54193,Drama
54186,Slice of Life
54177,Action
54177,Comedy
54172,Supernatural
54169,Action
54174,Slice of Life
54167,Horror
54166,Slice of Life
54165,Action
54164,Action
54164,Horror
54163,Action
54163,Sci-Fi
54158,Avant Garde
54159,Avant Garde
54145,Action
54135,Comedy
54135,Fantasy
54129,Comedy
54128,Fantasy
54121,Fantasy
54119,Sports
54111,Avant Garde
54109,Comedy
54108,Slice of Life
54107,Slice of Life
54105,Adventure
54105,Comedy
54102,Slice of Life
54101,Avant Garde
54101,Fantasy
54097,Adventure
54097,Sci-Fi
54096,Fantasy
54096,Sci-Fi
54095,Adventure
54094,Adventure
54094,Comedy
54094,Fantasy
54094,Sci-Fi
54090,Sci-Fi
54093,Adventure
54093,Sci-Fi
54092,Adventure
54092,Sci-Fi
54091,Comedy
54091,Sci-Fi
54089,Sci-Fi
54086,Sci-Fi
54085,Sci-Fi
54081,Action
54081,Adventure
54081,Sci-Fi
54082,Adventure
54082,Sci-Fi
54076,Avant Garde
54072,Slice of Life
54071,Comedy
54071,Supernatural
54065,Fantasy
54065,Slice of Life
54063,Sci-Fi
42461,Sci-Fi
54059,Comedy
54059,Supernatural
54060,Comedy
54060,Supernatural
54058,Comedy
54058,Supernatural
54056,Avant Garde
54055,Comedy
54055,Supernatural
54052,Comedy
54051,Comedy
54038,Avant Garde
54037,Avant Garde
54032,Comedy
54033,Action
54033,Adventure
54033,Fantasy
54031,Comedy
54030,Comedy
54028,Sports
54027,Avant Garde
54016,Comedy
54011,Slice of Life
54010,Adventure
54004,Avant Garde
54004,Sports
54000,Action
54000,Fantasy
54000,Romance
53992,Comedy
53990,Adventure
53990,Sci-Fi
53989,Adventure
53989,Sci-Fi
53987,Adventure
53987,Comedy
53987,Fantasy
53987,Sci-Fi
53986,Adventure
53986,Comedy
53986,Fantasy
53986,Sci-Fi
53985,Adventure
53985,Comedy
53985,Fantasy
53985,Sci-Fi
53984,Adventure
53984,Comedy
53984,Fantasy
53984,Sci-Fi
53982,Adventure
53982,Comedy
53982,Fantasy
53982,Sci-Fi
53983,Adventure
53983,Comedy
53983,Fantasy
53983,Sci-Fi
53979,Comedy
53979,Sci-Fi
53981,Adventure
53981,Comedy
53981,Fantasy
53981,Sci-Fi
53980,Adventure
53980,Comedy
53980,Fantasy
53980,Sci-Fi
53976,Comedy
53976,Mystery
53976,Sci-Fi
53975,Fantasy
53975,Sci-Fi
53977,Comedy
53977,Fantasy
53977,Sci-Fi
53973,Action
53973,Sci-Fi
53971,Comedy
53971,Sci-Fi
53969,Comedy
53969,Sci-Fi
53964,Adventure
53964,Fantasy
53964,Sci-Fi
53970,Comedy
53970,Horror
53970,Sci-Fi
53968,Adventure
53968,Sci-Fi
53968,Supernatural
53967,Comedy
53967,Sci-Fi
53967,Supernatural
53966,Sci-Fi
53966,Supernatural
53965,Adventure
53965,Fantasy
53963,Adventure
53963,Fantasy
53963,Sci-Fi
53956,Adventure
53956,Comedy
53956,Sci-Fi
53951,Comedy
53951,Sci-Fi
53962,Comedy
53962,Sci-Fi
53961,Comedy
53961,Sci-Fi
53959,Adventure
53959,Comedy
53959,Sci-Fi
53957,Adventure
53957,Comedy
53957,Sci-Fi
53953,Adventure
53953,Comedy
53953,Sci-Fi
53948,Comedy
53948,Fantasy
53948,Sci-Fi
53945,Comedy
53945,Fantasy
53945,Sci-Fi
53944,Comedy
53944,Fantasy
53944,Sci-Fi
53941,Adventure
53941,Sci-Fi
53939,Adventure
53939,Comedy
53939,Fantasy
53939,Sci-Fi
53943,Comedy
53943,Fantasy
53943,Sci-Fi
53942,Comedy
53942,Fantasy
53942,Sci-Fi
53940,Adventure
53940,Comedy
53940,Fantasy
53940,Sci-Fi
53938,Comedy
53938,Sci-Fi
53936,Comedy
53923,Sports
53921,Avant Garde
53921,Sci-Fi
53913,Action
53913,Adventure
53913,Fantasy
53910,Adventure
41041,Comedy
41041,Drama
41041,Romance
53903,Action
53903,Comedy
53903,Sci-Fi
53902,Comedy
53893,Slice of Life
53883,Action
53868,Comedy
53868,Supernatural
53866,Avant Garde
42084,Action
42084,Drama
42084,Mystery
41139,Action
41139,Fantasy
41139,Sci-Fi
53857,Sci-Fi
53857,Slice of Life
53625,Action
53625,Adventure
53625,Sci-Fi
53340,Avant Garde
53315,Action
53291,Slice of Life
52390,Comedy
52322,Sports
52003,Avant Garde
53856,Slice of Life
51253,Comedy
51085,Drama
51085,Sports
49671,Comedy
49670,Comedy
48891,Fantasy
48640,Comedy
48640,Mystery
46917,Comedy
53509,Drama
53509,Sci-Fi
53501,Slice of Life
53843,Drama
53508,Slice of Life
53842,Fantasy
53755,Avant Garde
53756,Comedy
53754,Sci-Fi
53502,Action
53502,Comedy
42245,Sports
53840,Avant Garde
53840,Award Winning
53840,Drama
53624,Drama
53102,Drama
44409,Comedy
42812,Comedy
42812,Supernatural
53828,Comedy
53828,Sports
53830,Slice of Life
53829,Drama
53818,Comedy
53817,Comedy
53820,Comedy
53819,Comedy
53790,Avant Garde
53788,Avant Garde
53781,Action
53776,Fantasy
53759,Avant Garde
53749,Avant Garde
53749,Sports
53746,Avant Garde
53746,Comedy
53744,Comedy
53745,Comedy
53740,Avant Garde
53740,Comedy
53728,Comedy
53727,Comedy
53726,Comedy
47436,Comedy
42549,Drama
41246,Drama
53718,Avant Garde
53717,Avant Garde
52384,Sci-Fi
52383,Action
52383,Adventure
52383,Sci-Fi
53638,Drama
53637,Drama
53636,Drama
53575,Comedy
53575,Sports
53165,Avant Garde
52194,Action
52194,Sci-Fi
51991,Comedy
51879,Fantasy
51879,Slice of Life
50577,Comedy
50535,Adventure
53709,Comedy
50697,Fantasy
53705,Avant Garde
49258,Sports
53520,Fantasy
53520,Slice of Life
53230,Adventure
53230,Award Winning
50347,Comedy
49525,Comedy
53226,Slice of Life
51873,Fantasy
50691,Comedy
50249,Comedy
50249,Romance
53699,Avant Garde
53700,Avant Garde
53696,Slice of Life
53685,Comedy
53685,Fantasy
53687,Comedy
53687,Fantasy
53686,Comedy
53686,Fantasy
53679,Avant Garde
53679,Romance
53676,Adventure
53676,Comedy
53676,Fantasy
53675,Comedy
53675,Sports
53673,Comedy
53673,Fantasy
53669,Fantasy
53667,Romance
53666,Slice of Life
53666,Supernatural
53662,Comedy
53662,Fantasy
53659,Avant Garde
53658,Avant Garde
53657,Drama
53654,Comedy
53653,Slice of Life
53652,Slice of Life
53651,Slice of Life
53655,Slice of Life
53646,Action
53646,Sci-Fi
53634,Comedy
53634,Supernatural
53606,Comedy
53606,Sci-Fi
53604,Action
53604,Adventure
53604,Drama
53604,Sci-Fi
53601,Fantasy
53593,Comedy
53593,Fantasy
53589,Comedy
53573,Comedy
53573,Fantasy
53529,Action
53529,Adventure
53529,Fantasy
53529,Romance
53522,Avant Garde
53514,Comedy
53514,Fantasy
53514,Mystery
53512,Comedy
53512,Romance
53498,Action
53498,Adventure
53498,Fantasy
53491,Slice of Life
53437,Adventure
53437,Fantasy
53403,Comedy
53397,Adventure
53397,Fantasy
53392,Comedy
53391,Adventure
53391,Comedy
53382,Comedy
53372,Comedy
53372,Fantasy
53371,Comedy
53371,Fantasy
53339,Avant Garde
53334,Romance
53320,Slice of Life
53294,Avant Garde
53260,Romance
53251,Action
53251,Adventure
53251,Fantasy
53249,Action
53249,Adventure
53249,Fantasy
53220,Slice of Life
53214,Avant Garde
53209,Award Winning
53209,Fantasy
53206,Action
53206,Adventure
53206,Comedy
53205,Action
53205,Adventure
53205,Fantasy
53192,Action
53188,Horror
53187,Avant Garde
53187,Slice of Life
53187,Supernatural
53186,Avant Garde
53186,Slice of Life
53185,Avant Garde
53182,Drama
53173,Action
53172,Drama
53171,Avant Garde
53161,Slice of Life
53159,Drama
53158,Avant Garde
53156,Avant Garde
53153,Drama
53153,Romance
53155,Mystery
53155,Suspense
53154,Mystery
53154,Sci-Fi
53144,Avant Garde
53143,Slice of Life
53136,Slice of Life
53130,Fantasy
53125,Adventure
53125,Fantasy
53121,Comedy
53121,Horror
53121,Sci-Fi
53119,Supernatural
53118,Drama
53117,Comedy
53116,Comedy
53115,Comedy
53095,Avant Garde
53092,Fantasy
53092,Suspense
53091,Drama
53090,Comedy
53089,Comedy
53088,Comedy
53088,Gourmet
53087,Comedy
53083,Avant Garde
53081,Avant Garde
53080,Avant Garde
53082,Avant Garde
53079,Comedy
53066,Drama
53067,Drama
53065,Romance
53062,Avant Garde
53060,Avant Garde
53059,Avant Garde
53055,Comedy
53055,Fantasy
53048,Drama
53046,Drama
53046,Suspense
53045,Drama
53045,Gourmet
53044,Slice of Life
53042,Slice of Life
53043,Slice of Life
53038,Horror
53037,Adventure
53037,Sci-Fi
53035,Comedy
53035,Supernatural
53032,Comedy
53032,Fantasy
53031,Avant Garde
53030,Avant Garde
53025,Action
53025,Comedy
53025,Romance
53020,Comedy
53019,Comedy
53011,Comedy
53006,Comedy
53005,Comedy
52987,Comedy
52974,Avant Garde
52968,Slice of Life
52966,Avant Garde
52964,Slice of Life
52961,Romance
52958,Avant Garde
52947,Adventure
52941,Horror
52941,Mystery
52941,Supernatural
52926,Adventure
52917,Drama
52917,Sports
52910,Drama
52908,Drama
52908,Fantasy
52907,Fantasy
52900,Comedy
52886,Horror
52886,Supernatural
52884,Fantasy
52869,Action
52869,Comedy
52869,Sci-Fi
52870,Drama
52870,Fantasy
52870,Supernatural
52867,Action
52859,Drama
52858,Drama
52855,Slice of Life
52854,Drama
52850,Supernatural
52842,Drama
52841,Drama
52840,Comedy
52838,Comedy
52835,Drama
52836,Drama
52836,Fantasy
52815,Comedy
52809,Adventure
52809,Sci-Fi
52807,Action
52807,Comedy
52772,Drama
52770,Drama
52767,Drama
52766,Drama
52753,Sports
52750,Sports
52744,Comedy
52744,Fantasy
52740,Sci-Fi
52738,Sci-Fi
52738,Sports
52737,Sci-Fi
52737,Sports
52735,Action
52735,Drama
52735,Fantasy
52715,Drama
52716,Drama
52714,Drama
52713,Adventure
52713,Drama
52713,Fantasy
52712,Award Winning
52712,Drama
52706,Comedy
52706,Fantasy
52705,Comedy
52704,Adventure
52704,Comedy
52704,Drama
52699,Drama
52698,Drama
52698,Romance
52697,Drama
52697,Romance
52696,Drama
52695,Drama
52689,Drama
52692,Drama
52692,Suspense
52691,Drama
52691,Fantasy
52654,Drama
52654,Suspense
52655,Drama
52653,Adventure
52653,Drama
52652,Drama
52651,Drama
52634,Avant Garde
52634,Drama
52633,Drama
52632,Drama
52631,Drama
52629,Drama
52627,Drama
52628,Drama
52626,Drama
52624,Drama
52625,Drama
52610,Comedy
52610,Fantasy
52610,Romance
52597,Fantasy
52597,Slice of Life
52584,Drama
52585,Award Winning
52585,Drama
52585,Horror
52583,Drama
52583,Fantasy
52566,Avant Garde
52551,Comedy
52551,Sports
52549,Drama
52549,Sci-Fi
52547,Action
52547,Adventure
52547,Fantasy
52546,Action
52546,Adventure
52546,Comedy
52545,Comedy
52523,Comedy
52523,Supernatural
52519,Action
52519,Comedy
52519,Fantasy
52518,Action
52518,Sci-Fi
52495,Drama
52494,Suspense
52493,Award Winning
52493,Slice of Life
52493,Supernatural
52488,Comedy
52480,Comedy
52480,Mystery
52480,Romance
52479,Comedy
52477,Sci-Fi
52475,Action
52475,Adventure
52475,Fantasy
52473,Comedy
52473,Fantasy
52466,Comedy
52463,Comedy
52460,Action
52460,Adventure
52460,Comedy
52460,Fantasy
52452,Comedy
52452,Fantasy
52443,Avant Garde
52440,Slice of Life
52421,Comedy
52399,Action
52399,Sci-Fi
52397,Action
52397,Adventure
52378,Adventure
52378,Fantasy
52369,Adventure
52369,Comedy
52371,Comedy
52370,Adventure
52370,Comedy
52368,Action
52368,Adventure
52368,Fantasy
52368,Sci-Fi
52338,Adventure
52337,Comedy
52328,Sci-Fi
52319,Comedy
52319,Fantasy
52319,Supernatural
52316,Adventure
52316,Fantasy
52307,Slice of Life
52293,Action
52293,Comedy
52293,Fantasy
52293,Ecchi
52292,Comedy
52292,Fantasy
52270,Avant Garde
52271,Slice of Life
52269,Comedy
52268,Avant Garde
52265,Adventure
52265,Fantasy
52265,Sci-Fi
52254,Avant Garde
52251,Action
52251,Comedy
52251,Romance
52243,Fantasy
52240,Fantasy
52239,Adventure
52239,Fantasy
52238,Fantasy
52237,Fantasy
52227,Slice of Life
52224,Slice of Life
52130,Adventure
52130,Fantasy
52210,Comedy
52210,Sports
52095,Fantasy
52195,Avant Garde
52195,Fantasy
52192,Comedy
52187,Comedy
52182,Action
52182,Mystery
52151,Adventure
52151,Fantasy
52100,Slice of Life
52071,Comedy
52047,Fantasy
52076,Comedy
52180,Action
52180,Fantasy
52096,Adventure
52030,Comedy
52053,Comedy
52052,Comedy
52033,Sports
52066,Slice of Life
52032,Drama
52032,Sports
52029,Fantasy
52028,Fantasy
52025,Comedy
52023,Comedy
52023,Sci-Fi
52022,Comedy
52019,Action
52019,Fantasy
52002,Comedy
52002,Fantasy
51996,Action
51996,Adventure
51996,Boys Love
51996,Fantasy
51996,Mystery
51996,Supernatural
51993,Action
51993,Award Winning
51993,Drama
52004,Comedy
51992,Award Winning
51992,Drama
52000,Comedy
51997,Comedy
51974,Sports
51967,Drama
51966,Drama
51965,Drama
51964,Action
51964,Fantasy
51963,Drama
51957,Sports
51957,Suspense
51954,Action
51954,Sci-Fi
51939,Comedy
51939,Fantasy
51938,Comedy
51938,Fantasy
51936,Slice of Life
51921,Avant Garde
51937,Comedy
51937,Fantasy
51937,Sci-Fi
51920,Action
51920,Comedy
51920,Fantasy
51903,Action
51903,Adventure
51903,Sci-Fi
51881,Adventure
51881,Comedy
51881,Fantasy
51880,Comedy
51880,Sports
51877,Adventure
51877,Fantasy
51877,Sports
51869,Avant Garde
51853,Avant Garde
51858,Avant Garde
51851,Avant Garde
51850,Avant Garde
51849,Avant Garde
51848,Avant Garde
51847,Avant Garde
51846,Avant Garde
51828,Award Winning
51822,Avant Garde
51821,Action
51821,Fantasy
51821,Romance
51808,Romance
51803,Comedy
51802,Avant Garde
51801,Action
51796,Adventure
51796,Fantasy
51758,Comedy
51758,Fantasy
51751,Award Winning
51751,Slice of Life
51750,Award Winning
51750,Slice of Life
51749,Avant Garde
51759,Comedy
51759,Fantasy
51760,Comedy
51760,Fantasy
51765,Sci-Fi
51688,Adventure
51687,Adventure
51686,Adventure
51682,Action
51677,Action
51677,Fantasy
51677,Sci-Fi
51677,Supernatural
51661,Comedy
51656,Comedy
51656,Fantasy
51655,Comedy
51655,Fantasy
51646,Comedy
51646,Drama
51639,Avant Garde
51601,Action
51601,Adventure
51601,Fantasy
51589,Avant Garde
51558,Action
51558,Fantasy
51469,Comedy
51658,Comedy
51584,Action
51584,Adventure
51584,Comedy
51584,Fantasy
51584,Supernatural
51617,Drama
51617,Romance
51617,Sci-Fi
51631,Adventure
51599,Avant Garde
51598,Avant Garde
51621,Sci-Fi
51597,Avant Garde
51596,Adventure
51389,Action
51389,Sci-Fi
51635,Comedy
51595,Avant Garde
51460,Comedy
51553,Fantasy
51538,Comedy
51496,Comedy
51488,Fantasy
51488,Slice of Life
51459,Comedy
51392,Action
51392,Sci-Fi
51387,Action
51387,Adventure
51387,Comedy
51387,Fantasy
51382,Slice of Life
51380,Avant Garde
51373,Comedy
51405,Comedy
51405,Fantasy
51361,Fantasy
51357,Fantasy
51356,Fantasy
51343,Romance
51336,Comedy
51336,Fantasy
51328,Avant Garde
51328,Slice of Life
51325,Avant Garde
51303,Adventure
51302,Adventure
51278,Action
51278,Fantasy
51274,Fantasy
51271,Comedy
51267,Action
51266,Comedy
51266,Slice of Life
51261,Comedy
51262,Comedy
51249,Supernatural
51248,Drama
51246,Comedy
51246,Slice of Life
51245,Fantasy
51245,Slice of Life
51237,Comedy
51187,Boys Love
51187,Comedy
51187,Supernatural
47235,Action
47235,Fantasy
47235,Supernatural
51216,Action
51216,Fantasy
51211,Comedy
47231,Mystery
47231,Supernatural
51014,Avant Garde
43891,Adventure
43891,Fantasy
47140,Comedy
46247,Fantasy
44916,Fantasy
46772,Fantasy
44869,Fantasy
44869,Romance
47831,Adventure
47831,Fantasy
46156,Adventure
46156,Fantasy
46201,Adventure
46362,Fantasy
46261,Fantasy
46027,Comedy
46023,Comedy
45095,Adventure
45095,Fantasy
46229,Adventure
46811,Comedy
44179,Adventure
46912,Fantasy
47884,Fantasy
48202,Fantasy
44302,Action
44302,Adventure
44302,Fantasy
44740,Adventure
44740,Fantasy
44740,Sci-Fi
44756,Adventure
44756,Fantasy
44769,Adventure
44769,Fantasy
46527,Fantasy
44531,Adventure
46945,Fantasy
44031,Action
44031,Sci-Fi
46475,Fantasy
45298,Fantasy
47063,Action
46414,Fantasy
45438,Fantasy
45439,Fantasy
45083,Adventure
45083,Fantasy
46260,Sports
43867,Romance
44962,Fantasy
43846,Fantasy
45350,Adventure
45350,Fantasy
45350,Sci-Fi
44279,Fantasy
46991,Adventure
44810,Fantasy
44444,Sci-Fi
44902,Comedy
45021,Fantasy
45805,Fantasy
46063,Comedy
45035,Adventure
44980,Fantasy
46853,Action
46231,Fantasy
46233,Fantasy
44546,Comedy
45400,Comedy
45142,Adventure
45142,Fantasy
51144,Adventure
51144,Comedy
51121,Comedy
51055,Avant Garde
51035,Boys Love
51035,Comedy
50972,Comedy
50972,Sci-Fi
50920,Action
50920,Comedy
50880,Comedy
50880,Fantasy
50727,Fantasy
50711,Slice of Life
50458,Sci-Fi
50320,Adventure
50320,Comedy
50320,Sci-Fi
50319,Adventure
50319,Comedy
50291,Fantasy
50246,Avant Garde
50245,Slice of Life
50233,Action
50233,Drama
50138,Slice of Life
50137,Sci-Fi
50137,Slice of Life
49017,Comedy
48973,Avant Garde
48907,Comedy
48853,Fantasy
48850,Sports
48311,Comedy
48309,Fantasy
48308,Comedy
48299,Fantasy
48298,Fantasy
48297,Fantasy
48294,Fantasy
48285,Adventure
48285,Comedy
48285,Fantasy
48284,Adventure
48284,Comedy
48284,Fantasy
48283,Comedy
48283,Fantasy
48280,Comedy
48277,Comedy
48271,Mystery
48271,Supernatural
48270,Mystery
48270,Supernatural
48269,Supernatural
48266,Fantasy
48266,Supernatural
48264,Supernatural
48259,Comedy
48255,Fantasy
48242,Adventure
48242,Fantasy
48241,Adventure
48241,Fantasy
48240,Adventure
48240,Fantasy
48238,Adventure
48238,Fantasy
48229,Adventure
48229,Fantasy
48228,Comedy
48228,Fantasy
48227,Comedy
48227,Fantasy
48226,Fantasy
48225,Fantasy
48220,Action
48220,Sci-Fi
48219,Action
48219,Sci-Fi
48218,Sci-Fi
48218,Sports
48217,Action
48217,Sci-Fi
48216,Adventure
48216,Fantasy
48215,Adventure
48215,Fantasy
48214,Action
48214,Adventure
48214,Sci-Fi
48213,Fantasy
48212,Comedy
48212,Fantasy
48211,Adventure
48211,Comedy
48210,Action
48210,Sci-Fi
48209,Fantasy
48207,Fantasy
48206,Adventure
48206,Fantasy
48200,Action
48200,Adventure
48200,Fantasy
48197,Adventure
48197,Fantasy
48195,Action
48195,Adventure
48195,Comedy
48195,Sci-Fi
48193,Fantasy
48192,Comedy
48192,Fantasy
48190,Comedy
48190,Fantasy
48189,Fantasy
48183,Action
48183,Adventure
48174,Fantasy
48172,Comedy
48172,Supernatural
48170,Fantasy
48169,Fantasy
48166,Fantasy
48165,Fantasy
48163,Adventure
48163,Comedy
48163,Sci-Fi
48161,Action
48160,Adventure
48160,Fantasy
48159,Comedy
48157,Comedy
48156,Fantasy
48155,Comedy
48154,Fantasy
48153,Drama
48151,Comedy
48151,Fantasy
48149,Drama
48148,Fantasy
48145,Fantasy
48144,Adventure
48143,Comedy
48141,Fantasy
48133,Adventure
48115,Comedy
48066,Fantasy
48063,Comedy
48063,Fantasy
50841,Comedy
50841,Slice of Life
50841,Supernatural
47993,Comedy
47985,Comedy
47981,Fantasy
47980,Fantasy
47977,Sci-Fi
47974,Fantasy
47969,Fantasy
47968,Adventure
47966,Fantasy
47964,Fantasy
47963,Fantasy
47943,Fantasy
47941,Fantasy
47940,Comedy
47939,Fantasy
47936,Fantasy
47934,Fantasy
47933,Fantasy
47931,Slice of Life
47929,Fantasy
47927,Comedy
47926,Adventure
47922,Fantasy
47911,Fantasy
47910,Fantasy
47909,Fantasy
47908,Fantasy
47907,Fantasy
47906,Fantasy
47905,Fantasy
47899,Fantasy
47898,Fantasy
47897,Fantasy
47896,Fantasy
47895,Fantasy
47894,Fantasy
47893,Fantasy
47892,Fantasy
47891,Fantasy
47890,Comedy
47889,Comedy
47880,Fantasy
47879,Fantasy
47875,Fantasy
47869,Fantasy
47867,Fantasy
47866,Sports
47865,Fantasy
47863,Fantasy
47863,Sci-Fi
47861,Comedy
47860,Fantasy
47859,Fantasy
47857,Fantasy
47856,Sci-Fi
47855,Fantasy
47854,Fantasy
47853,Fantasy
47851,Adventure
47851,Fantasy
47850,Adventure
47850,Fantasy
47848,Adventure
47848,Fantasy
47847,Fantasy
47846,Adventure
47845,Fantasy
47845,Sci-Fi
47843,Adventure
47843,Sci-Fi
47842,Fantasy
47841,Action
47838,Action
47837,Sci-Fi
47832,Adventure
47832,Fantasy
47830,Fantasy
47827,Fantasy
47826,Fantasy
47825,Fantasy
47824,Fantasy
47823,Fantasy
47822,Fantasy
47821,Fantasy
47820,Fantasy
47819,Comedy
47813,Fantasy
47812,Fantasy
47809,Sports
47808,Fantasy
47807,Adventure
47773,Fantasy
47772,Fantasy
47771,Fantasy
47770,Fantasy
47756,Comedy
47756,Supernatural
47750,Fantasy
47749,Comedy
47749,Fantasy
47741,Fantasy
47736,Comedy
47735,Fantasy
47732,Fantasy
47718,Fantasy
47717,Comedy
47716,Comedy
47714,Comedy
47714,Fantasy
47712,Comedy
47711,Fantasy
47708,Fantasy
47704,Adventure
47704,Fantasy
47701,Comedy
47698,Fantasy
47696,Fantasy
47683,Adventure
47681,Fantasy
47680,Fantasy
47679,Fantasy
47678,Fantasy
47676,Fantasy
47674,Fantasy
47668,Fantasy
47654,Action
47653,Comedy
47653,Fantasy
47649,Adventure
47649,Fantasy
47648,Adventure
47648,Fantasy
47647,Adventure
47647,Fantasy
47646,Adventure
47646,Fantasy
47643,Adventure
47643,Sci-Fi
47642,Adventure
47642,Sci-Fi
47640,Adventure
47640,Sci-Fi
47629,Fantasy
47613,Adventure
47611,Drama
47594,Comedy
47593,Fantasy
47589,Comedy
47588,Fantasy
47587,Fantasy
47585,Fantasy
47584,Comedy
47583,Comedy
47583,Fantasy
47582,Fantasy
47581,Comedy
47580,Adventure
47580,Fantasy
47578,Adventure
47578,Fantasy
47577,Fantasy
47576,Adventure
47576,Sci-Fi
47575,Comedy
47573,Comedy
47572,Comedy
47571,Fantasy
47570,Adventure
47570,Fantasy
47569,Adventure
47569,Fantasy
47568,Adventure
47568,Fantasy
47567,Adventure
47567,Fantasy
47566,Fantasy
47565,Fantasy
47564,Fantasy
47563,Fantasy
47560,Comedy
47560,Fantasy
47559,Comedy
47559,Fantasy
47558,Adventure
47558,Comedy
47556,Fantasy
47555,Adventure
47555,Fantasy
47554,Fantasy
47553,Adventure
47552,Adventure
47552,Fantasy
47551,Fantasy
47550,Comedy
47549,Comedy
47548,Comedy
47547,Fantasy
47546,Fantasy
47544,Comedy
47544,Fantasy
47541,Fantasy
47535,Comedy
47535,Fantasy
47534,Comedy
47533,Comedy
47532,Comedy
47527,Comedy
47526,Adventure
47525,Fantasy
47524,Comedy
47524,Fantasy
47523,Comedy
47522,Fantasy
47521,Fantasy
47520,Fantasy
47519,Comedy
47518,Comedy
47516,Adventure
47516,Fantasy
47515,Fantasy
47514,Fantasy
47513,Fantasy
47512,Fantasy
47511,Comedy
47510,Comedy
47509,Adventure
47506,Adventure
47506,Fantasy
47505,Adventure
47504,Comedy
47503,Comedy
47502,Comedy
47501,Comedy
47496,Fantasy
47495,Fantasy
47494,Fantasy
47492,Adventure
47492,Fantasy
47492,Sci-Fi
47491,Fantasy
47490,Fantasy
47489,Fantasy
47488,Fantasy
47487,Comedy
47486,Sci-Fi
47485,Adventure
47485,Fantasy
47484,Fantasy
47480,Fantasy
47477,Fantasy
47476,Adventure
47476,Fantasy
47475,Fantasy
47474,Fantasy
47473,Fantasy
47472,Fantasy
47471,Fantasy
47470,Fantasy
47469,Adventure
47469,Fantasy
47469,Sci-Fi
47468,Adventure
47468,Fantasy
47466,Adventure
47466,Fantasy
47466,Gourmet
47465,Adventure
47465,Fantasy
47465,Gourmet
47464,Fantasy
47464,Sci-Fi
47462,Sci-Fi
47460,Comedy
47460,Fantasy
47459,Fantasy
47458,Fantasy
47452,Comedy
47452,Fantasy
47451,Action
47451,Adventure
47451,Fantasy
47450,Action
47450,Adventure
47450,Fantasy
47449,Horror
47449,Supernatural
47448,Adventure
47448,Fantasy
47448,Sci-Fi
47443,Fantasy
47442,Fantasy
47441,Adventure
47441,Fantasy
47438,Action
47438,Adventure
47438,Sci-Fi
47430,Fantasy
47428,Adventure
47394,Comedy
47394,Fantasy
47393,Comedy
47393,Fantasy
47392,Comedy
47392,Fantasy
47386,Fantasy
47385,Fantasy
47384,Fantasy
47383,Fantasy
47382,Fantasy
47381,Fantasy
47380,Fantasy
47379,Fantasy
47378,Fantasy
47375,Comedy
47374,Fantasy
47373,Comedy
47373,Supernatural
47371,Fantasy
47368,Comedy
47367,Adventure
47367,Fantasy
47366,Comedy
47362,Fantasy
47361,Comedy
47360,Fantasy
47359,Fantasy
47358,Fantasy
47356,Comedy
47348,Adventure
47347,Comedy
47343,Fantasy
47335,Fantasy
47329,Comedy
47322,Fantasy
47321,Fantasy
47301,Horror
47301,Supernatural
47298,Fantasy
47294,Fantasy
47293,Fantasy
47292,Comedy
47292,Fantasy
47290,Adventure
47289,Fantasy
47288,Comedy
47288,Fantasy
47287,Comedy
47286,Adventure
47286,Fantasy
47285,Fantasy
47284,Fantasy
47283,Comedy
47282,Fantasy
47281,Fantasy
47279,Comedy
47278,Fantasy
47277,Comedy
47276,Comedy
47276,Fantasy
47275,Action
47275,Drama
47275,Supernatural
47274,Comedy
47274,Fantasy
47265,Adventure
47265,Comedy
47264,Adventure
47264,Comedy
47259,Adventure
47259,Fantasy
47258,Adventure
47258,Fantasy
47249,Action
47249,Comedy
47248,Comedy
47247,Comedy
47246,Comedy
47245,Comedy
47244,Comedy
47243,Sci-Fi
47241,Fantasy
47240,Fantasy
47239,Fantasy
47237,Adventure
47237,Fantasy
47236,Comedy
47234,Action
47234,Adventure
47234,Sci-Fi
47228,Action
47228,Adventure
47228,Fantasy
47228,Sci-Fi
47227,Action
47227,Adventure
47227,Sci-Fi
47226,Action
47226,Adventure
47226,Sci-Fi
47225,Comedy
47225,Fantasy
47219,Action
47219,Adventure
47219,Sci-Fi
47218,Action
47218,Adventure
47218,Sci-Fi
47217,Action
47217,Sci-Fi
47215,Adventure
47215,Sci-Fi
47214,Fantasy
47213,Fantasy
47212,Adventure
47211,Action
47211,Sci-Fi
47210,Adventure
47210,Fantasy
47209,Comedy
47208,Comedy
47203,Fantasy
47202,Comedy
47201,Fantasy
47200,Adventure
47200,Fantasy
47199,Adventure
47199,Fantasy
47191,Adventure
47190,Fantasy
47188,Fantasy
47187,Fantasy
47186,Fantasy
47185,Fantasy
47184,Fantasy
47156,Fantasy
47155,Fantasy
47147,Fantasy
47138,Fantasy
47133,Fantasy
47132,Fantasy
47130,Comedy
47121,Comedy
47120,Fantasy
47116,Comedy
47112,Fantasy
47111,Fantasy
47110,Sci-Fi
47104,Sports
47097,Fantasy
47094,Fantasy
47089,Fantasy
47088,Fantasy
47086,Fantasy
47082,Fantasy
47077,Comedy
47076,Comedy
47074,Comedy
47073,Comedy
47072,Comedy
47068,Comedy
47068,Sci-Fi
47056,Comedy
47055,Adventure
47055,Fantasy
47024,Fantasy
47017,Comedy
46994,Fantasy
46969,Fantasy
46968,Fantasy
46966,Fantasy
46965,Comedy
46962,Comedy
46959,Comedy
46958,Fantasy
46954,Comedy
46951,Comedy
46947,Fantasy
46944,Fantasy
46938,Fantasy
46937,Fantasy
46936,Comedy
46935,Comedy
46934,Fantasy
46933,Fantasy
46932,Fantasy
46931,Fantasy
46930,Fantasy
46929,Fantasy
46928,Fantasy
46927,Fantasy
46926,Fantasy
46921,Fantasy
46916,Comedy
46915,Comedy
46914,Comedy
46910,Drama
46907,Action
46907,Sci-Fi
46902,Adventure
46902,Fantasy
46898,Comedy
46892,Fantasy
46890,Fantasy
46888,Fantasy
46886,Fantasy
46882,Fantasy
46881,Fantasy
46880,Fantasy
46879,Fantasy
46873,Comedy
46871,Comedy
46870,Comedy
46869,Comedy
46868,Comedy
46867,Comedy
46866,Comedy
46865,Comedy
46864,Comedy
46862,Comedy
46860,Comedy
46859,Comedy
46857,Comedy
46856,Sports
46855,Sports
46854,Sports
46846,Action
46844,Fantasy
46810,Comedy
46787,Comedy
46786,Fantasy
46773,Fantasy
46771,Fantasy
46770,Fantasy
46769,Fantasy
46766,Fantasy
46765,Fantasy
46764,Fantasy
46763,Fantasy
46760,Fantasy
46757,Fantasy
46756,Fantasy
46755,Fantasy
46747,Fantasy
46746,Fantasy
46745,Adventure
46745,Fantasy
46742,Fantasy
46737,Fantasy
46737,Gourmet
46729,Comedy
46729,Horror
46687,Fantasy
46658,Action
46657,Action
46644,Comedy
46643,Comedy
46641,Fantasy
46531,Fantasy
46530,Fantasy
46529,Fantasy
46526,Fantasy
46522,Adventure
46520,Adventure
46514,Comedy
46507,Adventure
46504,Fantasy
46503,Fantasy
46501,Fantasy
46500,Fantasy
46499,Fantasy
46496,Fantasy
46495,Fantasy
46494,Fantasy
46485,Fantasy
46478,Sports
46474,Fantasy
46467,Fantasy
46464,Fantasy
46460,Fantasy
46457,Comedy
46456,Comedy
46453,Fantasy
46452,Fantasy
46451,Fantasy
46450,Fantasy
46449,Fantasy
46448,Fantasy
46447,Action
46447,Drama
46447,Supernatural
46446,Fantasy
46442,Fantasy
46441,Fantasy
46436,Fantasy
46430,Comedy
46426,Fantasy
46425,Fantasy
46424,Fantasy
46413,Fantasy
46410,Comedy
46408,Fantasy
46406,Fantasy
46405,Fantasy
46404,Fantasy
46403,Fantasy
46393,Comedy
46392,Fantasy
46392,Sports
46388,Sci-Fi
46386,Adventure
46386,Fantasy
46385,Comedy
46384,Comedy
46380,Fantasy
46376,Fantasy
46371,Fantasy
46368,Fantasy
46366,Fantasy
46364,Comedy
46364,Fantasy
46363,Comedy
46363,Fantasy
46361,Adventure
46361,Fantasy
46359,Comedy
46350,Fantasy
46347,Fantasy
46344,Comedy
46343,Comedy
46340,Fantasy
46339,Fantasy
46334,Fantasy
46332,Fantasy
46330,Fantasy
46329,Fantasy
46319,Fantasy
46304,Fantasy
46302,Fantasy
46301,Comedy
46298,Action
46298,Sci-Fi
46297,Fantasy
46296,Fantasy
46292,Fantasy
46291,Comedy
46291,Fantasy
46290,Fantasy
46286,Fantasy
46285,Fantasy
46280,Fantasy
46273,Fantasy
46271,Fantasy
46269,Comedy
46265,Fantasy
46264,Fantasy
46259,Adventure
46258,Fantasy
46257,Adventure
46257,Fantasy
46254,Fantasy
46253,Adventure
46253,Fantasy
46253,Sci-Fi
46252,Action
46252,Adventure
46250,Comedy
46249,Fantasy
46246,Fantasy
46244,Fantasy
46243,Fantasy
46241,Fantasy
46240,Fantasy
46237,Fantasy
46236,Fantasy
46232,Fantasy
46230,Fantasy
46228,Sports
46227,Fantasy
46225,Comedy
46224,Adventure
46223,Adventure
46212,Comedy
46207,Fantasy
46204,Fantasy
46203,Adventure
46203,Fantasy
46190,Comedy
46189,Fantasy
46185,Sci-Fi
46182,Fantasy
46180,Adventure
46180,Fantasy
46179,Fantasy
46167,Fantasy
46164,Adventure
46162,Fantasy
46148,Adventure
46144,Adventure
46144,Fantasy
46141,Fantasy
46132,Comedy
46127,Comedy
46078,Fantasy
46077,Fantasy
46076,Fantasy
46074,Fantasy
46070,Fantasy
46068,Sports
46064,Comedy
46061,Fantasy
46060,Fantasy
46059,Comedy
46059,Fantasy
46058,Fantasy
46057,Fantasy
46056,Comedy
46054,Fantasy
46053,Comedy
46052,Fantasy
46051,Comedy
46048,Fantasy
46047,Fantasy
46046,Comedy
46046,Fantasy
46045,Mystery
46043,Fantasy
46041,Comedy
46041,Fantasy
46039,Fantasy
46036,Comedy
46035,Comedy
46034,Comedy
46033,Comedy
46032,Comedy
46030,Comedy
46028,Comedy
46026,Comedy
46025,Adventure
46024,Comedy
46005,Comedy
45998,Adventure
45994,Fantasy
45991,Comedy
45990,Fantasy
45985,Fantasy
45984,Sports
45983,Fantasy
45981,Comedy
45978,Comedy
45975,Comedy
45974,Comedy
45969,Drama
45969,Romance
45968,Fantasy
45967,Comedy
45964,Fantasy
45962,Adventure
45962,Fantasy
45960,Fantasy
45960,Sci-Fi
45959,Fantasy
45959,Sci-Fi
45958,Fantasy
45957,Fantasy
45956,Fantasy
45953,Mystery
45952,Adventure
45952,Fantasy
45948,Drama
45945,Adventure
45938,Fantasy
45932,Adventure
45931,Adventure
45925,Fantasy
45924,Comedy
45909,Fantasy
45906,Fantasy
45899,Fantasy
45895,Comedy
45894,Comedy
45893,Fantasy
45891,Adventure
45891,Fantasy
45878,Fantasy
45857,Fantasy
45856,Horror
45853,Fantasy
45852,Fantasy
45851,Fantasy
45850,Fantasy
45848,Fantasy
45847,Fantasy
45846,Fantasy
45845,Fantasy
45844,Fantasy
45843,Fantasy
45839,Fantasy
45837,Fantasy
45835,Fantasy
45833,Fantasy
45832,Fantasy
45831,Fantasy
45818,Adventure
45818,Fantasy
45810,Adventure
45713,Fantasy
45712,Adventure
45710,Fantasy
45709,Fantasy
45700,Comedy
45695,Fantasy
45694,Fantasy
45693,Adventure
45693,Fantasy
45692,Fantasy
45691,Fantasy
45686,Adventure
45686,Sci-Fi
45513,Fantasy
45512,Fantasy
45511,Fantasy
45510,Fantasy
45509,Fantasy
45508,Fantasy
45507,Fantasy
45506,Fantasy
45505,Fantasy
45504,Fantasy
45503,Fantasy
45502,Fantasy
45501,Fantasy
45500,Fantasy
45499,Fantasy
45498,Fantasy
45497,Fantasy
45496,Fantasy
45495,Fantasy
45494,Fantasy
45492,Adventure
45490,Comedy
45485,Comedy
45484,Fantasy
45483,Fantasy
45482,Sci-Fi
45482,Sports
45481,Fantasy
45480,Fantasy
45479,Comedy
45476,Fantasy
45475,Fantasy
45474,Fantasy
45473,Fantasy
45472,Fantasy
45471,Fantasy
45470,Fantasy
45469,Adventure
45469,Fantasy
45468,Comedy
45466,Fantasy
45465,Adventure
45464,Fantasy
45460,Adventure
45459,Adventure
45458,Adventure
45456,Adventure
45455,Adventure
45453,Adventure
45443,Adventure
45443,Fantasy
45442,Fantasy
45441,Fantasy
45440,Fantasy
45437,Fantasy
45436,Fantasy
45435,Fantasy
45434,Fantasy
45433,Fantasy
45432,Fantasy
45428,Sci-Fi
45418,Fantasy
45417,Fantasy
45416,Adventure
45416,Fantasy
45415,Fantasy
45413,Fantasy
45412,Fantasy
45411,Fantasy
45410,Fantasy
45409,Fantasy
45408,Fantasy
45407,Fantasy
45406,Adventure
45406,Fantasy
45403,Adventure
45399,Comedy
45398,Comedy
45397,Comedy
45396,Comedy
45395,Comedy
45394,Comedy
45393,Comedy
45392,Comedy
45391,Comedy
45390,Comedy
45389,Comedy
45388,Comedy
45387,Comedy
45386,Comedy
45385,Comedy
45384,Comedy
45381,Fantasy
45380,Adventure
45380,Sci-Fi
45379,Fantasy
45378,Fantasy
45376,Fantasy
45374,Adventure
45371,Fantasy
45370,Fantasy
45369,Fantasy
45368,Fantasy
45367,Fantasy
45366,Fantasy
45365,Comedy
45365,Fantasy
45364,Comedy
45364,Fantasy
45363,Comedy
45362,Comedy
45361,Comedy
45360,Comedy
45359,Comedy
45358,Comedy
45357,Comedy
45356,Comedy
45355,Comedy
45351,Comedy
45348,Fantasy
45347,Comedy
45347,Fantasy
45345,Comedy
45345,Fantasy
45344,Comedy
45344,Fantasy
45339,Comedy
45337,Comedy
45335,Comedy
45334,Adventure
45333,Adventure
45330,Fantasy
45329,Fantasy
45328,Adventure
45328,Fantasy
45327,Fantasy
45313,Fantasy
45299,Fantasy
45297,Adventure
45297,Fantasy
45282,Adventure
45282,Fantasy
45281,Fantasy
45260,Action
45244,Adventure
45244,Fantasy
45243,Adventure
45243,Fantasy
45242,Adventure
45242,Fantasy
45241,Comedy
45240,Comedy
45239,Comedy
45238,Comedy
45237,Comedy
45235,Adventure
45235,Fantasy
45234,Fantasy
45233,Fantasy
45232,Fantasy
45225,Fantasy
45224,Fantasy
45223,Fantasy
45222,Fantasy
45221,Fantasy
45220,Comedy
45215,Drama
45214,Adventure
45214,Comedy
45214,Fantasy
45213,Adventure
45213,Fantasy
45209,Adventure
45209,Sci-Fi
45208,Adventure
45208,Fantasy
45206,Action
45206,Sci-Fi
45205,Adventure
45205,Comedy
45204,Comedy
45203,Adventure
45203,Fantasy
45203,Sci-Fi
45198,Adventure
45198,Fantasy
45197,Adventure
45197,Fantasy
45194,Fantasy
45192,Adventure
45192,Fantasy
45190,Fantasy
45189,Fantasy
45187,Sports
45181,Adventure
45179,Adventure
45179,Fantasy
45178,Adventure
45178,Fantasy
45177,Adventure
45177,Fantasy
45175,Adventure
45175,Fantasy
45174,Comedy
45173,Comedy
45154,Fantasy
45153,Fantasy
45152,Fantasy
45151,Fantasy
45149,Comedy
45148,Comedy
45147,Comedy
45146,Action
45146,Comedy
45145,Action
45145,Comedy
45144,Action
45144,Comedy
45143,Action
45143,Comedy
45133,Fantasy
45124,Fantasy
45121,Fantasy
45120,Action
45119,Adventure
45119,Comedy
45119,Fantasy
45118,Adventure
45118,Fantasy
45115,Adventure
45115,Fantasy
45114,Adventure
45114,Fantasy
45113,Adventure
45113,Fantasy
45113,Sci-Fi
45112,Adventure
45112,Fantasy
45111,Adventure
45111,Fantasy
45107,Fantasy
45105,Adventure
45105,Fantasy
45105,Sci-Fi
45104,Adventure
45104,Sci-Fi
45103,Action
45103,Adventure
45103,Sci-Fi
45102,Action
45102,Adventure
45102,Sci-Fi
45101,Fantasy
45100,Fantasy
45099,Adventure
45099,Fantasy
45098,Adventure
45098,Fantasy
45097,Comedy
45097,Fantasy
45096,Fantasy
45094,Fantasy
45093,Fantasy
45092,Adventure
45092,Fantasy
45091,Fantasy
45090,Adventure
45090,Fantasy
45089,Fantasy
45088,Adventure
45088,Fantasy
45085,Adventure
45085,Fantasy
45081,Adventure
45081,Fantasy
45079,Adventure
45079,Fantasy
45079,Sports
45075,Adventure
45075,Fantasy
45073,Adventure
45073,Sci-Fi
45072,Fantasy
45069,Adventure
45069,Fantasy
45069,Sports
45068,Mystery
45068,Sci-Fi
45067,Adventure
45067,Fantasy
45066,Adventure
45066,Fantasy
45065,Adventure
45065,Fantasy
45064,Adventure
45064,Fantasy
45063,Adventure
45063,Fantasy
45060,Adventure
45060,Fantasy
45059,Adventure
45059,Comedy
45059,Fantasy
45058,Action
45058,Sci-Fi
45056,Adventure
45056,Fantasy
45052,Adventure
45052,Fantasy
45051,Adventure
45051,Fantasy
45050,Adventure
45050,Fantasy
45049,Adventure
45049,Fantasy
45047,Adventure
45047,Fantasy
45046,Adventure
45046,Fantasy
45044,Adventure
45044,Fantasy
45043,Adventure
45043,Fantasy
45041,Romance
45039,Adventure
45039,Fantasy
45038,Adventure
45038,Fantasy
45037,Adventure
45037,Fantasy
45036,Adventure
45036,Fantasy
45034,Adventure
45034,Fantasy
45033,Adventure
45033,Fantasy
45032,Adventure
45032,Fantasy
45028,Action
45028,Sci-Fi
45027,Adventure
45027,Fantasy
45026,Adventure
45026,Fantasy
45024,Adventure
45024,Fantasy
45023,Fantasy
45022,Fantasy
45020,Fantasy
45019,Fantasy
45018,Fantasy
45017,Adventure
45017,Fantasy
45016,Fantasy
45015,Fantasy
45014,Adventure
45014,Fantasy
45012,Adventure
45012,Fantasy
45011,Adventure
45011,Fantasy
44979,Adventure
44979,Fantasy
44978,Adventure
44978,Fantasy
44977,Comedy
44977,Fantasy
44976,Comedy
44976,Fantasy
44975,Comedy
44975,Fantasy
44974,Comedy
44974,Fantasy
44973,Comedy
44973,Fantasy
44972,Adventure
44972,Fantasy
44971,Adventure
44971,Fantasy
44970,Adventure
44969,Adventure
44969,Fantasy
44967,Fantasy
44966,Adventure
44966,Fantasy
44965,Adventure
44965,Fantasy
44964,Adventure
44964,Fantasy
44963,Adventure
44963,Fantasy
44960,Adventure
44959,Adventure
44959,Fantasy
44958,Fantasy
44957,Adventure
44957,Fantasy
44953,Adventure
44953,Fantasy
44952,Fantasy
44951,Fantasy
44950,Adventure
44950,Fantasy
44948,Adventure
44948,Fantasy
44946,Adventure
44946,Fantasy
44943,Adventure
44943,Fantasy
44936,Adventure
44936,Fantasy
44935,Comedy
44929,Adventure
44929,Fantasy
44928,Fantasy
44927,Fantasy
44926,Fantasy
44925,Fantasy
44924,Fantasy
44923,Adventure
44923,Fantasy
44922,Adventure
44922,Fantasy
44921,Fantasy
44920,Fantasy
44919,Fantasy
44918,Fantasy
44917,Fantasy
44915,Adventure
44915,Fantasy
44914,Adventure
44914,Fantasy
44912,Adventure
44912,Fantasy
44911,Adventure
44911,Fantasy
44910,Adventure
44910,Fantasy
44910,Sci-Fi
44909,Adventure
44909,Fantasy
44908,Adventure
44908,Fantasy
44907,Adventure
44907,Fantasy
44906,Adventure
44906,Fantasy
44904,Adventure
44904,Fantasy
44903,Adventure
44903,Fantasy
44901,Adventure
44901,Fantasy
44901,Sci-Fi
44900,Action
44900,Adventure
44900,Fantasy
44900,Sci-Fi
44899,Action
44899,Adventure
44899,Fantasy
44899,Sci-Fi
44898,Adventure
44898,Fantasy
44897,Adventure
44897,Fantasy
44896,Adventure
44896,Fantasy
44895,Adventure
44890,Comedy
44890,Sci-Fi
44889,Adventure
44889,Fantasy
44887,Fantasy
44886,Fantasy
44885,Fantasy
44880,Adventure
44880,Fantasy
44879,Adventure
44879,Fantasy
44878,Adventure
44877,Adventure
44876,Adventure
44875,Adventure
44875,Fantasy
44872,Fantasy
44870,Action
44868,Comedy
44867,Fantasy
44866,Adventure
44866,Fantasy
44865,Adventure
44865,Fantasy
44863,Adventure
44863,Fantasy
44862,Comedy
44862,Fantasy
44861,Comedy
44861,Fantasy
44860,Comedy
44860,Fantasy
44857,Adventure
44857,Fantasy
44855,Adventure
44855,Fantasy
44854,Fantasy
44851,Fantasy
44850,Adventure
44850,Fantasy
44844,Adventure
44844,Fantasy
44843,Adventure
44843,Fantasy
44842,Adventure
44842,Fantasy
44838,Adventure
44838,Sports
44836,Adventure
44834,Fantasy
44833,Fantasy
44833,Romance
44832,Adventure
44832,Fantasy
44831,Adventure
44831,Fantasy
44830,Comedy
44829,Adventure
44829,Fantasy
44827,Fantasy
44825,Fantasy
44823,Adventure
44821,Adventure
44821,Fantasy
44820,Fantasy
44816,Adventure
44816,Fantasy
44815,Fantasy
44814,Fantasy
44813,Fantasy
44812,Fantasy
44811,Fantasy
44806,Adventure
44806,Fantasy
44803,Adventure
44803,Fantasy
44802,Adventure
44802,Fantasy
44801,Adventure
44801,Fantasy
44800,Adventure
44799,Fantasy
44798,Adventure
44798,Fantasy
44797,Adventure
44797,Fantasy
44797,Sci-Fi
44795,Fantasy
44794,Drama
44788,Fantasy
44787,Drama
44787,Fantasy
44786,Comedy
44782,Adventure
44782,Fantasy
44781,Adventure
44781,Fantasy
44779,Adventure
44779,Fantasy
44778,Adventure
44778,Fantasy
44777,Adventure
44777,Fantasy
44774,Adventure
44774,Fantasy
44773,Adventure
44773,Fantasy
44772,Adventure
44772,Fantasy
44771,Adventure
44771,Fantasy
44770,Adventure
44770,Fantasy
44768,Comedy
44768,Fantasy
44767,Comedy
44767,Fantasy
44766,Adventure
44766,Fantasy
44765,Action
44765,Adventure
44765,Fantasy
44764,Adventure
44764,Fantasy
44763,Adventure
44763,Fantasy
44762,Adventure
44762,Fantasy
44760,Adventure
44760,Fantasy
44758,Adventure
44758,Fantasy
44757,Adventure
44757,Fantasy
44755,Adventure
44755,Fantasy
44754,Fantasy
44753,Adventure
44753,Fantasy
44750,Fantasy
44749,Fantasy
44748,Adventure
44748,Fantasy
44747,Adventure
44746,Adventure
44746,Fantasy
44744,Sports
44743,Adventure
44743,Fantasy
44742,Adventure
44742,Fantasy
44741,Action
44741,Sci-Fi
44739,Adventure
44739,Fantasy
44737,Adventure
44737,Fantasy
44736,Adventure
44736,Fantasy
44734,Fantasy
44733,Fantasy
44732,Fantasy
44731,Fantasy
44729,Fantasy
44728,Fantasy
44727,Fantasy
44725,Fantasy
44725,Romance
44724,Fantasy
44723,Adventure
44723,Fantasy
44722,Adventure
44713,Fantasy
44712,Drama
44712,Fantasy
44712,Sports
44705,Fantasy
44700,Comedy
44699,Action
44699,Comedy
44699,Fantasy
44697,Fantasy
44696,Fantasy
44695,Adventure
44695,Fantasy
44693,Adventure
44692,Adventure
44692,Fantasy
44691,Adventure
44691,Fantasy
44689,Adventure
44689,Fantasy
44688,Fantasy
44688,Romance
44688,Sci-Fi
44686,Adventure
44683,Sci-Fi
44681,Romance
44680,Adventure
44680,Fantasy
44679,Comedy
44679,Fantasy
44678,Comedy
44677,Fantasy
44676,Comedy
44676,Fantasy
44674,Adventure
44674,Fantasy
44674,Sports
44673,Comedy
44673,Sports
44671,Drama
44670,Horror
44669,Adventure
44669,Drama
44669,Romance
44668,Adventure
44668,Fantasy
44667,Adventure
44667,Fantasy
44666,Adventure
44666,Fantasy
44665,Adventure
44665,Fantasy
44664,Adventure
44657,Fantasy
44657,Horror
44656,Fantasy
44654,Drama
44653,Fantasy
44652,Drama
44650,Adventure
44649,Fantasy
44641,Adventure
44641,Fantasy
44640,Adventure
44640,Fantasy
44639,Adventure
44639,Fantasy
44637,Fantasy
44637,Sports
44636,Adventure
44635,Adventure
50794,Drama
50794,Fantasy
50842,Comedy
44632,Avant Garde
44630,Fantasy
44625,Comedy
44623,Adventure
44623,Fantasy
44622,Adventure
44622,Fantasy
44620,Comedy
44618,Comedy
44614,Comedy
44613,Comedy
44612,Comedy
44611,Comedy
44610,Comedy
44609,Comedy
44597,Comedy
44596,Comedy
44595,Comedy
44582,Comedy
44581,Comedy
44580,Comedy
44577,Action
44577,Comedy
44576,Action
44576,Adventure
44576,Comedy
44574,Comedy
44574,Fantasy
44573,Comedy
44573,Fantasy
44565,Comedy
44560,Action
44560,Comedy
44560,Horror
44559,Comedy
44558,Comedy
44558,Fantasy
44557,Comedy
44557,Fantasy
44556,Horror
44556,Suspense
44555,Horror
44555,Suspense
44554,Horror
44554,Suspense
44553,Horror
44553,Suspense
44552,Horror
44552,Suspense
44551,Horror
44551,Suspense
44550,Comedy
44548,Comedy
44547,Comedy
44542,Comedy
44542,Fantasy
44541,Fantasy
44540,Slice of Life
44539,Slice of Life
44538,Slice of Life
44537,Slice of Life
44536,Slice of Life
44535,Slice of Life
44534,Slice of Life
44533,Slice of Life
44532,Slice of Life
44530,Adventure
44530,Comedy
44530,Fantasy
44529,Adventure
44529,Comedy
44529,Fantasy
44526,Comedy
44526,Fantasy
44525,Comedy
44525,Fantasy
44523,Comedy
44523,Fantasy
44522,Comedy
44522,Fantasy
44521,Comedy
44521,Fantasy
44520,Comedy
44520,Fantasy
44518,Comedy
44518,Fantasy
44517,Action
44509,Romance
44508,Romance
44507,Romance
44506,Romance
44505,Romance
44504,Comedy
44503,Comedy
44502,Comedy
44501,Comedy
44501,Fantasy
44500,Comedy
44500,Fantasy
44499,Comedy
44496,Sci-Fi
44495,Sci-Fi
44494,Sci-Fi
44487,Fantasy
44475,Fantasy
44474,Fantasy
44472,Fantasy
44471,Fantasy
44470,Fantasy
44469,Fantasy
44468,Fantasy
44467,Fantasy
44466,Sci-Fi
44465,Sci-Fi
44464,Sci-Fi
44462,Comedy
44461,Comedy
44460,Comedy
44450,Comedy
44449,Sci-Fi
44448,Sci-Fi
44447,Sci-Fi
44446,Sci-Fi
44445,Sci-Fi
44441,Sci-Fi
44440,Sci-Fi
44427,Adventure
44403,Adventure
44402,Adventure
44397,Action
44397,Sci-Fi
44396,Action
44396,Sci-Fi
44395,Action
44395,Sci-Fi
44394,Action
44394,Sci-Fi
44393,Action
44393,Sci-Fi
44382,Drama
44371,Comedy
44370,Gourmet
44369,Adventure
44368,Adventure
44366,Adventure
44365,Adventure
44365,Fantasy
44363,Fantasy
44358,Adventure
44353,Adventure
44353,Fantasy
44351,Adventure
44351,Fantasy
44350,Fantasy
44303,Action
44303,Adventure
44303,Fantasy
44301,Action
44301,Sci-Fi
44300,Action
44300,Sci-Fi
44298,Action
44298,Sci-Fi
44297,Action
44297,Sci-Fi
44296,Action
44296,Sci-Fi
44295,Action
44295,Sci-Fi
44294,Action
44294,Sci-Fi
44293,Action
44293,Sci-Fi
44292,Action
44292,Sci-Fi
44287,Sci-Fi
44286,Adventure
44286,Fantasy
44285,Fantasy
44283,Fantasy
44282,Fantasy
44280,Fantasy
44278,Fantasy
44188,Adventure
44188,Fantasy
44187,Comedy
44185,Comedy
44184,Comedy
44182,Comedy
44181,Adventure
44181,Fantasy
44177,Fantasy
44176,Adventure
44176,Fantasy
44174,Fantasy
44170,Adventure
44169,Adventure
44168,Adventure
44138,Adventure
44138,Comedy
44137,Adventure
44137,Comedy
44136,Adventure
44136,Comedy
44135,Adventure
44135,Comedy
44133,Comedy
44133,Fantasy
44132,Comedy
44132,Fantasy
44130,Comedy
44128,Slice of Life
44123,Comedy
44123,Sci-Fi
44122,Comedy
44122,Sci-Fi
44121,Comedy
44121,Sci-Fi
44119,Comedy
44119,Sci-Fi
44118,Comedy
44118,Sci-Fi
44117,Comedy
44117,Sci-Fi
44116,Comedy
44116,Sci-Fi
44115,Comedy
44115,Sci-Fi
44114,Comedy
44114,Sci-Fi
44112,Comedy
44112,Sci-Fi
44111,Comedy
44111,Sci-Fi
44110,Comedy
44110,Sci-Fi
44109,Comedy
44109,Sci-Fi
44108,Comedy
44108,Sci-Fi
44105,Comedy
44105,Sci-Fi
44104,Comedy
44104,Sci-Fi
44103,Comedy
44103,Sci-Fi
44101,Comedy
44100,Comedy
44100,Fantasy
44035,Adventure
44035,Sci-Fi
44033,Action
44033,Adventure
44032,Action
44032,Sci-Fi
44017,Comedy
44016,Comedy
44015,Comedy
43977,Sci-Fi
43959,Adventure
43958,Adventure
43949,Comedy
43948,Adventure
43948,Fantasy
43948,Sci-Fi
43947,Comedy
43947,Fantasy
43943,Adventure
43937,Adventure
43935,Slice of Life
43934,Slice of Life
43933,Slice of Life
43931,Slice of Life
43930,Adventure
43930,Comedy
43929,Adventure
43929,Comedy
43928,Adventure
43928,Comedy
43927,Slice of Life
43926,Slice of Life
43925,Slice of Life
43924,Slice of Life
43923,Slice of Life
43922,Slice of Life
43920,Slice of Life
43909,Suspense
43908,Fantasy
43904,Drama
43903,Drama
43903,Fantasy
43899,Adventure
43899,Fantasy
43897,Fantasy
43896,Fantasy
43895,Fantasy
43894,Fantasy
43893,Fantasy
43892,Adventure
43892,Sci-Fi
43889,Adventure
43889,Comedy
43888,Adventure
43888,Mystery
43887,Comedy
43885,Comedy
43884,Comedy
43883,Comedy
43882,Comedy
43881,Comedy
43877,Adventure
43875,Adventure
43875,Sci-Fi
43872,Adventure
43871,Adventure
43871,Fantasy
43871,Sci-Fi
43868,Action
43868,Drama
43866,Comedy
43865,Fantasy
43864,Adventure
43863,Comedy
43861,Comedy
43860,Adventure
43860,Fantasy
43859,Adventure
43858,Adventure
43854,Adventure
43853,Comedy
43851,Drama
43850,Fantasy
43848,Fantasy
43845,Fantasy
43844,Fantasy
43843,Fantasy
43842,Fantasy
43841,Fantasy
43840,Adventure
43839,Slice of Life
43838,Fantasy
43837,Fantasy
43836,Fantasy
43834,Fantasy
43831,Fantasy
43830,Sci-Fi
43823,Fantasy
43696,Comedy
51037,Action
51037,Adventure
51037,Comedy
51037,Fantasy
43482,Avant Garde
43481,Avant Garde
43396,Drama
43396,Fantasy
43257,Adventure
43256,Adventure
43255,Adventure
43019,Action
43019,Sci-Fi
42726,Comedy
42645,Action
42645,Sci-Fi
42089,Fantasy
41880,Comedy
41880,Ecchi
41515,Action
41515,Sci-Fi
40867,Avant Garde
50970,Comedy
40008,Comedy
19999,Adventure
19999,Comedy
44606,Adventure
38717,Action
38717,Drama
38717,Sci-Fi
12181,Comedy
36759,Adventure
37097,Adventure
37097,Comedy
37100,Adventure
37100,Sci-Fi
37149,Adventure
37149,Fantasy
37149,Sci-Fi
37168,Comedy
38206,Action
38206,Comedy
38560,Slice of Life
36591,Fantasy
36428,Fantasy
36313,Sci-Fi
36265,Slice of Life
35710,Comedy
35085,Drama
7177,Comedy
34372,Comedy
8243,Adventure
8243,Fantasy
30931,Drama
30931,Fantasy
23097,Comedy
23613,Comedy
23613,Slice of Life
23899,Slice of Life
24269,Action
24269,Adventure
24269,Sci-Fi
24773,Comedy
25085,Adventure
25085,Slice of Life
25095,Adventure
26215,Drama
26221,Drama
26257,Drama
26273,Drama
26313,Drama
26345,Drama
26345,Fantasy
28021,Comedy
28021,Sci-Fi
28485,Drama
28543,Drama
28559,Drama
28563,Drama
28573,Drama
29487,Slice of Life
29842,Comedy
30134,Action
30134,Adventure
30154,Comedy
30154,Slice of Life
30235,Comedy
30349,Adventure
30349,Fantasy
30796,Comedy
30926,Drama
30933,Drama
30933,Fantasy
30976,Drama
31001,Drama
31003,Drama
31007,Drama
31009,Drama
31016,Drama
31463,Drama
31463,Slice of Life
31604,Comedy
50799,Comedy
50799,Fantasy
50799,Mystery
50529,Comedy
49549,Comedy
49509,Comedy
48251,Comedy
48251,Supernatural
47876,Fantasy
47675,Fantasy
47651,Adventure
32146,Comedy
32146,Slice of Life
32197,Comedy
38716,Action
38716,Drama
38716,Sci-Fi
38097,Sci-Fi
37169,Action
37169,Fantasy
36700,Fantasy
32269,Action
32269,Adventure
32269,Fantasy
32276,Comedy
35590,Comedy
32402,Comedy
32590,Action
32590,Comedy
33431,Comedy
33525,Sci-Fi
33823,Drama
33854,Comedy
33854,Slice of Life
34164,Comedy
34233,Comedy
34233,Horror
34233,Supernatural
34258,Adventure
34258,Fantasy
34258,Sci-Fi
34664,Sci-Fi
34693,Slice of Life
34756,Adventure
35026,Drama
35104,Supernatural
35125,Drama
35127,Drama
35242,Drama
35674,Adventure
35674,Drama
35691,Action
35691,Sci-Fi
35703,Supernatural
35722,Adventure
35799,Action
35817,Comedy
35855,Action
35855,Adventure
35855,Sci-Fi
35890,Comedy
35910,Action
35910,Sci-Fi
35912,Adventure
35912,Sports
35913,Adventure
35914,Comedy
35956,Adventure
35956,Fantasy
35957,Comedy
35963,Comedy
35985,Comedy
35985,Slice of Life
36002,Comedy
36003,Comedy
36003,Horror
36003,Supernatural
36015,Action
36015,Adventure
36015,Comedy
36015,Fantasy
36036,Action
36036,Adventure
36118,Sports
36127,Drama
36151,Slice of Life
36152,Horror
36152,Supernatural
36161,Sci-Fi
36221,Gourmet
36221,Slice of Life
36231,Adventure
36231,Comedy
36231,Fantasy
36234,Comedy
36261,Comedy
36261,Slice of Life
36273,Drama
36314,Sci-Fi
36443,Slice of Life
36464,Comedy
36486,Adventure
36486,Fantasy
36549,Adventure
36549,Fantasy
36551,Adventure
36551,Fantasy
36552,Comedy
36552,Sci-Fi
36559,Fantasy
36579,Comedy
36581,Comedy
36592,Action
36592,Drama
36611,Comedy
36619,Action
36619,Adventure
36619,Comedy
36619,Fantasy
36620,Comedy
36623,Comedy
36626,Comedy
36626,Slice of Life
36657,Fantasy
36705,Drama
36705,Romance
36734,Avant Garde
36735,Comedy
36736,Comedy
36740,Action
36740,Sci-Fi
36748,Adventure
36771,Action
36771,Comedy
36771,Romance
36843,Drama
36851,Slice of Life
36866,Sci-Fi
36881,Comedy
36905,Comedy
36947,Comedy
36964,Adventure
36964,Comedy
37020,Comedy
37054,Comedy
37098,Adventure
37098,Comedy
37101,Adventure
37101,Comedy
37102,Adventure
37102,Comedy
37115,Comedy
37117,Adventure
37133,Slice of Life
37144,Comedy
37146,Award Winning
37167,Comedy
37187,Action
37187,Adventure
37187,Fantasy
37219,Comedy
37225,Fantasy
37228,Adventure
37241,Comedy
37244,Comedy
37244,Sci-Fi
37246,Slice of Life
37263,Slice of Life
37267,Adventure
37280,Drama
37280,Romance
37284,Comedy
37325,Comedy
37326,Comedy
37335,Comedy
37359,Comedy
37365,Mystery
37428,Adventure
37428,Fantasy
37467,Slice of Life
37472,Adventure
37472,Fantasy
37482,Adventure
37482,Fantasy
37482,Slice of Life
37485,Slice of Life
37554,Comedy
37554,Fantasy
37554,Slice of Life
37560,Comedy
37591,Fantasy
37630,Comedy
37630,Sci-Fi
37630,Slice of Life
37640,Comedy
37647,Comedy
37647,Slice of Life
37653,Comedy
37667,Horror
37667,Supernatural
37678,Comedy
37698,Slice of Life
37751,Adventure
37752,Adventure
37780,Comedy
37780,Slice of Life
37798,Adventure
37798,Fantasy
37801,Slice of Life
37816,Comedy
37827,Comedy
37851,Comedy
37851,Slice of Life
37852,Slice of Life
37875,Sci-Fi
37904,Gourmet
37904,Slice of Life
37927,Comedy
37929,Comedy
37978,Fantasy
37978,Slice of Life
38001,Comedy
38001,Slice of Life
38007,Comedy
38007,Fantasy
38007,Slice of Life
38008,Comedy
38008,Slice of Life
38010,Comedy
38010,Fantasy
38018,Comedy
38060,Slice of Life
38069,Adventure
38069,Sports
38092,Adventure
38093,Action
38093,Sci-Fi
38100,Drama
38100,Romance
38114,Action
38114,Sci-Fi
38117,Sci-Fi
38118,Sci-Fi
38119,Sci-Fi
38119,Sports
38120,Sci-Fi
38120,Sports
38121,Fantasy
38121,Sci-Fi
38122,Fantasy
38122,Sci-Fi
38123,Sci-Fi
38124,Sci-Fi
38125,Action
38125,Sci-Fi
38126,Sci-Fi
38127,Sci-Fi
38128,Sci-Fi
38129,Sci-Fi
38131,Sci-Fi
38132,Sci-Fi
38133,Sci-Fi
38134,Sci-Fi
38135,Adventure
38135,Sci-Fi
38136,Sci-Fi
38137,Sci-Fi
38138,Sci-Fi
38138,Sports
38140,Adventure
38140,Sci-Fi
38147,Adventure
38147,Slice of Life
38164,Romance
38166,Adventure
38174,Adventure
38174,Sci-Fi
38246,Comedy
38272,Comedy
38272,Romance
38299,Comedy
38299,Slice of Life
38312,Action
38312,Sci-Fi
38348,Horror
38352,Comedy
38365,Action
38365,Comedy
38365,Fantasy
38365,Sci-Fi
38384,Comedy
38398,Comedy
38403,Drama
38403,Romance
38420,Slice of Life
38427,Comedy
38484,Adventure
38484,Fantasy
38538,Adventure
38538,Fantasy
38557,Action
38557,Adventure
38557,Fantasy
38557,Supernatural
38561,Comedy
38561,Drama
38561,Romance
38568,Comedy
38569,Comedy
38570,Comedy
38571,Comedy
38579,Horror
38643,Slice of Life
38705,Sci-Fi
38729,Drama
38743,Adventure
38743,Fantasy
36419,Action
36419,Fantasy
34990,Fantasy
35698,Sports
36506,Fantasy
22669,Action
22669,Comedy
29427,Adventure
29427,Fantasy
35478,Comedy
35478,Slice of Life
47620,Comedy
47621,Comedy
47624,Comedy
47626,Comedy
47627,Comedy
35695,Fantasy
47814,Comedy
47815,Comedy
47816,Comedy
33398,Comedy
50790,Comedy
35641,Adventure
35641,Comedy
35633,Adventure
35633,Fantasy
35627,Drama
35627,Romance
35621,Fantasy
35619,Slice of Life
35618,Fantasy
35611,Slice of Life
38821,Romance
35605,Sports
38828,Comedy
38847,Avant Garde
35579,Comedy
38848,Avant Garde
35577,Comedy
35576,Comedy
35575,Comedy
35574,Comedy
35574,Sports
35563,Slice of Life
22755,Comedy
35545,Adventure
38861,Avant Garde
38862,Avant Garde
35538,Adventure
35538,Comedy
38867,Avant Garde
38868,Avant Garde
38869,Avant Garde
38870,Avant Garde
35529,Drama
35529,Sports
38871,Avant Garde
35528,Drama
35528,Sports
38872,Avant Garde
38873,Avant Garde
38874,Avant Garde
35521,Action
35521,Sci-Fi
38875,Avant Garde
35520,Action
35520,Sci-Fi
35519,Comedy
38876,Avant Garde
35517,Comedy
38877,Avant Garde
38878,Avant Garde
35513,Comedy
38881,Comedy
38881,Slice of Life
35508,Adventure
35508,Fantasy
35496,Horror
35495,Adventure
35495,Drama
35490,Fantasy
35489,Fantasy
35488,Fantasy
35476,Adventure
35455,Comedy
35455,Sports
35452,Comedy
35444,Supernatural
38919,Adventure
38919,Fantasy
38919,Supernatural
38931,Fantasy
38931,Slice of Life
22421,Fantasy
22391,Avant Garde
35385,Comedy
35368,Romance
35345,Comedy
35331,Comedy
35319,Horror
35317,Comedy
35317,Slice of Life
35309,Comedy
35309,Slice of Life
35308,Comedy
35308,Slice of Life
35307,Comedy
35307,Slice of Life
35306,Comedy
35306,Slice of Life
39002,Comedy
39002,Fantasy
35305,Comedy
35305,Slice of Life
39003,Comedy
39007,Comedy
39012,Sci-Fi
35297,Comedy
35297,Fantasy
35295,Comedy
35295,Sci-Fi
35295,Slice of Life
35287,Comedy
35287,Slice of Life
35283,Comedy
35281,Fantasy
35277,Drama
35274,Drama
39028,Comedy
39028,Sci-Fi
39029,Supernatural
35270,Comedy
35266,Fantasy
35266,Horror
39031,Comedy
39033,Comedy
39034,Sci-Fi
39036,Comedy
35243,Drama
39040,Action
39040,Adventure
39040,Comedy
39040,Fantasy
39047,Comedy
35234,Comedy
35233,Comedy
35227,Comedy
35226,Comedy
35205,Comedy
35205,Sci-Fi
39090,Drama
35171,Fantasy
35169,Fantasy
35167,Sci-Fi
39101,Sci-Fi
35155,Drama
35153,Fantasy
35150,Sci-Fi
35149,Drama
35147,Drama
35142,Comedy
39109,Drama
39110,Slice of Life
35140,Comedy
35140,Horror
35140,Supernatural
35138,Action
35138,Sci-Fi
35133,Comedy
35131,Fantasy
35130,Drama
39119,Adventure
39119,Fantasy
35126,Drama
39123,Adventure
39123,Fantasy
35123,Drama
35112,Comedy
35100,Drama
35099,Drama
35098,Fantasy
35095,Drama
35093,Drama
35091,Drama
35090,Fantasy
35084,Fantasy
35074,Adventure
35074,Comedy
39152,Sci-Fi
35071,Comedy
35061,Fantasy
35060,Horror
35053,Fantasy
35052,Fantasy
35051,Adventure
35051,Fantasy
35051,Supernatural
35050,Fantasy
35049,Adventure
35049,Fantasy
35049,Romance
35049,Supernatural
35047,Drama
35042,Sci-Fi
35041,Sci-Fi
35039,Fantasy
35035,Supernatural
35034,Supernatural
35031,Drama
35030,Drama
35027,Drama
35025,Sports
35024,Drama
35023,Drama
35022,Drama
35021,Drama
35020,Drama
35008,Fantasy
35004,Slice of Life
39189,Action
39190,Comedy
39192,Adventure
39192,Fantasy
39197,Adventure
39197,Slice of Life
34960,Comedy
34949,Comedy
20797,Slice of Life
34928,Comedy
34928,Sci-Fi
34926,Drama
34919,Comedy
34918,Comedy
34892,Adventure
34891,Comedy
34871,Comedy
34871,Fantasy
34850,Avant Garde
34850,Comedy
34841,Comedy
34841,Slice of Life
34841,Supernatural
34831,Comedy
34831,Slice of Life
39272,Fantasy
39272,Romance
34826,Fantasy
34826,Slice of Life
34794,Comedy
34779,Action
34779,Fantasy
34755,Comedy
39307,Supernatural
39308,Sci-Fi
39308,Supernatural
34744,Drama
34744,Slice of Life
39309,Sci-Fi
34726,Slice of Life
34724,Comedy
34724,Fantasy
34718,Avant Garde
34711,Slice of Life
39328,Comedy
39328,Fantasy
34707,Sports
19989,Action
19989,Sci-Fi
34701,Action
34701,Comedy
34698,Comedy
34698,Supernatural
34697,Comedy
34697,Slice of Life
34696,Comedy
34696,Supernatural
34695,Sports
34694,Sports
34692,Slice of Life
34689,Drama
34689,Supernatural
39343,Comedy
39343,Slice of Life
34688,Drama
34688,Supernatural
39344,Comedy
39344,Slice of Life
34683,Adventure
34683,Sci-Fi
34677,Comedy
34676,Comedy
19907,Drama
34674,Horror
34674,Suspense
39351,Adventure
34673,Action
34673,Sci-Fi
39352,Sports
34667,Adventure
34665,Adventure
39358,Sci-Fi
39359,Sci-Fi
39361,Sci-Fi
39364,Drama
39364,Romance
39368,Sci-Fi
34630,Comedy
39374,Fantasy
39378,Drama
34592,Fantasy
39384,Fantasy
39405,Fantasy
34531,Comedy
34528,Fantasy
39412,Adventure
34527,Adventure
34490,Comedy
39428,Sci-Fi
34488,Comedy
34488,Sci-Fi
34486,Action
34486,Fantasy
39430,Comedy
39430,Slice of Life
39435,Comedy
39435,Fantasy
39435,Mystery
39436,Comedy
39436,Slice of Life
19325,Adventure
34458,Fantasy
19311,Adventure
34456,Comedy
39454,Sci-Fi
39454,Supernatural
39455,Supernatural
34417,Avant Garde
34416,Adventure
34416,Comedy
34416,Fantasy
34370,Comedy
34369,Comedy
39505,Sports
34363,Slice of Life
34358,Slice of Life
34356,Comedy
34355,Comedy
34353,Comedy
34342,Drama
18943,Adventure
18943,Comedy
18943,Fantasy
39528,Comedy
39528,Sci-Fi
39528,Slice of Life
34309,Comedy
34309,Supernatural
39540,Avant Garde
39546,Comedy
39546,Fantasy
39559,Romance
39559,Ecchi
34264,Comedy
34261,Adventure
34261,Fantasy
34259,Comedy
34249,Adventure
34248,Action
34248,Adventure
34237,Sci-Fi
34235,Comedy
34234,Comedy
34225,Fantasy
34224,Slice of Life
34207,Comedy
34205,Comedy
34201,Drama
34201,Slice of Life
34193,Fantasy
34192,Fantasy
34191,Fantasy
34190,Fantasy
34189,Fantasy
34188,Fantasy
34187,Fantasy
34184,Drama
34166,Comedy
34163,Comedy
34151,Action
34151,Adventure
34151,Fantasy
34151,Romance
39628,Comedy
39634,Action
39634,Drama
39635,Comedy
34114,Drama
34114,Fantasy
18341,Comedy
18341,Sports
34113,Drama
34112,Drama
18331,Action
18331,Adventure
18331,Fantasy
18321,Action
18321,Adventure
18321,Drama
18321,Fantasy
34091,Comedy
34091,Slice of Life
39664,Comedy
34078,Slice of Life
39677,Comedy
39677,Fantasy
39677,Supernatural
39679,Action
39679,Adventure
39679,Fantasy
39685,Adventure
39686,Adventure
34005,Adventure
33980,Drama
33946,Comedy
33933,Comedy
33916,Comedy
33913,Comedy
30151,Comedy
30151,Slice of Life
38025,Comedy
39754,Action
39754,Adventure
39754,Fantasy
33897,Drama
33896,Drama
33895,Drama
33894,Drama
39778,Action
39778,Sci-Fi
37850,Comedy
37850,Slice of Life
33864,Comedy
39798,Sci-Fi
33857,Comedy
33856,Comedy
33849,Comedy
33843,Comedy
39820,Adventure
39827,Fantasy
33835,Comedy
33831,Drama
33824,Drama
39839,Comedy
33822,Drama
33821,Drama
35312,Comedy
35312,Slice of Life
39851,Comedy
39851,Fantasy
33792,Adventure
33789,Comedy
33789,Slice of Life
33787,Comedy
33782,Comedy
33782,Slice of Life
33773,Adventure
33773,Fantasy
33772,Adventure
33772,Fantasy
33763,Adventure
33763,Fantasy
33762,Adventure
33762,Fantasy
33756,Action
33756,Fantasy
33756,Supernatural
33753,Comedy
39895,Slice of Life
39906,Action
39906,Adventure
39906,Fantasy
35311,Comedy
35311,Slice of Life
33717,Drama
33717,Fantasy
33717,Mystery
33706,Comedy
33706,Sci-Fi
33703,Action
33703,Fantasy
33671,Action
33671,Adventure
33670,Action
33670,Adventure
33662,Comedy
33662,Sci-Fi
33662,Supernatural
33630,Adventure
33630,Fantasy
33630,Sci-Fi
33604,Adventure
33604,Fantasy
33603,Adventure
33603,Fantasy
33602,Adventure
33602,Fantasy
33601,Action
33601,Adventure
33601,Fantasy
39978,Comedy
33600,Action
33600,Adventure
33600,Fantasy
33599,Adventure
33599,Fantasy
33583,Fantasy
33571,Comedy
33533,Comedy
33533,Sports
33528,Fantasy
40029,Comedy
40030,Adventure
33501,Comedy
40036,Sci-Fi
33480,Adventure
33479,Slice of Life
33465,Action
33465,Adventure
33465,Comedy
33465,Fantasy
33415,Comedy
33414,Comedy
40088,Comedy
33388,Adventure
33387,Comedy
33387,Fantasy
33383,Action
33383,Adventure
40091,Fantasy
40092,Fantasy
40103,Action
40103,Adventure
40103,Comedy
40103,Fantasy
33349,Fantasy
33320,Award Winning
33310,Adventure
33310,Comedy
33300,Comedy
40141,Comedy
40142,Comedy
40142,Mystery
40142,Sci-Fi
40142,Supernatural
33290,Comedy
33267,Adventure
33267,Fantasy
33262,Fantasy
33239,Drama
33239,Slice of Life
33237,Drama
40182,Action
40182,Adventure
40182,Fantasy
40182,Sci-Fi
33199,Comedy
33196,Comedy
33188,Comedy
33188,Slice of Life
33175,Romance
33174,Slice of Life
40223,Slice of Life
33154,Drama
33154,Supernatural
33154,Suspense
15957,Comedy
40244,Adventure
40244,Fantasy
33136,Fantasy
33135,Fantasy
33134,Fantasy
33133,Fantasy
33132,Fantasy
33123,Comedy
33099,Comedy
33099,Sci-Fi
33099,Slice of Life
33085,Comedy
33078,Comedy
33002,Comedy
40342,Comedy
32944,Comedy
40365,Comedy
32926,Adventure
32926,Comedy
32926,Fantasy
32916,Comedy
32916,Slice of Life
40368,Adventure
40368,Comedy
40368,Fantasy
32897,Drama
32892,Comedy
32885,Action
32885,Sci-Fi
32876,Comedy
40423,Slice of Life
40427,Drama
32842,Comedy
32835,Comedy
32835,Sports
32834,Comedy
32823,Adventure
32823,Comedy
40437,Fantasy
40437,Slice of Life
32821,Comedy
40439,Adventure
40439,Comedy
40440,Adventure
40440,Comedy
40455,Slice of Life
32797,Adventure
32797,Comedy
32797,Fantasy
32796,Adventure
32796,Comedy
32796,Fantasy
32773,Adventure
32773,Comedy
40479,Adventure
40479,Slice of Life
40482,Comedy
40482,Fantasy
40484,Action
40484,Mystery
40487,Comedy
40487,Fantasy
32738,Comedy
32733,Comedy
32733,Slice of Life
32716,Fantasy
32716,Supernatural
32676,Comedy
32676,Fantasy
32660,Fantasy
32646,Drama
32629,Sci-Fi
32628,Adventure
32628,Drama
32621,Adventure
32621,Fantasy
32596,Adventure
32596,Comedy
32596,Fantasy
32585,Adventure
32580,Adventure
32580,Fantasy
32568,Sci-Fi
40589,Comedy
32559,Comedy
32419,Comedy
32418,Comedy
32417,Comedy
40633,Drama
40636,Action
40636,Adventure
40636,Comedy
40636,Fantasy
40644,Fantasy
40644,Slice of Life
40644,Supernatural
32369,Adventure
32369,Fantasy
40673,Avant Garde
40674,Avant Garde
32310,Comedy
32275,Comedy
32270,Action
32270,Adventure
32270,Fantasy
32252,Comedy
32226,Avant Garde
32147,Comedy
32147,Slice of Life
32145,Comedy
32145,Slice of Life
32143,Comedy
32143,Slice of Life
32143,Supernatural
32136,Action
32136,Adventure
32136,Comedy
40768,Sci-Fi
32014,Adventure
32014,Fantasy
40808,Adventure
31971,Slice of Life
31948,Action
31948,Drama
40832,Comedy
40832,Fantasy
40832,Sports
31903,Comedy
31893,Adventure
31893,Fantasy
31892,Adventure
31892,Fantasy
40844,Adventure
40844,Fantasy
31868,Adventure
31868,Comedy
40863,Comedy
40863,Fantasy
40863,Mystery
40888,Comedy
31753,Slice of Life
31746,Comedy
31700,Action
31697,Slice of Life
31696,Slice of Life
40939,Comedy
31693,Sports
31691,Comedy
31690,Comedy
40953,Comedy
40953,Slice of Life
31672,Adventure
31672,Comedy
31672,Fantasy
31672,Slice of Life
31667,Comedy
31667,Fantasy
31642,Comedy
31640,Adventure
41027,Adventure
41027,Comedy
41028,Comedy
41028,Fantasy
11733,Comedy
31562,Fantasy
41054,Comedy
41076,Comedy
41079,Adventure
41079,Fantasy
41081,Adventure
41081,Fantasy
41097,Slice of Life
41101,Slice of Life
31465,Comedy
31465,Sports
31464,Comedy
31464,Sports
41111,Comedy
41111,Sports
41112,Comedy
41113,Comedy
31436,Comedy
41114,Comedy
41115,Adventure
41116,Comedy
41116,Drama
41117,Drama
41118,Comedy
41118,Drama
41119,Comedy
41119,Drama
41136,Comedy
41136,Slice of Life
31369,Comedy
31361,Comedy
31361,Slice of Life
41156,Comedy
41158,Comedy
41159,Comedy
41160,Comedy
41161,Comedy
31317,Comedy
41184,Comedy
31255,Comedy
31239,Comedy
31237,Comedy
31237,Sports
31235,Drama
41199,Action
41199,Comedy
41199,Fantasy
31205,Adventure
31205,Fantasy
31177,Sports
41218,Adventure
41218,Comedy
41250,Comedy
41250,Fantasy
41250,Slice of Life
31135,Avant Garde
31129,Drama
41277,Fantasy
31052,Adventure
31052,Comedy
31034,Comedy
31033,Comedy
31020,Comedy
31019,Comedy
31019,Slice of Life
31017,Drama
31015,Drama
31008,Drama
31005,Drama
31004,Drama
31002,Drama
31000,Drama
30999,Drama
30998,Drama
30998,Sports
30997,Drama
30989,Comedy
30982,Drama
30981,Drama
30980,Drama
30979,Drama
30979,Fantasy
30978,Drama
30977,Drama
30975,Drama
30974,Drama
30970,Drama
30970,Fantasy
30970,Romance
30970,Supernatural
30968,Sports
30961,Slice of Life
30960,Horror
30960,Sci-Fi
30958,Supernatural
30957,Fantasy
30944,Adventure
30944,Drama
30943,Drama
41415,Action
41415,Sci-Fi
41416,Adventure
41416,Comedy
41416,Sci-Fi
30941,Drama
30940,Drama
41417,Action
41417,Sci-Fi
30939,Drama
30938,Drama
30935,Drama
30932,Drama
30932,Fantasy
30930,Drama
30929,Drama
30929,Fantasy
30928,Drama
30927,Drama
30927,Fantasy
41440,Comedy
41440,Supernatural
30914,Sports
30906,Slice of Life
30893,Comedy
30875,Comedy
30875,Sci-Fi
30875,Slice of Life
30873,Action
30873,Comedy
30873,Fantasy
30873,Sci-Fi
41475,Action
41475,Adventure
41494,Action
41494,Fantasy
30765,Drama
30764,Drama
30763,Drama
30762,Slice of Life
30761,Fantasy
30759,Drama
41504,Comedy
41504,Horror
30752,Comedy
41509,Slice of Life
41522,Comedy
41522,Sci-Fi
41522,Slice of Life
41546,Action
41546,Comedy
41546,Fantasy
30605,Comedy
30602,Comedy
30582,Comedy
30556,Comedy
41609,Comedy
30530,Adventure
30530,Comedy
30512,Comedy
41635,Sci-Fi
30457,Comedy
10237,Adventure
41686,Comedy
30417,Comedy
30411,Comedy
30409,Fantasy
30407,Avant Garde
41734,Action
41734,Comedy
30378,Slice of Life
41776,Comedy
41776,Fantasy
41776,Mystery
41777,Comedy
41777,Fantasy
41777,Mystery
41778,Comedy
41778,Fantasy
41778,Mystery
30362,Sci-Fi
30343,Adventure
30343,Fantasy
30342,Comedy
30342,Slice of Life
41808,Fantasy
41813,Comedy
41822,Comedy
41822,Sci-Fi
30268,Action
30267,Comedy
30267,Slice of Life
30232,Comedy
30232,Fantasy
30228,Action
30228,Sci-Fi
41942,Sci-Fi
41951,Comedy
41951,Fantasy
41951,Sports
42008,Fantasy
42009,Fantasy
42033,Action
42033,Adventure
42033,Comedy
42033,Fantasy
30176,Adventure
42061,Comedy
42068,Slice of Life
42070,Action
42070,Adventure
42070,Fantasy
30150,Comedy
30150,Slice of Life
30149,Comedy
30149,Slice of Life
30148,Comedy
30148,Slice of Life
42083,Comedy
42083,Slice of Life
42090,Slice of Life
30140,Adventure
30138,Comedy
42111,Comedy
30121,Adventure
30120,Adventure
30118,Slice of Life
30117,Adventure
9821,Comedy
42144,Action
42144,Adventure
42144,Comedy
42144,Fantasy
42146,Action
42146,Adventure
42146,Comedy
42146,Fantasy
42153,Action
42153,Sci-Fi
42164,Comedy
42170,Slice of Life
42172,Comedy
42172,Romance
42179,Comedy
42179,Slice of Life
42181,Comedy
42183,Action
42183,Adventure
42183,Fantasy
42183,Romance
30064,Fantasy
42191,Adventure
42191,Fantasy
42191,Sci-Fi
30060,Action
30060,Adventure
30060,Fantasy
42193,Drama
30057,Adventure
30057,Comedy
30057,Fantasy
42198,Comedy
42198,Slice of Life
30052,Comedy
30051,Comedy
30049,Slice of Life
30048,Adventure
30048,Comedy
30048,Slice of Life
42214,Fantasy
42214,Romance
30036,Romance
30034,Adventure
42215,Action
42215,Adventure
42215,Sci-Fi
30029,Adventure
30029,Comedy
30029,Fantasy
30029,Sci-Fi
30029,Supernatural
30027,Adventure
30027,Fantasy
30027,Supernatural
30026,Comedy
30024,Drama
42235,Fantasy
29999,Sci-Fi
29987,Avant Garde
29986,Avant Garde
29985,Avant Garde
42262,Comedy
42263,Adventure
42263,Comedy
42263,Sci-Fi
42264,Adventure
42264,Comedy
42264,Sci-Fi
29953,Avant Garde
42286,Drama
42286,Fantasy
42292,Action
42292,Adventure
42292,Fantasy
42296,Mystery
42297,Romance
42297,Supernatural
29901,Comedy
29901,Fantasy
42320,Action
42320,Comedy
42320,Fantasy
29889,Comedy
29886,Adventure
29886,Fantasy
42328,Comedy
42329,Action
42329,Adventure
42329,Comedy
42329,Mystery
42330,Comedy
42330,Slice of Life
42331,Comedy
42331,Slice of Life
42332,Comedy
42332,Fantasy
42333,Slice of Life
42339,Action
42339,Adventure
42339,Sci-Fi
42345,Comedy
42345,Slice of Life
29851,Comedy
42346,Comedy
29846,Comedy
9371,Adventure
9371,Fantasy
9371,Mystery
29844,Comedy
29843,Comedy
29836,Comedy
29832,Adventure
9351,Comedy
9351,Drama
9351,Romance
42366,Fantasy
42367,Fantasy
42372,Fantasy
42373,Fantasy
9339,Comedy
9334,Comedy
42397,Comedy
42400,Comedy
29750,Comedy
29749,Comedy
29748,Comedy
29747,Comedy
29746,Comedy
29743,Slice of Life
29742,Slice of Life
29741,Sci-Fi
29733,Adventure
42446,Comedy
42446,Fantasy
42447,Comedy
42447,Fantasy
42448,Comedy
42448,Fantasy
29719,Avant Garde
29713,Avant Garde
29712,Avant Garde
29711,Avant Garde
29709,Avant Garde
42456,Action
29708,Avant Garde
42457,Comedy
42458,Comedy
42460,Action
42460,Adventure
42460,Sci-Fi
42463,Comedy
42464,Action
42465,Action
42465,Fantasy
42466,Action
42466,Adventure
42466,Comedy
42468,Action
42485,Adventure
42485,Drama
42485,Fantasy
9070,Comedy
29549,Fantasy
29547,Fantasy
42513,Comedy
42513,Slice of Life
29541,Fantasy
29537,Fantasy
29529,Adventure
29529,Drama
29529,Fantasy
29529,Romance
29529,Supernatural
29527,Adventure
29527,Drama
29527,Fantasy
29527,Romance
29527,Supernatural
42522,Action
42540,Comedy
42542,Comedy
29499,Fantasy
29497,Sci-Fi
42547,Comedy
8959,Comedy
42550,Sci-Fi
29493,Adventure
29491,Fantasy
29485,Fantasy
8955,Action
8955,Adventure
8955,Comedy
8955,Fantasy
8955,Sci-Fi
29473,Adventure
29473,Slice of Life
42585,Avant Garde
29471,Slice of Life
29469,Fantasy
29469,Slice of Life
29467,Adventure
29445,Comedy
29433,Fantasy
29431,Sports
29425,Adventure
29423,Adventure
29403,Mystery
29399,Adventure
8879,Action
8879,Adventure
8879,Sci-Fi
29389,Adventure
29387,Adventure
29385,Slice of Life
29383,Avant Garde
29383,Award Winning
29383,Sci-Fi
29381,Avant Garde
29381,Sci-Fi
29373,Adventure
29371,Adventure
29371,Sci-Fi
29369,Fantasy
29365,Drama
29361,Comedy
29359,Comedy
42660,Comedy
29351,Comedy
42667,Drama
42667,Romance
42667,Sci-Fi
29275,Mystery
8749,Comedy
42698,Comedy
29209,Slice of Life
29099,Comedy
29099,Sci-Fi
29099,Slice of Life
8685,Supernatural
42760,Action
42760,Adventure
42761,Action
42761,Adventure
29003,Slice of Life
42765,Action
42765,Adventure
42766,Action
42766,Adventure
28965,Comedy
42792,Romance
28887,Comedy
42799,Slice of Life
8595,Adventure
8595,Comedy
8595,Fantasy
42805,Action
42805,Drama
42805,Suspense
8567,Award Winning
8567,Fantasy
42815,Adventure
42815,Fantasy
42834,Adventure
42835,Action
42835,Adventure
42835,Fantasy
8522,Comedy
8522,Sports
8521,Comedy
8520,Comedy
42840,Slice of Life
8501,Comedy
8501,Supernatural
8492,Fantasy
42876,Comedy
42876,Fantasy
28585,Drama
28583,Drama
28581,Drama
28579,Drama
28579,Fantasy
28577,Drama
28575,Drama
28571,Drama
33438,Action
33438,Supernatural
28569,Drama
28569,Fantasy
28567,Drama
28565,Drama
8417,Comedy
28561,Drama
28555,Drama
28555,Fantasy
28553,Drama
28553,Fantasy
28551,Drama
28549,Drama
28547,Drama
28545,Drama
28489,Comedy
28489,Horror
28489,Sports
28483,Drama
28427,Comedy
8353,Comedy
8346,Fantasy
8346,Slice of Life
42922,Sci-Fi
8345,Award Winning
8345,Slice of Life
28361,Comedy
28361,Slice of Life
42948,Comedy
42948,Slice of Life
28293,Adventure
8258,Comedy
8258,Romance
8244,Comedy
42967,Comedy
28201,Action
28201,Adventure
28201,Sci-Fi
42969,Comedy
42969,Fantasy
8229,Fantasy
42979,Action
28145,Action
28145,Adventure
28145,Sci-Fi
28119,Drama
28117,Horror
28111,Drama
28109,Drama
8205,Comedy
8205,Fantasy
28101,Comedy
28099,Adventure
28097,Adventure
42998,Comedy
42998,Supernatural
8192,Comedy
8192,Sci-Fi
8191,Comedy
8191,Sci-Fi
28089,Comedy
28087,Horror
43011,Supernatural
8179,Comedy
8179,Sports
43196,Fantasy
43207,Slice of Life
28019,Action
28019,Mystery
8143,Comedy
27965,Adventure
27965,Fantasy
43217,Comedy
27963,Gourmet
27943,Action
27943,Adventure
27921,Drama
27847,Fantasy
27847,Supernatural
27839,Drama
7982,Adventure
27723,Fantasy
27683,Comedy
27683,Fantasy
27681,Comedy
27681,Slice of Life
7856,Avant Garde
27579,Drama
27577,Sports
27571,Comedy
27571,Fantasy
27561,Comedy
27561,Sports
27557,Comedy
27557,Drama
27551,Comedy
27521,Comedy
27501,Adventure
27501,Fantasy
7781,Romance
7781,Sci-Fi
27497,Adventure
27497,Fantasy
27493,Comedy
27493,Fantasy
27491,Comedy
27491,Fantasy
35594,Action
35594,Fantasy
43288,Comedy
43297,Adventure
43297,Mystery
27399,Comedy
27393,Adventure
43309,Action
43309,Fantasy
27389,Fantasy
27379,Adventure
27379,Sci-Fi
7715,Fantasy
27375,Drama
27373,Comedy
27373,Fantasy
27371,Comedy
27371,Fantasy
27369,Adventure
27369,Comedy
27369,Fantasy
43321,Comedy
43322,Sci-Fi
26341,Drama
26339,Drama
26337,Drama
26337,Fantasy
43329,Comedy
26335,Drama
26333,Drama
43333,Comedy
26331,Comedy
26331,Drama
26329,Drama
26327,Drama
26325,Drama
26323,Drama
26321,Drama
26319,Drama
26317,Comedy
26317,Supernatural
26315,Drama
7646,Comedy
26311,Drama
26309,Drama
7639,Adventure
7639,Fantasy
26307,Drama
26305,Drama
7629,Comedy
7629,Drama
7629,Slice of Life
26301,Drama
26299,Drama
26297,Drama
26295,Drama
26291,Drama
26289,Drama
26287,Comedy
26285,Drama
26283,Drama
26281,Drama
26277,Drama
26275,Drama
26271,Drama
26269,Drama
43356,Comedy
26267,Drama
26265,Drama
26265,Romance
26263,Drama
26261,Drama
26259,Drama
26255,Drama
26253,Drama
26251,Drama
26249,Drama
26247,Drama
26241,Drama
26239,Drama
26237,Drama
26235,Drama
26233,Drama
7531,Supernatural
26231,Drama
26229,Drama
7529,Comedy
26227,Drama
26225,Drama
7527,Action
26223,Drama
7526,Fantasy
26219,Drama
7525,Sports
26217,Drama
26209,Action
26199,Adventure
26163,Slice of Life
7495,Supernatural
26133,Fantasy
26119,Drama
43387,Adventure
43387,Fantasy
26115,Drama
26113,Drama
26109,Drama
26107,Drama
26105,Drama
26103,Drama
26101,Drama
26099,Drama
26097,Drama
26095,Drama
26093,Drama
26091,Drama
26087,Fantasy
26043,Drama
26043,Fantasy
26043,Romance
7419,Action
7419,Adventure
7419,Comedy
7419,Fantasy
7419,Sci-Fi
43412,Sports
25987,Comedy
43416,Comedy
43428,Avant Garde
43429,Avant Garde
43430,Avant Garde
43431,Avant Garde
43434,Action
43434,Adventure
25815,Action
25815,Comedy
25815,Romance
25809,Comedy
7211,Comedy
7189,Comedy
25633,Adventure
25623,Drama
25623,Romance
25607,Adventure
25607,Fantasy
25605,Drama
25601,Drama
25601,Slice of Life
25597,Comedy
25597,Fantasy
25589,Comedy
25589,Slice of Life
25547,Comedy
25503,Adventure
25305,Drama
25301,Drama
25301,Slice of Life
25299,Drama
25299,Sports
43532,Adventure
25193,Fantasy
25139,Comedy
25139,Gourmet
25139,Slice of Life
25109,Slice of Life
25081,Adventure
25081,Drama
25075,Drama
25075,Slice of Life
25073,Adventure
25073,Drama
25073,Slice of Life
25071,Adventure
25071,Drama
25071,Slice of Life
25063,Comedy
25063,Drama
25061,Comedy
25061,Ecchi
25059,Comedy
25059,Fantasy
25057,Comedy
25057,Drama
25051,Sports
25035,Drama
24981,Comedy
24977,Comedy
24969,Comedy
24969,Slice of Life
24927,Adventure
43581,Adventure
43581,Fantasy
24923,Adventure
24865,Slice of Life
24857,Comedy
24845,Comedy
24839,Comedy
24809,Comedy
24797,Comedy
24775,Slice of Life
24683,Comedy
24669,Adventure
24669,Fantasy
24573,Comedy
24549,Drama
24549,Sports
24501,Comedy
24465,Comedy
43651,Avant Garde
43653,Comedy
6687,Comedy
24403,Comedy
24121,Comedy
24121,Slice of Life
24085,Drama
43684,Action
43684,Comedy
43684,Fantasy
24041,Adventure
24041,Comedy
24019,Fantasy
43702,Action
43702,Adventure
6528,Comedy
43703,Action
43703,Adventure
23979,Slice of Life
23973,Slice of Life
23971,Comedy
23969,Comedy
23967,Adventure
43729,Action
43729,Fantasy
23911,Adventure
23911,Sci-Fi
23889,Comedy
43761,Comedy
23869,Slice of Life
23867,Comedy
23865,Comedy
23863,Adventure
23861,Drama
23857,Action
43772,Adventure
43772,Drama
43772,Fantasy
43778,Adventure
43778,Comedy
23819,Action
23819,Adventure
23815,Comedy
23815,Fantasy
23801,Adventure
23801,Fantasy
23801,Mystery
23801,Sci-Fi
23769,Comedy
23729,Comedy
23729,Fantasy
23727,Fantasy
23723,Action
23723,Comedy
43807,Comedy
23713,Fantasy
23699,Action
23675,Fantasy
23651,Comedy
23641,Fantasy
43982,Comedy
43982,Sports
43983,Adventure
43983,Comedy
43984,Adventure
43984,Comedy
23611,Adventure
43985,Adventure
43985,Comedy
23609,Comedy
23609,Ecchi
23607,Comedy
23607,Ecchi
43986,Adventure
43986,Comedy
43987,Adventure
43987,Comedy
43988,Adventure
43988,Comedy
23593,Drama
43989,Adventure
43989,Comedy
43990,Adventure
43990,Comedy
43991,Adventure
43991,Comedy
43992,Adventure
43992,Comedy
23575,Comedy
43993,Adventure
43993,Comedy
23555,Fantasy
43994,Adventure
43994,Comedy
43995,Adventure
43995,Comedy
23537,Sports
23523,Action
23523,Fantasy
43996,Adventure
43996,Comedy
43997,Adventure
43997,Comedy
43998,Adventure
43998,Comedy
6206,Comedy
43999,Adventure
43999,Comedy
44000,Adventure
44000,Comedy
44001,Adventure
44001,Comedy
44002,Adventure
44002,Comedy
44003,Adventure
44003,Comedy
44004,Adventure
44004,Comedy
44005,Adventure
44005,Comedy
44006,Comedy
44006,Romance
23407,Drama
44007,Adventure
44007,Comedy
44008,Adventure
44008,Comedy
44009,Adventure
44009,Comedy
44010,Adventure
44010,Comedy
44011,Adventure
44011,Comedy
44012,Adventure
44012,Comedy
44013,Adventure
44013,Comedy
44014,Sports
44026,Comedy
44026,Slice of Life
6150,Slice of Life
23347,Comedy
23315,Comedy
44053,Action
44060,Action
44060,Fantasy
44060,Romance
6063,Comedy
23191,Comedy
23187,Comedy
23185,Comedy
23183,Comedy
6018,Drama
44096,Action
44096,Fantasy
44096,Romance
23125,Slice of Life
23085,Comedy
23085,Slice of Life
23031,Drama
23031,Slice of Life
23015,Adventure
23015,Comedy
23011,Sports
23009,Adventure
23007,Adventure
44159,Adventure
23003,Slice of Life
22997,Action
22997,Sci-Fi
22995,Slice of Life
22993,Comedy
22993,Slice of Life
22991,Comedy
22991,Slice of Life
22991,Supernatural
44167,Drama
22973,Action
22959,Comedy
22959,Slice of Life
44178,Fantasy
22893,Romance
22887,Adventure
22851,Comedy
22851,Sports
44209,Fantasy
22845,Comedy
22791,Drama
22791,Slice of Life
44225,Adventure
44225,Fantasy
44228,Comedy
44245,Comedy
22711,Comedy
22709,Comedy
5841,Comedy
22653,Fantasy
22651,Fantasy
44399,Action
44399,Adventure
22645,Adventure
5810,Comedy
22643,Fantasy
22641,Supernatural
22633,Comedy
44543,Action
44543,Fantasy
44544,Action
44544,Fantasy
44545,Action
44545,Fantasy
22597,Comedy
44571,Action
44571,Adventure
44571,Fantasy
44571,Sci-Fi
22595,Comedy
22585,Comedy
44587,Adventure
44587,Fantasy
44615,Action
44615,Adventure
44615,Fantasy
44634,Action
44634,Adventure
44634,Fantasy
44702,Slice of Life
44846,Drama
44846,Fantasy
44847,Fantasy
22465,Fantasy
22465,Slice of Life
45040,Action
45040,Adventure
45040,Fantasy
45078,Adventure
45078,Fantasy
45169,Action
45169,Adventure
45169,Fantasy
45246,Adventure
45246,Comedy
45246,Fantasy
45246,Sci-Fi
45262,Adventure
45262,Fantasy
45302,Adventure
45302,Sci-Fi
45304,Fantasy
45444,Action
45444,Sci-Fi
22325,Slice of Life
45445,Action
45445,Sci-Fi
22313,Action
45447,Action
45447,Sci-Fi
45448,Action
45448,Fantasy
45517,Comedy
45517,Slice of Life
22247,Comedy
45519,Comedy
45519,Slice of Life
45520,Adventure
45521,Comedy
45521,Slice of Life
5473,Comedy
5473,Slice of Life
45522,Comedy
45522,Sci-Fi
22219,Comedy
22219,Slice of Life
45523,Comedy
5468,Mystery
5468,Slice of Life
45524,Comedy
45524,Sci-Fi
22197,Sports
45525,Adventure
45526,Adventure
45526,Comedy
45527,Adventure
45527,Comedy
45528,Adventure
45528,Comedy
45529,Adventure
45529,Comedy
45530,Adventure
45530,Comedy
45531,Adventure
45531,Comedy
45532,Comedy
45533,Fantasy
45534,Adventure
45534,Comedy
45535,Comedy
5374,Gourmet
5374,Slice of Life
45536,Comedy
45538,Fantasy
45540,Fantasy
22111,Sports
22065,Action
22065,Adventure
22065,Comedy
22037,Comedy
22037,Fantasy
22037,Sci-Fi
22035,Comedy
22035,Fantasy
45583,Avant Garde
21975,Comedy
21975,Fantasy
21973,Comedy
21973,Fantasy
21963,Comedy
21963,Fantasy
21961,Comedy
21961,Fantasy
21957,Comedy
21957,Fantasy
21955,Comedy
21955,Fantasy
21953,Comedy
21953,Fantasy
21951,Comedy
21951,Fantasy
21945,Comedy
21945,Fantasy
21941,Comedy
21941,Fantasy
21935,Comedy
21935,Fantasy
21933,Comedy
21933,Fantasy
21913,Comedy
45645,Adventure
45645,Drama
5184,Adventure
5184,Comedy
45704,Slice of Life
21551,Sci-Fi
21549,Comedy
21549,Slice of Life
21547,Action
21547,Comedy
21547,Fantasy
21545,Action
21545,Comedy
21545,Fantasy
5089,Comedy
21509,Adventure
21509,Comedy
21509,Fantasy
45780,Adventure
45780,Fantasy
45781,Action
21485,Adventure
21485,Slice of Life
21483,Comedy
21483,Slice of Life
45815,Action
45815,Adventure
45815,Sci-Fi
21447,Adventure
21447,Mystery
45820,Action
21297,Comedy
21297,Fantasy
21277,Comedy
45935,Suspense
45997,Supernatural
21161,Comedy
4940,Action
4940,Adventure
21101,Adventure
46150,Comedy
21053,Comedy
21021,Adventure
21021,Fantasy
21021,Sci-Fi
21019,Fantasy
20963,Adventure
20963,Comedy
20963,Fantasy
46324,Sports
46588,Avant Garde
20755,Slice of Life
46630,Comedy
46704,Fantasy
46727,Comedy
4684,Fantasy
46808,Comedy
46808,Fantasy
20499,Drama
46973,Supernatural
20453,Comedy
47022,Drama
47022,Fantasy
4621,Drama
4621,Sports
20383,Comedy
20383,Fantasy
47143,Comedy
47158,Comedy
47158,Romance
20241,Comedy
20241,Slice of Life
20239,Comedy
20239,Slice of Life
20237,Sports
20233,Comedy
20233,Sci-Fi
20231,Drama
20231,Fantasy
20229,Drama
20227,Drama
20223,Drama
4547,Sci-Fi
4544,Fantasy
20205,Drama
20205,Slice of Life
20201,Comedy
20201,Gourmet
20199,Comedy
47270,Comedy
47270,Slice of Life
20173,Adventure
20173,Fantasy
20147,Adventure
20147,Comedy
20147,Slice of Life
20143,Drama
20143,Sports
20123,Comedy
20123,Slice of Life
47425,Comedy
20111,Adventure
20111,Sci-Fi
47542,Comedy
47542,Slice of Life
20095,Comedy
20095,Slice of Life
20085,Comedy
20081,Comedy
20081,Slice of Life
20079,Comedy
20079,Slice of Life
20077,Comedy
20077,Slice of Life
47634,Action
47728,Comedy
20027,Adventure
20027,Fantasy
20025,Comedy
20023,Comedy
47758,Comedy
20005,Comedy
47760,Comedy
20003,Slice of Life
20001,Comedy
20001,Slice of Life
19995,Adventure
19995,Sci-Fi
19993,Adventure
19993,Comedy
4417,Comedy
19991,Comedy
19991,Mystery
47765,Comedy
19987,Adventure
19987,Comedy
19983,Action
19983,Adventure
19981,Adventure
47769,Adventure
47769,Comedy
19965,Adventure
19965,Fantasy
47776,Adventure
47776,Sci-Fi
19943,Drama
19943,Sports
19941,Drama
47791,Adventure
47791,Fantasy
19909,Drama
19909,Fantasy
19905,Drama
19905,Slice of Life
19901,Comedy
19899,Adventure
19899,Sci-Fi
19887,Sports
19873,Comedy
19873,Sci-Fi
47945,Adventure
19817,Slice of Life
19783,Action
19783,Comedy
47952,Fantasy
19753,Action
19753,Comedy
19751,Comedy
19749,Action
19749,Comedy
19745,Action
19745,Comedy
19729,Action
19729,Comedy
19717,Action
19717,Comedy
19695,Drama
47982,Slice of Life
19583,Comedy
19559,Comedy
19559,Romance
47997,Fantasy
47997,Sci-Fi
19555,Action
19555,Drama
19547,Action
19535,Comedy
48002,Comedy
19517,Fantasy
19517,Sci-Fi
48003,Comedy
19513,Horror
48004,Comedy
19501,Comedy
48006,Fantasy
19497,Fantasy
19467,Comedy
19467,Drama
19463,Adventure
19463,Comedy
19457,Adventure
19445,Slice of Life
48023,Action
48023,Suspense
48024,Fantasy
48027,Adventure
48028,Fantasy
48030,Sci-Fi
48035,Sci-Fi
48045,Gourmet
19177,Drama
19167,Drama
48048,Fantasy
48054,Fantasy
48056,Drama
3973,Comedy
19063,Sports
48069,Fantasy
19049,Sports
48072,Comedy
18983,Sports
18967,Comedy
18967,Sci-Fi
18939,Adventure
18939,Comedy
18939,Fantasy
18919,Action
18919,Supernatural
18907,Comedy
18907,Slice of Life
18817,Comedy
18773,Comedy
48093,Adventure
48100,Sci-Fi
18731,Adventure
18731,Drama
18731,Supernatural
48102,Adventure
48113,Fantasy
48117,Comedy
18631,Comedy
18631,Drama
48120,Adventure
48120,Fantasy
48121,Adventure
48121,Fantasy
48121,Sci-Fi
48123,Action
48123,Comedy
48126,Comedy
48126,Sci-Fi
3828,Adventure
18583,Action
48128,Adventure
48129,Comedy
48130,Adventure
48130,Fantasy
18573,Slice of Life
48198,Adventure
48203,Action
48203,Sci-Fi
18527,Comedy
18527,Ecchi
48208,Comedy
48208,Sci-Fi
48221,Gourmet
48223,Comedy
48223,Fantasy
48231,Slice of Life
18475,Sports
18469,Comedy
18469,Slice of Life
48256,Comedy
48258,Comedy
48260,Adventure
48260,Comedy
48260,Fantasy
48260,Sci-Fi
48262,Action
48262,Adventure
48262,Sci-Fi
48287,Fantasy
48289,Comedy
18357,Comedy
18357,Fantasy
48290,Action
48290,Comedy
18355,Comedy
18355,Fantasy
18339,Comedy
18339,Sports
18329,Action
18329,Adventure
18329,Fantasy
18327,Sports
48301,Mystery
18325,Action
18325,Supernatural
18323,Drama
48303,Comedy
18319,Action
18319,Drama
18319,Sci-Fi
18317,Drama
18315,Action
18315,Adventure
18315,Sci-Fi
18313,Action
18313,Adventure
18313,Fantasy
18311,Action
18311,Adventure
18311,Fantasy
48307,Comedy
48307,Fantasy
48310,Adventure
18303,Action
18303,Adventure
18303,Sci-Fi
18301,Action
18301,Sci-Fi
18283,Action
18283,Adventure
18283,Sci-Fi
48317,Adventure
18269,Action
18269,Adventure
18269,Sci-Fi
48318,Action
48318,Drama
48318,Romance
48320,Adventure
48320,Fantasy
48321,Adventure
48322,Action
48322,Fantasy
48323,Comedy
48323,Supernatural
48324,Adventure
48324,Comedy
48325,Action
48325,Sci-Fi
48326,Action
48326,Sci-Fi
48327,Fantasy
48331,Action
48331,Sci-Fi
48332,Fantasy
48332,Sci-Fi
48333,Action
48333,Sci-Fi
48334,Fantasy
48335,Comedy
48337,Comedy
48338,Fantasy
48339,Fantasy
48340,Adventure
48340,Fantasy
48342,Adventure
48342,Mystery
48344,Comedy
48345,Comedy
48346,Comedy
48346,Slice of Life
18005,Sports
48347,Sports
48386,Drama
3575,Comedy
48420,Avant Garde
48420,Fantasy
48421,Drama
48421,Romance
3500,Comedy
17721,Drama
48486,Comedy
48486,Fantasy
48486,Mystery
48510,Action
48510,Comedy
17675,Adventure
17673,Fantasy
17667,Comedy
17665,Drama
17665,Sports
17657,Adventure
48539,Comedy
48539,Sci-Fi
48539,Slice of Life
17649,Action
17649,Comedy
17624,Adventure
17624,Comedy
17624,Sci-Fi
17623,Comedy
17619,Adventure
17619,Drama
17599,Comedy
17599,Sci-Fi
17487,Comedy
17487,Mystery
3414,Comedy
48594,Comedy
17457,Adventure
17457,Comedy
17423,Drama
17423,Slice of Life
3372,Adventure
48628,Comedy
48628,Slice of Life
17321,Sports
17317,Sports
17315,Sports
17313,Sports
48646,Slice of Life
48673,Action
48673,Sci-Fi
17263,Comedy
17217,Drama
48703,Drama
17213,Comedy
48749,Action
48749,Sci-Fi
48750,Action
48750,Sci-Fi
48751,Action
48751,Sci-Fi
48754,Action
48754,Adventure
48754,Fantasy
48754,Sci-Fi
17106,Slice of Life
17104,Sports
3243,Comedy
17102,Sports
17100,Sports
48770,Comedy
17006,Comedy
17006,Fantasy
17004,Comedy
17004,Fantasy
16994,Comedy
16994,Ecchi
48784,Comedy
48784,Fantasy
48784,Mystery
16988,Comedy
16988,Fantasy
48789,Comedy
48790,Comedy
16908,Comedy
48832,Romance
16838,Adventure
16834,Action
16834,Adventure
16832,Action
16832,Adventure
48844,Comedy
48844,Fantasy
16830,Action
16830,Adventure
16830,Sci-Fi
16828,Action
16824,Sports
16820,Action
16818,Action
16818,Adventure
16818,Sci-Fi
48851,Comedy
48851,Slice of Life
16816,Adventure
16814,Action
16814,Adventure
48852,Comedy
48852,Slice of Life
16810,Action
16810,Adventure
16810,Sci-Fi
16806,Action
16804,Action
16800,Action
16800,Adventure
16796,Action
16796,Sci-Fi
48866,Drama
48866,Fantasy
48866,Mystery
48866,Romance
16790,Action
16790,Sci-Fi
16788,Action
16788,Adventure
16784,Action
16784,Adventure
16784,Sci-Fi
